0,2772932315874641
0,4642419313479867
0,4901512077843061
0,49657560556375024
0,4805229408044091
0,4858083435374763
0,49919261490105016
0,47655176195332744
0,47254228814200894
0,44991504468402743
0,4805220784805662
0,5299154038946168
0,49648607464717165
0,5535124721947826
0,7534573500111965
0,9400426963729822
1,2178111199263069
1,6563819499329584
2,4691398129756705
4,424226081544434
15,70545916621923
10,532740281771309
3,7655209010797877
2,1577593229692504
1,4090370404815444
1,068292431769347
0,8678128434547243
0,8484676527580489
1,0136206766326572
1,2377600293995548
1,4168814919146182
1,6180208186495892
1,875000909993158
2,1545157870978193
2,382607329527033
2,7108937294162816
3,419968571340203
3,6651087204984396
4,534934865144026
6,171012247970639
11,813018665255791
39,27227199061098
4,901445575555229
1,8762679158779512
0,9449804350787632
0,6850721178523808
0,809849957893135
0,9099610883087904
1,06187710912408
1,1465469076947659
1,154326608099761
1,108806218793422
1,0166865588560046
0,9371818212385796
0,6975833349376206
0,5160285069561468
0,319299833051752
0,3427689149835261
0,9415708500472516
2,2829657803455965
5,666709440939251
41,03155114471267
12,508445149074083
6,297209115724122
4,411118861826299
3,472311157642224
2,8278073257662806
2,421428004755473
2,027891909010408
1,7050922711173226
1,480612223699129
1,2220371309329678
1,10581518858356
0,9764449880145566
1,0962991150691175
1,2211901167211332
1,5315671887711075
1,935876725904027
2,64604391476632
3,813978997986703
6,136113020043771
15,829173199840769
25,54529816602438
6,540410230455226
3,3634727375149334
2,1182778005498046
1,3645564530866565
0,8893615655784969
0,5045892088832682
0,3430100644578719
0,30055571930057406
0,37947063400855413
0,4612935056459758
0,5439150565585441
0,6412418676598285
0,723045945571754
0,7751251605535584
0,7808613031776521
0,766995186117138
0,722525829844678
0,682051843787664
0,6714384808409267
13,570982669067005
2,44865832693851
1,7028346037728472
1,5129818758855962
1,2685739804036398
1,2096314443866774
1,1652850599762181
1,0429502271714775
1,041945422383734
0,9373994608909034
0,9080466592783096
0,8181614867236382
0,7337510145474516
0,7404037215348274
0,6842321963535113
0,6117926012089074
0,6059187886828472
0,5916040056680604
0,6744575371395247
0,8109609729225983
1,5049364993580763
1,3552685468142764
0,4640251162180901
0,4561055657129725
0,5423999816530012
0,6181850312305781
0,7092320188775915
0,713723013550612
0,7330867908963075
0,7704222802926446
0,7867762063077073
0,8379918071005467
0,8201511620063964
0,8391676251122238
0,8348636168432413
0,7554267664932963
0,785988311188437
0,7355785184811697
0,6687452347857578
0,6316419127842946
0,6500968962185298
11,944206822079572
1,0160700184536444
0,7697035531575537
0,6405653474040889
0,5219178337982169
0,4252038889466447
0,2911956970872101
0,19777453187949404
0,12118959604745728
0,04239549199020042
0,09709396921127762
0,23188558618271973
0,3425592889921978
0,4857782510693574
0,6149908532711096
0,7546206565688693
1,0190390478930078
1,3289937814892099
1,8257629618972129
2,8817192803238667
7,646045789549478
9,039757866689385
2,4827373037419647
1,250781341399022
0,7276529739531661
0,4670618522053627
0,2752299791027016
0,1876520773381933
0,204158381284799
0,2331965606764634
0,27660156170522915
0,30729072153705306
0,3257509065296698
0,3120809211534069
0,33816385511095864
0,31566042337757316
0,2739924353510375
0,24588490601181356
0,13068985511153505
0,19224881314748357
0,7524718567261744
10,469554669106007
1,9108047234160552
1,1322516663509876
0,9030008105071181
0,7179244053158985
0,6166922802334349
0,5357789165346059
0,4343045485688088
0,3870524806799295
0,31634985599631904
0,25529597802836435
0,21904639511946655
0,18762964841823312
0,19035078494051333
0,2065537248500486
0,24875426746518858
0,3192245417786899
0,4343358926626027
0,6001357348244601
0,92246461773242
2,1531702585840407
4,840042586973985
0,8867011759734995
0,3981167882090688
0,22000164860519916
0,14821003387293355
0,11733662264382803
0,13519350789823575
0,13504522808460145
0,15455794237946022
0,16784124573553327
0,16601156327074174
0,17590780643527132
0,15257120474600822
0,1679512071152211
0,1251700625464266
0,1107776735734621
0,09800763455642174
0,08009972089031044
0,1326026032455272
0,317020552957697
1,444378888278048
0,7967706521911045
0,3905517234648891
0,2764164064615156
0,19710995801504852
0,17496451258370238
0,14951145254108375
0,13823348190793833
0,1384141478417151
0,1333688453412289
0,12553415657455014
0,13480510635487525
0,11168851718492964
0,12540671123752595
0,11676903606620477
0,10763517504855702
0,09869399109052751
0,0987798226452228
0,08863418302384023
0,0940784081148661
0,34108464231451363
0,8570897711968023
0,12477669853107574
0,08655813916050292
0,07449464360307813
0,0587371322738324
0,04917756116002541
0,03976777128103374
0,03362710361479686
0,044454650644813354
0,041869242799164694
0,05991626000195025
0,05052164284791142
0,06630061266741566
0,06687826767072622
0,07967437876153613
0,07966421335939551
0,08757516302452814
0,09478896207456455
0,09102849731066463
0,09916972179751252
0,5108772696384665
0,7859403465833836
0,06607532767584366
0,033742211825911084
0,018828272336957462
0,016561504298365795
0,020632461049152086
0,019212922819708947
0,020435700954581675
0,016544769792609628
0,027182077696178798
0,022913328456547307
0,0238697534126633
0,022264319886746833
0,026255975847323774
0,028542801314888767
0,032233953989347336
0,036590058553259176
0,04021554814164473
0,04044508908397559
0,07507119565322364
0,21476803500735617
0,18679519858554158
0,04227214700317596
0,028239802218010653
0,012790906790088147
0,02747968682315876
0,012596556834564171
0,013370601062631767
0,012597613044413236
0,00934585902380452
0,006936348910693974
0,01574696084094288
0,012393641601752393
0,012936670349930946
0,009989603945601354
0,010865344186813645
0,009397046311192966
0,007793376886961082
0,008042947636653745
0,014976964930939538
0,08416488039110219
0,2227154743259734
0,22697650196998942
0,0886665585615124
0,045939451197616506
0,029423503161439272
0,02502387046757319
0,01642203581516307
0,011300745417018587
0,010947793753703835
0,014351962518462227
0,01625629640882486
0,01618451117734075
0,01820989473309199
0,0131594154629479
0,017176100468493844
0,017474530292237278
0,015377704112717754
0,01137219646691313
0,0068467043814804535
0,015758940252502473
0,11039081694301342
0,483150696177175
0,22168242547628014
0,13046711572405642
0,08943936882186669
0,0699842312569997
0,061591954724224185
0,05926942958224663
0,0587078070246745
0,05793747206516228
0,06318057882565868
0,0751206259692075
0,07800277007848071
0,07692067183244149
0,050448356700239796
0,04205390242175609
0,03866953041483588
0,04010283940746371
0,04949063514987071
0,14511898193966977
0,22957103797083228
0,08537050785391642
0,142402164517908
0,15580762410878327
0,08090043213065978
0,050489548885451464
0,045609293182376706
0,03847226013497382
0,03652248377987569
0,031985107712325545
0,032287164892539515
0,030970427157710357
0,02889409922585191
0,028586093174410746
0,03125630551496539
0,03197375001705949
0,03997043854621605
0,041123657287643334
0,04937915862109011
0,05512944684267569
0,07617928167512987
0,059950270337773164
0,10654750362801153
0,2611313770308115
0,2199568784452552
0,0520871799256759
0,026612260597297165
0,01624637679694416
0,016754954928073103
0,017670278347830103
0,02448887979325469
0,018032352187519585
0,027718060347617254
0,031134822035460884
0,033415250167839014
0,03009791150584081
0,03874982266736145
0,04143186504197794
0,04673202308859339
0,05102990921855058
0,061887682437650055
0,09697076672851301
0,11155332081132159
0,1806689267471084
0,43773983006672895
0,5638846736323562
0,14114716689248163
0,0801470886344532
0,04713274795028566
0,025912881541135677
0,017625947700715766
0,015257667220142442
0,017473000967171203
0,024541953475458272
0,020614419888872273
0,026916951537237683
0,025914481231767563
0,03647087950355231
0,03398008602224681
0,037904142565749914
0,04457218991936993
0,053588009483225334
0,05592119450167712
0,07441834270428746
0,10370332066437139
0,18252921881093673
0,7754041364879036
0,08782535272942636
0,045334610048989935
0,025054417082142268
0,019529504268304108
0,010847567652740043
0,013796479698056295
0,015197689372560065
0,015810778587809354
0,018897803629267542
0,01642506056654124
0,014734272259042934
0,015195100990398329
0,005954509830122672
0,004664842782109292
0,004152775459335083
0,017762189740128914
0,01866634559996013
0,034945313438923445
0,06180248175359133
0,1186764868677953
0,5596886845426372
0,18205876420252917
0,10367358092880291
0,0731256648424205
0,056115738886582486
0,04278375561199517
0,03415223968798839
0,03526326406066519
0,02642051476522299
0,024861210607110974
0,018936710767289724
0,02125205577826005
0,01215366706893565
0,008023893991366498
0,00966812018951367
0,009136391069546614
0,010889635838125205
0,010027613558647492
0,025098084825227716
0,029789205237333128
0,04066497100678961
0,11568781936997179
0,21541390601374355
0,06873627161563009
0,04496709096561613
0,03354262028925091
0,022049279411215168
0,021651577943635997
0,017014560065067255
0,017562568209169297
0,01735213554195453
0,015755582652404728
0,014693385273923856
0,014671775583233338
0,015478414292145781
0,014785056797217791
0,014380802469344074
0,009357375218449572
0,010827968543806174
0,0089841729201057
0,014345427891626345
0,0231905771445061
0,01654647259745831
0,010436236207670755
0,02127251785002263
0,01611352798887534
0,013417398501598635
0,012213360991205121
0,012641891497024747
0,009761851141769962
0,014603011016972867
0,011704886218694215
0,011442746021906598
0,01116361817188097
0,0066806811212687615
0,017739969175894335
0,011037671904684215
0,013753475411000552
0,013506176371448816
0,010946712245934773
0,009822524205635456
0,014423305487965157
0,024475557821679008
0,03534739062002997
0,058866164480247105
0,08652920430874839
0,011834482416821411
0,0010329836748650388
0,004045770262747382
0,005238589445626387
0,004801465435501476
0,004013226837314205
0,0014628882704308492
0,0032772321628320596
0,00602316952262644
0,005953053872449914
0,006162925255375567
0,009795194377729738
0,007104771339829293
0,007402555230343203
0,010263299453077366
0,005109585573386731
0,013932249294942042
0,021103257346921964
0,02570323997959591
0,04185668256759883
0,11277002391014197
0,0788057769068122
0,02927169892062288
0,017404776909008286
0,011696590004068499
0,006046758900718999
0,004558024193058565
0,004804757980580054
0,0012545784599325368
0,0036350688805503895
0,001907110947461043
0,002674684005761285
0,004737376412064163
0,010127596747023003
0,005942023421082104
0,005710264925949195
0,002502482149412096
0,00754339953210741
0,01008290188298136
0,011954286244239902
0,012172837725757767
0,029463612551046205
0,09011322106408425
0,0434465378181945
0,022486235251887275
0,01197660510312307
0,006284581902150035
0,006205047607745658
0,00567548389219106
0,004736308866185741
0,0039029854494827274
0,001549492127996638
0,0013926012557971242
0,004331830506123739
0,004215056438017168
0,004521588679117414
0,001811321727892394
0,0076948785693445425
0,002017117492684932
0,00406216219425523
0,005815618543490788
0,007448968837767532
0,008045095694347726
0,015633536776302095
0,05342231668384545
0,026595528791435518
0,014086586637682008
0,011323027401739965
0,007799333896661082
0,0058975608962504485
0,008828630885373612
0,004189989223286592
0,0015558678018800101
0,0030285377161941196
0,0036505298722705496
0,005550849315554935
0,00489322630040905
0,0019552150133123687
0,0004119084533663893
0,0034344115124527526
0,0019355989059936
0,0030607556711770025
0,003507366578019797
0,0007196787584972544
0,0037047859984199708
0,001775228174958424
0,005021124842650736
0,006372907617899187
0,0021654180339201576
0,003484000613456932
0,0024433432204459594
0,0025016754980251507
0,003762818191585601
0,000930546258294362
0,0012806164057867864
0,005428373684032224
0,0039104926083868945
0,0019030700879959662
0,002232595701346403
0,0029955167045926244
0,002514108666009875
0,001238346536831668
0,0021519437733885285
0,00348800026261724
0,001309450225047504
0,000794781118587271
0,004791715224043329
0,00403161304605137
0,0009085876535392857
0,0014529145037439877
0,002015592030120082
0,003257830507496545
0,001487672250449219
0,004247783258140624
0,0015165119477173604
0,0013251490251699949
0,0024135074450975717
0,004474935622919488
0,004982026051802807
0,0032068994538633966
0,00019591385595782966
0,003067929992851441
0,0038480375843570652
0,003958840888854762
0,000473850072120546
0,002135755652894937
0,004404998397089167
0,004438151430707112
0,004723665580297173
0,0030674761496244526
0,003556225537647121
0,0058893172021308084
0,004358795498170268
0,003832574304876635
0,0015161205742587074
0,0016982150101631794
0,002740143529786215
0,0018726663744285277
0,003095264872461911
0,0018711367827068616
0,004730175636078928
0,0036983129265780556
0,0015552825448106747
0,004816763190660683
0,003353705940895298
0,0024925292273632934
0,0011212189416644788
0,002735366286018941
0,003937520456445308
0,004454147563115756
0,004557125587989007
0,00600633727007041
0,0064437609786533534
0,008584565034827222
0,005459531877562431
0,0033536195822649844
0,003012636726314283
0,00517010631106512
0,0050539900883283355
0,0007640098889551083
0,0019988341387344676
0,0025908447430756936
0,003090369993797211
0,0037427331446115582
0,004557304573299078
0,0016281306078915075
0,003678020657994637
0,0043123597694204735
0,001269514012390172
0,001441550762426301
0,002427479963253444
0,003219650257617784
0,0008848929461406459
0,002802449788087767
0,005249434026934979
0,011155304477000435
0,017733698227052473
0,007600802193655147
0,007583530504134927
0,004092621371269443
0,0007322853811300931
0,0033507561971658872
0,0055844506686408965
0,004204583958996989
0,0036675217746193985
0,0025390079724870247
0,003126795267749783
0,000854519658657796
0,0019417788783895626
0,002024851298503942
0,002081492161120407
0,0025752321661214957
0,0012827922213264663
0,006099051497310251
0,005506095477516457
0,008465536397395246
0,018056389356491963
0,02601709362965156
0,04741507064557322
0,06290638111613808
0,04670644821837737
0,014528794897828408
0,0037316362612843865
0,009480581969756176
0,0015111883104405078
0,004260865388915388
0,003836356948167868
0,005068111202352765
0,0035813145947703206
0,005446103178862148
0,003068487543273549
0,0015413414583163412
0,004038942186895876
0,00324397071783312
0,0036174081010105514
0,0029889085776631094
0,0027307638115503428
0,002258470246603157
0,0010404050923281591
0,0011328256062570535
0,003872146208399359
0,004526133723276065
0,002584112285964971
0,007002071413728416
0,002298185910430484
0,0017676607553896457
0,0017408265032164245
0,00259231512008969
0,0021195534788553314
0,00252178884369785
0,0008314203559269607
0,0037179319861362086
0,002008683384936755
0,0040311693213173055
0,002339242780659299
0,004947777483018908
0,0016122414089493333
0,002278123313896535
0,0026111543626565563
0,001869422418935717
0,004752619642589942
0,0014980182172854822
0,0014049734905607232
0,0026322147288206374
0,001733993388154591
0,0011509108452315041
0,0005853112490714798
0,003640562295768135
0,001918719067928704
0,002495247993290044
0,00202285753385787
0,001756997621597109
0,002713875731588971
0,0018041256551570121
0,003422171995880769
0,0006517592828687733
0,00419721068113463
0,002240206850810691
0,001678336627194491
0,002990309024014068
0,000998343823762778
0,0005104915864615454
0,0006195677825469878
0,0019198564025733537
0,002078543644143936
0,00129594614760016
0,0017107207985614132
0,0030984970325758105
0,0037303779403654856
0,0027247178058371186
0,0046950150526648615
0,002267571026783833
0,002510571137313384
0,0038766366686985537
0,0008193918557764117
0,001705280974156476
0,0017592996029175685
0,0016461705587230272
0,00151412251604111
0,0034106821937054718
0,0015864123660015242
0,0019281259943332316
0,0018969930990522259
0,004654280720456332
0,003516228626616009
0,0013155159661145804
0,001865852188060743
0,004041575660674666
0,001617934231716682
0,005157231651813274
0,0012171731119510851
0,0035503172063034182
0,0007682339897498862
0,0026395861565979145
0,0015688633634506526
0,0012054190611882486
0,00250336192151798
0,005178855207254666
0,002962028287617388
0,0020093692123253743
0,0021094965184323498
0,0020498092057962304
0,0003238016792335772
0,001347170019807368
0,0024263079154070947
0,0036823361360779523
0,0014117803210548796
0,003001886447971329
0,0008193847276243839
0,003034450056960483
0,0004270717566649215
0,0021144033095945773
0,002539796343650138
0,003836666901750652
0,0029086118015415312
0,0020525009604200994
0,003076133197496949
0,0036314576331849726
0,0033737419247118036
0,0019251521961819666
0,0011472425438419705
0,0028750870291175275
0,004639126064343853
0,0009868174331823026
0,00191118739011901
0,00025673667499337356
0,00548930837483455
0,003128574785705899
0,00048707783108429626
0,0020631858205120233
0,0020229645191326
0,003072086281117293
0,002786100274395298
0,0028205814477403777
0,0005790346040236717
0,005138872789318397
0,0010829942789260668
0,004131255299324254
0,002129807899453049
0,0024792677236936773
0,0016913265638252898
0,0025627079150193277
0,002813639819595119
0,003170616057681329
0,0006022511326402567
0,00576268590066526
0,0018232954285360696
0,0017069051525158089
0,0004467580480904617
0,002413031698585705
0,002192647849985101
0,0010239037361431938
0,001049077321080406
0,0011827321786500831
0,003936424311263538
0,0006119165277149199
0,002466559995564531
0,0016842700811831308
0,00145835631906742
0,0004901763190638084
0,004217889114334975
0,0033008927811564548
0,0009153054650909987
0,00048404964043993607
0,0015126388826665477
0,001175004843185753
0,0013429807519334004
0,0016374521707329664
0,0013094505182602717
0,0021598599044116876
0,002898124831143204
0,001240551959499756
0,001420677688395391
0,002115260957203272
0,000999092146141364
0,0003139097174375485
0,00019058493382427948
0,00018908382511460283
0,0012092494036747936
0,002308819028856864
0,001527127197573721
0,0005814871253225857
0,001878035361906866
0,0016644322780331032
0,0008719800870214003
0,0010513565851882616
0,0008651176594508482
0,00039241818865889787
0,0008313904347774655
0,0011583016922823831
0,001473955960734058
0,001721020849090157
0,0011914835542101306
0,00043508103808153595
0,0012121140838408206
0,0011612960277566076
0,0006462938030163373
0,0015675543339349538
0,0019463150380072162
0,0012536746197238861
0,0012150862679055875
0,0017894044782971882
0,001323608194838991
0,00046493634264956063
0,000839072254131404
0,0013806932240598459
0,0014157057121496693
0,0012221997043448264
0,0014904192549063738
0,002156532306487878
0,0022780346287589732
0,001717504395781512
0,0011966744998319733
0,0011835827700161779
0,000897289871372133
0,0006066889768588636
0,00019269006671850637
0,0006479272308757905
0,001220790890988412
0,0011369069157750088
0,0014652168085264117
0,0016129640233035294
0,0012504824742661346
0,001263478818497968
0,0009539205364503116
0,0012211989868186948
0,0012962250919442094
0,0007195707029060736
0,0009414142030486289
0,0007380074256176679
0,00037868683346245404
8,530329975526509e-05
0,000952978566073283
0,0008146489432322031
0,0005556401433905165
0,0012610444756053496
0,00043340558563763093
0,0015393600742366095
0,0013719753459699453
0,0005830905877577929
0,0014532793726917048
0,0009805700284122127
0,00021691322219076264
0,0010999288855186396
0,001514319252089521
0,0004273713174792575
0,001684049769499261
0,002099727418134204
0,0006663843974605656
0,001522640637683594
0,00184472616815556
0,0009753822775787948
0,0006196886077577758
0,001987522015307745
0,0017245582196529462
0,0002802324847946238
0,0014959773120857896
0,0011726023456291306
0,0008171178146903844
0,0006447797911825817
0,0009516431357224
0,0010184574655140875
0,0009058698383523934
0,001213373828308844
5,815846406038263e-05
0,0015386349025748181
0,001722310883568029
0,00043373170613034324
0,0011441740799632383
0,001694967893194107
0,0012522574472783965
0,00011005305348413171
0,0012552383558064935
0,0018736162894662201
0,0012411481634041835
0,0008301630600760068
0,0017518560431006563
0,001199936714615701
0,00019710167692074996
0,00043279541808412605
0,0009527201502269671
0,0017330989317365694
0,000861754518520241
0,0016566573028540792
0,0017955850328832835
0,00044725454857131024
0,0011856167794323455
0,000762730904021181
0,0005229019435369956
0,0011592785781861133
0,0005461328707370903
0,0008046117225804938
0,0008287471915537808
0,00035890460027148075
0,0008665724166742329
0,001433518560053369
0,0006773311228556859
0,0012525226258783336
0,001290869532429484
0,0009026893397339669
0,0015313950346573704
0,001765627092199737
0,0013292857306204876
0,0013833734528338015
0,001739062097533557
0,0025355110470236643
0,0022501961900887033
0,0017652169283817307
0,001279388374455132
0,0003456013362697417
0,0014049221786719122
0,0017438308914279766
0,0012654676530623069
0,001074053737553086
0,00039244127460973224
0,001286757373942358
0,0018187775652747662
0,0006654675390422675
0,0010356766716440417
0,0022791780305274015
0,0016980506097053459
0,0011862666335711294
0,0012057423050068322
0,0014713298018049405
0,0018207261392384892
0,001086897837816624
0,0012060730863976768
0,0017276674888509942
0,0014249779606523522
0,0016153324111794123
0,0018082176467444212
0,0017006714435910486
0,00108726136473816
0,00206107817832443
0,0007721263597818244
0,0016873962174283426
0,0012112679491040985
0,0027034297256702325
0,0018365020563975581
0,0014821265185059069
0,0010614085732574877
0,0016864624601015193
0,0032510768822255265
0,0009507127271387651
0,0023756503226975956
0,0012808553471024462
0,0010593947888917342
0,003755758996423691
0,0008324065241872068
0,0006206344083434106
0,003947416414337426
0,0013520461785263825
0,005030764647678817
0,0033122881741883626
0,0021198434612671193
0,006966896800470272
0,004974643141074799
0,008153189489803014
0,006290512679880713
0,006832584137499669
0,00482669974387678
0,00510261875438876
0,0071933658782417365
0,00376640127218045
0,0055887293926865774
0,0012323486326588765
0,0009624794413262993
0,0036103056503059526
0,0013047977317893961
0,002266149307524362
0,001794469671832133
0,000550763697019986
0,001971905583101477
0,001292413477395769
0,0013466738565404502
0,002896469432738131
0,001943924941625598
0,0023554856097675776
0,0005207928063884612
0,0016277115183452994
0,0037068407020883682
0,004725444320966494
0,005800218402502449
0,005817175107892993
0,005081120563195754
0,0040915262354954615
0,0025015468691257183
0,0009577564050844672
0,00038993827624784246
0,0013080856846663645
0,0015578286526850178
0,001712924911957699
0,0014938250114328484
0,0015983075596538335
0,0013145397833498036
0,0014445831582869622
0,0013279044619512546
0,0013304784887747396
0,0005883807770133739
0,000345397675908561
0,001235835344028303
0,0019482600097375843
0,002557993328726413
0,002256715336899114
0,0017102051891759928
0,0012532540456831017
0,0018106567761148591
0,002829200960086534
0,0034792973029126187
0,003607429402578255
0,003164181704850901
0,0023990182386106357
0,0014628703490250417
0,0008479030458786724
0,0007849262232266254
0,0008903049648349389
0,0011440643434662157
0,0011917324554370295
0,001246992792161377
0,001126601384686753
0,001110598376140827
0,0013238843077198665
0,0016559863017575698
0,0019745915188642805
0,002021918900770983
0,0018745754723471513
0,0016254730356833665
0,0013358824153299192
0,0011096460831433138
0,0008537972444065551
0,0005934312562490559
0,0003510175222467164
0,00021404017021258684
0,0001326320671578482
0,00018922547066398308
0,0003694297123815803
0,0005439006710361111
0,0007177905025229996
0,0008136446533404968
0,0009849188336531255
0,0012811535820771553
0,0014600278483759607
0,0016005619219466862
0,0015887000886617173
0,001468135287330667
0,0014006261436550478
0,0013571536381759553
0,001420285264483201
0,001535513409012474
0,0016118853229383583
0,0016507073928740245
0,001623323137686016
0,0015244290321558109
0,00135770377137404
0,0012104842176165714
0,0011355220389648124
0,0011914826043121088
0,0013164725606684823
0,001407681265528901
0,0014366541611467777
0,0013398188030059723
0,0011451055903434978
0,0008139987448231961
0,0004171399017414377
0,00024224898595332598
0,0006222671666907116
0,0009596586058839442
0,0012362251561190427
0,0013701735276956532
0,0014121715080042119
0,0013750848218181055
0,0012538927234535997
0,0010704274148129248
0,0008284721457112905
0,0005576744788983235
0,0003743734808980418
0,0005483427882905558
0,0009267355561134289
0,0013427688404876752
0,00178685165893694
0,0022054020785632587
0,0025958394506694505
0,00290846329790014
0,0030720404548798728
0,0030794868618792925
0,0028927849612096755
0,0025402163931409296
0,002116043706088079
0,0015754421526413338
0,0010558692195677302
0,0006007604424652241
0,00027589141193612904
0,0002739766694348335
0,0005084173870032844
0,0007859700306468272
0,0010671143135120421
0,001299849854498613
0,001394626041555763
0,0014381047107503127
0,0011962158304637135
0,0007882048167579381
0,0002479106639222927
0,0003645484386150973
0,0009475369427854286
0,001439534634739237
0,0017917522577447392
0,001995775750693609
0,002047249256701779
0,002086482324829387
0,002061009929412063
0,002027096903414548
0,001975631093437619
0,0019004547001456051
0,0018262250821889192
0,0018058349326399643
0,00187395486696068
0,0019935196047764572
0,0020760476751468964
0,002033831412067233
0,0018207582655483162
0,0014342882837282361
0,0009248306600339983
0,0004120697846573547
0,00039747264126629826
0,0007734931313307691
0,0010303577031559978
0,0010936516961391727
0,0009644725974629417
0,0006940450259404084
0,0003439799525275654
0,0002370725637500875
0,0005218556734781118
0,0007723325943876044
0,0009182463058889134
0,0009601278681908425
0,0009297820004533741
0,0008771090756225531
0,0008560324039700878
0,0008501741964415341
0,0010587548705111422
0,0012015606123632072
0,0013509767371000369
0,0014688510918484281
0,0015285888425602778
0,001512021760662916
0,0014174746935693905
0,001257246969285304
0,0010577005433906014
0,0008544595980976166
0,0006859459449704667
0,000598912258341352
0,0006267310756418949
0,0007509649666457586
0,000924653855342123
0,0011014411664084006
0,0012430768039271586
0,0013204948217031896
0,0013170868597038707
0,001226735493050125
0,0011378546336897387
0,0009682801506079237
0,0008565608375647447
0,0008381803003284433
0,0009145956026836813
0,0010453769521863504
0,0011898933178165264
0,001322543118152898
0,0014262413559273511
0,0014872130558174772
0,0014997094969868869
0,0014541645880297566
0,0013577256028724158
0,0012187577706237248
0,0010519277345720588
0,0008753639677354618
0,0007065234162756864
0,0005644173945611737
0,00046930622609010915
0,0004389010522650089
0,00047309590258533285
0,0005615442789356821
0,0006905579119435624
0,000852413875019726
0,0010379891487694655
0,0012328301434351243
0,0014187679348239353
0,001574772052334309
0,001683220953695089
0,0017303131707980875
0,001707495417040415
0,0016149454006876528
0,0014531278488777051
0,0012348570230073948
0,0009750931270284667
0,0006966580770854458
0,0004340517956100144
0,00026390566205104836
0,00030215962264598683
0,0004317679214246134
0,0005309970873429585
0,0006050380950442128
0,0006115755185013147
0,0005873460188056641
0,0005456494819985091
0,0005010588065382973
0,00046247593722439256
0,0004314869076913075
0,0004043103326504065
0,0003780533544175681
0,00035312161480195183
0,000342999228984532
0,0003460544449578482
0,00036755988038836474
0,00039878196884225487
0,0004253638384955571
0,0004339434941415364
0,0004120697016656636
0,0003571926451831702
0,0002703438460987275
0,00016957822391944295
0,0001969906255445218
0,0002713711003874704
0,00043424717936174146
0,0005971563008657721
0,0007398458436043992
0,0008508432449868421
0,0009247780461585646
0,0009618734518293666
0,0009665184828527946
0,0009432013089675158
0,0008921302800561885
0,0008288013824604794
0,0007325789276312369
0,0006134988566667901
0,0004780984196566335
0,0003422244757654392
0,00022805985682521364
0,0001680413114664495
0,00016536910608548014
0,0001713087007340645
6,466839322151695e-05
0,0002249029347724113
0,00018510342448524347
0,00016386396907932472
0,00016796028368184886
0,00021376241191769173
0,00029521701763102383
0,00038956441391309587
0,00047245927668757904
0,00052346787849546
0,0005351207234784653
0,0005162275086257957
0,0005160219674411043
0,0005663995499052211
0,000664838142924717
0,0007632102984581082
0,0008104651462436905
0,0007777331814865286
0,0006554607902750167
0,0004696576596677956
0,00032152250270301477
0,0004142500883792528
0,0006383117853893738
0,000845407506507986
0,0009740611023625555
0,001001276041161382
0,000923710215495384
0,0007543709379065259
0,0005152905292886906
0,00023443048887794804
7,704976753660007e-05
0,0003661314316580087
0,000549484637309587
0,000724084295469849
0,0007962514735337701
0,000762169367059623
0,0006227032742054913
0,00039597415262393373
0,00013136819676724955
0,000232839536994804
0,0004982958372133868
0,0006879114403184486
0,0007925462588838888
0,0007665559771903474
0,000631230331954444
0,00041680427399870844
0,00017869122082936093
0,00015523730731467644
0,00033836264942547925
0,0004748805728741745
0,0005493668584075519
0,0005877259596669185
0,0006575450208501825
0,0007023202304824377
0,0007824839301140728
0,0008480962984714684
0,0008878342947242445
0,0009213292497721007
0,000985773097778037
0,001099209508908044
0,0012478205258257362
0,0013836946075052212
0,0014469680817850675
0,0014322013568023434
0,0013122290456818808
0,0011002036535098783
0,0008274005074486239
0,0005515175741252393
0,00039520007061667896
0,00048049341321866645
0,0006636856149134718
0,0008185654289166428
0,0009082354761723768
0,0009179086777127519
0,0008624126465722317
0,0007471984776949564
0,0005961344889803557
0,00045333792981169585
0,00041055124776306
0,0005144240237255043
0,000679497032501326
0,0008234072524767849
0,0009127318304330824
0,000893608791035528
0,0007974790520318225
0,0006285048637933099
0,0004272537543310867
0,0002826881779378054
0,00031436771783188635
0,0004236693844272627
0,00048459856201456193
0,00046227222541436194
0,00037354869543950196
0,00036735703282173335
0,0004690594718104593
0,0007200803300583417
0,0009776745186637218
0,0011798041267910904
0,0012855510250734514
0,0012756695395203898
0,001145447047017523
0,0009086906303892636
0,000602404739281016
0,00028216492148931124
0,00034156740264343566
0,000648813842002418
0,0009338925062426706
0,0011422232013749297
0,0012576086050800504
0,0012816642782972453
0,0012272161462005692
0,0011162924752652975
0,000975673853317975
0,000843906980811686
0,0006555934528761761
0,0005368915045122378
0,0004357236499625044
0,00039263406523226723
0,0004638650652519577
0,0006418586987976805
0,0008784525647675976
0,0011271076904785426
0,0013531291686775086
0,0015418153773117031
0,0016323696871570466
0,0016583941538918735
0,0016076630398161155
0,00149252130440069
0,0013317116193042142
0,0011480627934164567
0,0009637222431102405
0,0008027685881547147
0,0006922405119609197
0,0006621860856665237
0,0007934878324322824
0,0009190064272172513
0,0011295370083700949
0,0013590246067643494
0,0015722812058210657
0,001734175817680235
0,0018100223677894112
0,0017749242154875265
0,0016159435730029204
0,0013413893754619529
0,0009857295504175178
0,0006411502165454393
0,0005345137265219272
0,0007674033143011215
0,0010729595855200357
0,0013180618333129962
0,001465959794663309
0,0015156102261397201
0,001480611710076775
0,0013808271364662314
0,0012153848836825212
0,0011401004845918836
0,0010767686840161361
0,0011340010960124286
0,0012843621853952274
0,0014433584445574749
0,0015234906854401267
0,0014639398966766806
0,0012360491134290816
0,0008472560733224039
0,0003373297380166138
0,00022799953452755977
0,0007596335423696754
0,0011833968739369217
0,0014348243198123388
0,0014800402152924355
0,0013231868815019646
0,0010110420382377424
0,0006475979083820592
0,000481763479866557
0,0006822592939605921
0,0009403726997093188
0,0010784748107907022
0,0010694822974772176
0,0009259933571948659
0,000695670453570681
0,0004561934896800425
0,0003239386385327519
0,0003540307870072268
0,0004038732475089625
0,000379106768598671
0,0002640133291098663
9,205771254005732e-05
0,0001734052518587582
0,00040654656871709055
0,0006219463727395153
0,0007936259507142342
0,0009115817931203025
0,0009788484871061651
0,0010098236596378664
0,0010266218011564087
0,001048291259833803
0,0010891043648950673
0,001143439388325153
0,0012048520729735542
0,001268090291258459
0,0013346817055605886
0,001410196984837535
0,0014985919374556613
0,001596219756243102
0,001691494555078903
0,0017690106879246009
0,0018114285856058988
0,0018111378828484029
0,0017591669150989725
0,001654329764089768
0,0015004071078313537
0,0013034543343420743
0,0010719568659175503
0,0008179182551236396
0,000563375881390939
0,00038024209353097445
0,00039661128228928055
0,0006168949472183728
0,0008669361468280752
0,0010887346367371212
0,0012555044526116371
0,0013532070507026146
0,0013771848267992168
0,0013301265173309709
0,0012210361794233874
0,0010634182006868005
0,0008730875856943145
0,0007022329919783274
0,0006171392054147182
0,0006920777592631381
0,0008864340737989897
0,0011187599925884385
0,0013431118711801887
0,0015391092353294518
0,0016989487053725406
0,0018206787792190325
0,0017630421466216456
0,0017925997546519186
0,0016427346718805118
0,0013588901067272089
0,0009496727685747094
0,0004479368855365458
9,353476197443464e-05
0,0005985164316417056
0,0009988573193243453
0,0012335865857822817
0,0012750481470934125
0,0010945742323298117
0,000770814617039034
0,0004174165851400678
0,00044091960944855695
0,0007849615899578718
0,0010712386539523718
0,0012028045202406017
0,0011605535388570642
0,0009661279516627006
0,0006326171349802676
0,0004240784284433198
0,0002367901631174698
0,00024274388876890286
0,0002451295638576176
0,00014326667552189186
5,8032373818891134e-05
0,00030643668064708583
0,0005506243168092393
0,0007350864525150608
0,0008242685694278818
0,0007894785597277748
0,0006913865034867205
0,0005440467180340166
0,0004421400044958438
0,0004563638601535566
0,000535559301179809
0,0006010616117710369
0,0006097327095969717
0,0005521684036971383
0,00042855867565274046
0,00021937522462983926
3,457344349140423e-05
0,00033950266182537086
0,0006665261121476038
0,0009677780486149572
0,0011896186694032081
0,0012821122592582607
0,0012103950172393245
0,0009659173085094152
0,000571498007912558
7,960057059489277e-05
0,000417313825118095
0,0008775719240707434
0,0011988207020663826
0,0013341969616272407
0,0012649539239091645
0,0010114944337475354
0,0006215172484901805
0,00018166671836364538
0,00027359275407152036
0,0006001382835234363
0,0007834160879771036
0,0007997388542620029
0,0006682172391779305
0,00045655338501168996
0,0003358993396140666
0,0004707928119292224
0,0006628668984930652
0,0007768561964379877
0,0007799692601391941
0,0006917299947573736
0,0005459366452729037
0,000545774641262117
0,000644316204110147
0,0007875230990598638
0,0008920503727003569
0,0009226615098280657
0,0008785940800560694
0,000780853027130879
0,0006801048415729798
0,0006325872741623399
0,0006631724156798047
0,0007506727334735453
0,000842398990208857
0,0009111729835385496
0,0009518838021358652
0,0009732239929360497
0,000990487461224589
0,0010143861667430225
0,0010440346034545616
0,0010682057697154613
0,0010733853980338611
0,001050244140069986
0,0009959089680266187
0,0009151963219875783
0,0008095046743977672
0,000690886645226261
0,0005562180288642562
0,0004090517217973578
0,0002704306102883496
0,0002483762143120521
0,00042644140888793686
0,0006450010005651148
0,0008860830788335315
0,0010975268725887648
0,0012483261772122697
0,0013145746280218424
0,0012801894936372903
0,0011427301266212304
0,0009137283137881021
0,0006172557001018353
0,00028735051727215796
7,643092745841347e-05
0,00034522679121391575
0,0005881385632949211
0,0007735845859418945
0,0009111271327899446
0,0010189361456426085
0,0011116746982628486
0,001191579007506643
0,0012458823728846307
0,0012540646542429697
0,001267684165619612
0,0011651872013379186
0,0010374369234271157
0,0008845535401562192
0,0007220666331683348
0,0005603512105876744
0,00040200793916856043
0,00024486097402535544
0,00012076130548966973
0,00020108308890656235
0,0003669130288734225
0,0006404906985034212
0,0008241512718416873
0,0009912238294776643
0,0011211093549301178
0,0012081470913504148
0,0012525065026376238
0,0012623247938773944
0,0012489329362342155
0,0012253892593189946
0,0011982713129533357
0,0011974886517125338
0,0011997232567081742
0,0012149199544110108
0,0012345713364723193
0,001247222647291058
0,001237574861318399
0,0011914353100165103
0,0010991229677282629
0,0009573073566233747
0,0007716176891354807
0,0005572377349286863
0,0003291735740477721
0,0001249200042884853
0,00011537419240143917
0,0002405416766029342
0,00032626618632013854
0,00037485735440819407
0,00041697266731596333
0,0004868437189054445
0,0005937909257266469
0,0007174699861871054
0,0008092460512966885
0,000850601506921765
0,0008202140823200055
0,0007125171108136804
0,0005386584413936145
0,0003366639075833659
0,0002360696495000719
0,00037647746734252206
0,0005692863004571422
0,0006497655266643259
0,0008388161551205622
0,0008172358950783734
0,0007205280736026418
0,0005574974180267068
0,00035370092181261857
0,00014218652810054028
9,588370868290953e-05
0,00024839656636104607
0,0003608378277308714
0,000425488635493882
0,0004582608722353762
0,00048705195141332297
0,0005315153313042468
0,0005894369170835826
0,0006393781370681703
0,0006607418084696012
0,0006479202466184272
0,0006207805991601004
0,0006262379383051384
0,0007066907845309236
0,0008687880326383613
0,0010335171849044217
0,0011727679713574213
0,0012450932440366861
0,0012272615219089534
0,0011140772486723431
0,0009167089594490373
0,000670023253430255
0,00046189578495827506
0,0004688409728716884
0,0006828399061455901
0,0009265615753945461
0,00112356307811573
0,0012430820408229426
0,00127542092999503
0,0012220967737571777
0,0010947135920328565
0,000912976012921072
0,0007095698011751124
0,0005463440620175041
0,0005195673414426038
0,0006492742655945663
0,0008336718083193948
0,0009955094507000494
0,0010926004925303715
0,0011020574449394117
0,001016131046345761
0,0008460454815770711
0,0006370346130121587
0,0005147196884631041
0,000640028233138693
0,0009215353735591899
0,0012194264251031534
0,0014598440787634104
0,00160863236799248
0,0016505112265933972
0,0015882433218834982
0,0014387683830712897
0,001230276571593679
0,0009986510838610621
0,0007917040834605914
0,0005743690673805497
0,000466918797031553
0,0004280886352074063
0,00046173457850810047
0,0005539298955228285
0,0006794737706911341
0,0008085026303243796
0,0009104418823108767
0,0009609418061191406
0,0009443032466994051
0,0008572615055947223
0,0007214108486745496
0,0005730052589512412
0,0004999033692174857
0,0005714437639045208
0,0007338483670579651
0,0009026874156180288
0,0010313996121353313
0,0010978556884530051
0,0010994948838733219
0,0009524953571895234
0,000857410053887179
0,0006676343679071771
0,00043643585438874047
0,00018953755428449947
0,00014025584876398115
0,0003752449088031799
0,0005971221804209303
0,0007686608595009135
0,0008707269007640158
0,0008930595822606099
0,0008292326229523508
0,0006956634139027439
0,0005225308754394665
0,00038347822577647556
0,00040368157142424264
0,0005579059206038659
0,0007239635119777543
0,0008398953587310988
0,0008815676571133701
0,000849229720400117
0,0007419320455822502
0,0006102198400633298
0,0005044500461696064
0,0004908696223310662
0,0005667373985142745
0,0006628658653649252
0,0007255988837033783
0,0007298794045411918
0,0006702005242831938
0,0005584593888901304
0,00040521330963956195
0,00033359251592282824
0,00039236115262967494
0,0005493550245834291
0,0007229524175718432
0,0008673240930058675
0,0009656740287800982
0,0010135593165820896
0,0010193419945894937
0,0009904352547360391
0,0009397638058527175
0,0008633876843185814
0,0007968151362685279
0,0007564944276583784
0,0007410391522011111
0,0007258054375354854
0,0006744394180459016
0,0005681060262790884
0,00043657296272928673
0,0003806360170204165
0,000498512134966654
0,0006802086187540827
0,0009538343639463228
0,0012055656416009083
0,0013814279179869288
0,0014604411035303755
0,0014679977681579558
0,0014439296770423027
0,0013991253999415774
0,001321167529685679
0,0012084392457504985
0,0010783967151313714
0,0009532401294405181
0,0008356417452944432
0,0007071447237789979
0,0005597730859599415
0,00042596140177053403
0,00036361251219437256
0,0003857881798953746
0,00047280276041706805
0,0006067611454644203
0,0007663860311751914
0,0007945335182352728
0,0007840453267488381
0,000750756867449512
0,0007347497675414558
0,0007085529751322008
0,0006349537873323474
0,0005249882288547898
0,0004213742359851116
0,0003631892316519714
0,00032970022606682
0,0002880395728748406
0,00023916870957516295
0,00024284711287915058
0,0003054462437344249
0,0003754937421460197
0,0004427857063445563
0,0005119925784973287
0,000555203017361999
0,0005447148619139368
0,0005054827427441027
0,0005025618938844024
0,000531321382506713
0,0005329924360212304
0,0004870914700531682
0,0004562259420719399
0,0005221695206898794
0,0006793025933179688
0,0008491712699731569
0,0009676938771455253
0,001057199051256792
0,0010925417596935377
0,0011999182183196882
0,0013020552152690872
0,0013348996722637478
0,0012975759110128984
0,0012461273858430165
0,0012168326183993185
0,0011738104161853444
0,0010571370094128111
0,0008858777208813916
0,0007717162408973654
0,0008012827214235749
0,0007083145054101196
0,0003732828680706319
0,0003575719282423667
0,000873469266148518
0,0011396247991194586
0,000985411951150226
0,0005599753657793285
0,0006632109040452999
0,001145439925708431
0,0014626689320267733
0,001438208544882864
0,0010721795234036277
0,0004007729220796609
0,00044347064291721036
0,0011740226582978585
0,0015021326473721995
0,001316983150104985
0,0008849146445583716
0,0008258063844708627
0,0009393101077715651
0,000854563202842918
0,0009750269347376936
0,0013474362072700143
0,0013801314932226753
0,0009883918550120832
0,000958927467960057
0,0014046195309417614
0,0013524327447781003
0,0006101090752894232
0,0008090354383084641
0,0017687166148620396
0,0020177364256887056
0,0013986319020119437
0,0002823046395655173
0,0008303555455379264
0,0012963449399608733
0,0010869749001034114
0,0007356331268795832
0,0009225571247005507
0,0011071769058738914
0,0005826236356442231
0,00029757701181822336
0,0008275709952462321
0,0008985574204440378
0,00041874989764479617
0,000353733665148192
0,0010183584043796734
0,0012865183911943544
0,0011502672039798959
0,000937808526544068
0,0010168338829640244
0,0011659285905018537
0,0011263418418733311
0,0009260445288189051
0,0007247943160782583
0,0006601108788122658
0,0007594320517869069
0,0009526578686616468
0,0011435259687840322
0,0012621865857989864
0,001378616592607686
0,0014398769762268913
0,0014605324833052245
0,001421565027966086
0,0013496636572789232
0,0012681325070883313
0,0011446179980823797
0,0009535758868761303
0,0007301853107826673
0,0004987885689226618
0,00022723112309083662
0,00016421665308615432
0,00044496902093430505
0,0005523784947401334
0,00042310218314557706
0,00016849620321085103
8,990294092399609e-05
4,439619439064924e-05
0,00030362173982827325
0,0006883727164440429
0,000833022408906139
0,0006466211623895731
0,00019419961714181756
0,0005744272952058196
0,0009743935637297312
0,0010892059842783086
0,0012035146393735677
0,0015232144407968233
0,001735017368816591
0,0015731263200933192
0,0011075319969011288
0,0006434263230731185
0,0005732389653521192
0,0008637173039303315
0,001277252148121045
0,0016005818224543006
0,0016500832990438798
0,0014099977809880818
0,0010068913729492602
0,0005776451298389487
0,0004313788747316838
0,0008408027910845835
0,0012766945192896973
0,0015766551856328515
0,0017979007622338705
0,0019470246461168756
0,0018650522818607288
0,0014588244366790762
0,0009139980936630828
0,0006408479214546279
0,0005878160550057061
0,00043937246122444996
0,0005284036809068603
0,0007051006236181727
0,000577686594850174
0,000361960280800195
0,0006111086944528598
0,0006672449462903183
0,00029129106708638425
0,000687883439918666
0,001349377951686078
0,0014630168035869317
0,0009495946190982491
0,0004696436528341784
0,0010735102306305342
0,001286653871462122
0,0008115744017966369
0,0005496703870313325
0,0013743743650829587
0,001804344632754856
0,0015717159605410896
0,0009844342332007096
0,0008727916223970449
0,0010962635975915026
0,0009060279276483837
0,0006556369871510943
0,0013416092489567752
0,0020149700283862274
0,0020411205988160354
0,0012909546738549894
0,0006418080577819224
0,0017293728594420473
0,002656584728168001
0,0026582102556861895
0,001844198341663337
0,0008848538036820157
0,0010313226268385742
0,0012463063201956805
0,0008353275229580282
0,0006562918222053136
0,0013839552567913936
0,0018056474348699548
0,0017228574968345593
0,0013903139783007679
0,0012393007120883347
0,0012507873772485418
0,0011936851817087608
0,0011310903191232326
0,0011694644019785208
0,0012189694132397674
0,001208153365887011
0,0011624094440696863
0,0012143113558805217
0,0012507004735196935
0,0012971009429391068
0,0013206934935429278
0,0013163187987171219
0,0012894726621999705
0,0011976972851394903
0,000991039105459096
0,00072633070156947
0,0005628823287079506
0,0004761710916436393
0,00029120282546951355
5,772023064981134e-05
0,00043650500766786266
0,0007438077869192305
0,0009645558745067429
0,0011482581713675305
0,0012786215596363793
0,001269151116616077
0,0010743138366357842
0,0008725400048494292
0,0005174091936036438
0,00023745180378103206
0,00021266644016104943
0,0004326433440303836
0,0006451837550763021
0,000845792637673874
0,0010519096782080793
0,001222713915457955
0,0013066964072193734
0,001309198402398912
0,0012448278628269312
0,0011354270424920878
0,0009673872509388827
0,0007287862083622876
0,0004817140811336488
0,0003659637439484322
0,00040503588592491095
0,0004916896817376573
0,0005667096626089541
0,0005892656088445829
0,0006350217719838221
0,000599325407539357
0,0005418889721727265
0,0005575336986375341
0,0006730397827186945
0,000831770855931531
0,0009687243626849976
0,001054717967069169
0,001065148839369317
0,0009862992959393173
0,0008442182193868955
0,0008049419950530712
0,0008162447411684838
0,0008742536967475852
0,0009433773779580371
0,0009766180374606254
0,0009301472372176441
0,0008472751744066284
0,000807769004379549
0,0008356810159542267
0,0008825893384767099
0,0009115865296089218
0,000878658726837393
0,0007377819638682774
0,000495588191269128
0,00019168680593753133
0,0001864642142409557
0,0005294673214054392
0,0008420114471131192
0,0010888651826416516
0,0012234399246064814
0,0012555731901886746
0,0012516367605250201
0,0011755285102814088
0,001068532560011856
0,0010301194906452323
0,0010507595044243364
0,001072975747540572
0,0011188992315753585
0,0011939220722504474
0,001222110867358124
0,0011807632342220973
0,0011698758133416069
0,0011437421199012208
0,0010842966920443847
0,0010289475050633812
0,000950761257946803
0,000841065745211247
0,000708472872578311
0,00053221607757154
0,00036416452122573504
0,0002344675000283279
7,304377457955256e-05
9,65518771808602e-05
0,0001333755885126324
0,00020160087981402065
0,00021701515525766857
0,00023416224351387424
0,0003473030047201118
0,0005716264382215325
0,0006889121054723463
0,0007844954318702378
0,0008883562065444804
0,0008671507922386086
0,0007882247628340658
0,000753499486958508
0,0006406844088629904
0,0005372333833733894
0,00041171058417442034
0,00026855931741513983
8,029569382757102e-05
0,00015545930545491065
0,000318648122897889
0,00047824584711710067
0,0005945199592546531
0,00047662168406106294
0,0006170943685524174
0,0006116791663221385
0,0007605457067889761
0,0010774285394039656
0,0010161748855036523
0,0011609093818488769
0,0010494875944151352
0,0006444633458676333
0,0006427650661095592
0,000609732510050251
0,0009753186059878363
0,0012818629100297223
0,001367927099076916
0,0013668083424367087
0,0011453922337449764
0,0008881980026246779
0,0004723447339318854
0,000213819812931309
0,0003693001991482587
0,0006145318129184853
0,0012352611336830252
0,0011443059752430807
0,0008088250151360542
0,0015482663741152244
0,0015227482394803316
0,000396595991880718
0,0011278832352424237
0,0008559589758507262
0,0009825355259699326
0,0017401274445052028
0,0005631288458479176
0,0023904724499083582
0,0027700598940415843
0,0007677240239328481
0,002461678541189043
0,0021470990537746167
0,0005805259009684545
0,002301123304410703
0,000907919624663923
0,001916715783722237
0,0026509467906139345
0,0006724748970487902
0,0018950055812030151
0,0024119626194226453
0,0011657927191656586
0,001442198990256808
0,0021778864214461913
0,0012210751072300795
0,0016263742987358614
0,0023025680438225897
0,0005002909965199495
0,0022754334759837094
0,0023268862807681273
0,000393282044861826
0,002639876687034126
0,0017048511759992038
0,0012262822770565873
0,0025592464936888873
0,000796157853469971
0,0017578505243071695
0,0018565451544179435
0,0003450188066134416
0,001717215418555642
0,0009193391516750355
0,0009315344419492095
0,0013533112315931195
0,0003018892306518697
0,0009875983263918132
0,000674310095150022
0,00045405368788695735
0,0007650286720778099
0,0003184076736838475
0,0006708116200745066
0,0005710578326784752
0,0005865858615317953
0,0007666736562150905
0,0007691835972809485
0,0008720191645034031
0,000918789404152532
0,0010297924025334652
0,0009473603783420495
0,0010411184133819426
0,0011182917337650494
0,0008431325566167151
0,001032679788740141
0,0009187208147820441
0,0005407404643840633
0,0008353408546068359
0,0005263395449297672
0,0003272990763258874
0,0005995959901334171
0,0002591622406500241
0,0002403276157935541
0,000389230245946849
0,00040071149241234033
0,00014690372171944206
0,00042746438872588954
0,0005321906492352608
1,8073789155483146e-05
0,0005748061637752622
0,0005185099397414396
0,00020010536769200822
0,0006533791981891125
0,0004856992317432711
0,0003145552457449129
0,0006622911936159724
0,0004633329887702086
0,00044056720700848007
0,0006941416186375834
0,000511611704412916
0,0005588480811038772
0,0007018468117038238
0,0005147235844242755
0,0005362859237762419
0,0005427391371261133
0,00034770399443157885
0,0003205854681112045
0,0002268849921849364
9,712965611006268e-05
4,815637647984159e-05
0,00014117248749071542
0,0002862892150160574
0,0003620474173411209
0,0004551017724285992
0,0005324610806562505
0,0005643722350434841
0,0005988034676414756
0,0006282847832840365
0,000654580846810869
0,0006873144369715769
0,0007453484810296425
0,0008113850659908004
0,0008895801684691659
0,0009741218358961099
0,0010619039191711096
0,0011552733605313126
0,0012517575272411362
0,0013450999928573484
0,0013484102915349734
0,0015772515320207892
0,0016206779110978264
0,00163791182589516
0,0016086509541547516
0,0015240996773257913
0,0013805170100294553
0,0011794090806354822
0,000928098636317925
0,0006385617501434121
0,0003283563559311323
6,4532106991212e-05
0,0003200357565685704
0,0005990425147588752
0,0008371653444788227
0,0010233550885815695
0,001149864381423724
0,0012175865474211953
0,001228574608259367
0,0011910895463646456
0,0011205442597836382
0,0009961015993957974
0,0008903512249593028
0,0007775302702838878
0,000675726226532632
0,000592938768521345
0,0005327654926157141
0,0004950268429153709
0,0004770145627785603
0,0004756954314033161
0,0004883468828074974
0,0005058622533633513
0,0005659596359456156
0,0006018355592464246
0,0006399721420199968
0,0006691347583774994
0,0006823378878839395
0,0006745369170340428
0,0006419902897991247
0,0005887587829591878
0,0005247478706527777
0,00048354816376302743
0,000447452746489951
0,000488343725149244
0,0005738969089686984
0,0006756002335229125
0,0007684232042856616
0,0008346922573685079
0,000863278339245547
0,0008513695426596642
0,000799824120704175
0,0007185019832869732
0,0006094725326291827
0,000541742491241408
0,0005161078387643488
0,0005685293529088985
0,0006831782509970821
0,0008309368311629298
0,0009864820269894483
0,0011278801880591606
0,001246948948845287
0,001328450356383466
0,0013526847102572062
0,0013220883735910707
0,0012224594033966548
0,0010532792165833178
0,0008195592619338379
0,000533337186303046
0,0002170666530821579
0,00015152544213586742
0,0004624960620166085
0,0007452189597224754
0,0009667363374522482
0,0011077789327302535
0,0011572701732920558
0,0011153379892823883
0,0009938139861571074
0,0008212808091484357
0,0006532848276669691
0,0005821192091365895
0,0006655419707643426
0,0008320711448012669
0,0009954745524638322
0,0011029778015544784
0,0011319667411588143
0,0010744030079742788
0,0009356868826797574
0,0007361214393255142
0,0005192011903827305
0,000394920419369253
0,0004969969397008324
0,0007240139489601235
0,0009562487701805729
0,0011400188429399037
0,0012712172867521438
0,0013295612755947607
0,0013174071515432513
0,001244103917458037
0,0011187697643453593
0,0009628099365635676
0,0007980800506007125
0,0006517804419895352
0,0005489605628153108
0,0005567613107864077
0,0005656564793185761
0,0005993715114377301
0,000619275644110209
0,0006073968100428729
0,0005577338892760062
0,000473416110883011
0,0003665375205390694
0,0002712635174662526
0,0002593567726004054
0,0003610938491906415
0,000492738791316926
0,000630790382490655
0,0007439608758128464
0,0008200230987106977
0,000853546458945796
0,0008416008148536723
0,0007881909620436044
0,0007010490455391193
0,0005906752082274579
0,000484680184252144
0,0003878242311506082
0,0003534105774008497
0,0003791771677836815
0,0004366187473384018
0,0004950430664072985
0,0005381570956461645
0,00056053874938624
0,00056445973952714
0,0005566555561324223
0,000552085455389525
0,00043417742741955575
0,0004945546017291795
0,0004986213041273874
0,0004991453428213088
0,0004929382245108339
0,0004761236271576024
0,00044994622825307525
0,000417233036260695
0,0003895082137438517
0,0003809234682510427
0,00038507318642536976
0,000422484522023495
0,0004637683749709563
0,0004983191415996023
0,000516373873599279
0,0005118801050130926
0,0004822211155090582
0,00043020650995157666
0,0003601976503621628
0,0002795085499190542
0,00019186686221161033
0,00019318768823451692
0,0001784641471126531
0,00019708828779394747
0,00022037546296576447
0,00023639807550146708
0,0002466895191231022
0,00025890949547901804
0,00028254296346105523
0,0003205676931403174
0,00036727837465040756
0,0004128405298296899
0,0004483566979109037
0,00046511749052293897
0,0004585720346967813
0,0004265994060783974
0,000371065552377265
0,00029522274845472565
0,0002079415600851601
0,00013006381144964636
0,00012968699478621744
0,00019226951979403232
0,00030260924591738803
0,00040634559741379895
0,0005011136569215756
0,0005829048581320549
0,0006484232376565522
0,0006947466633699347
0,0007203175609852762
0,0007250056235725727
0,0007084829685394607
0,000682988195669606
0,0006530585250608616
0,0006338776635493011
0,0006412777424446516
0,0006824816556628123
0,0007550967320531711
0,0008472319855521172
0,0009464710387981143
0,0010411321518849486
0,0011225947757804544
0,001187006719739562
0,0012231516479951844
0,0012336151782794257
0,0012157884319651468
0,0011693569980430994
0,001094978082319433
0,0009954863835711458
0,0008749690248075925
0,0007398618802130619
0,0005990854616499717
0,0004646319979266549
0,0003616846292573364
0,00031858375802973755
0,0003472602534768288
0,00041920380709966005
0,0004997364437351866
0,0005711884798202596
0,0006250311250561672
0,0006576344709938417
0,0006688911021094538
0,0006657340982083274
0,0006128221246304716
0,0005693419046452199
0,0005092637384080393
0,00044159751278444317
0,0003730194210217161
0,00031142383562791616
0,0002656781563810762
0,00024300088984591874
0,00024754695486267565
0,00027396940952605537
0,00031047255571700557
0,00035927839063150456
0,0004100776991378078
0,0004604567467842764
0,0005045817037956662
0,0005360999605660647
0,0005489185278927159
0,0005391113448420659
0,0005010695237011001
0,0004373340272932292
0,0002822372448955524
0,00017176377021132957
8,004440207010587e-05
0,0002242322709921507
0,00042982844218530534
0,0006478437126903851
0,0008637928257377675
0,0010653724465980424
0,0012408790081215744
0,0013787868863080217
0,0014614344107265324
0,0015177074921926199
0,0015002651762621682
0,0014251409946631857
0,00129398834430576
0,001112321833398155
0,0008879357452663706
0,0006317850048347677
0,00035670269570073484
7,903057142282473e-05
0,000210330286328046
0,000441716614594916
0,0006578340476620723
0,0008285393128461326
0,0009477708613063442
0,0010119760709471374
0,0010212813900267036
0,000980228694593854
0,0008968893511418373
0,0007842012877621104
0,0006611697016242761
0,0005532726422031557
0,0004917414883688965
0,0005011350397405506
0,0005564903753788089
0,0006253018708282513
0,0006790011850458059
0,0007032828067303582
0,0006896531714592057
0,0006348998932181056
0,0005315718808684433
0,000535554946512849
0,00037436384580082413
0,00030192083137123917
0,00032982040117605167
0,000436437406139201
0,0005686757771595429
0,0006977481716317096
0,0008088792404314307
0,0008949726174004952
0,0009536044789611618
0,0009938633952947778
0,0009585024913326786
0,0009399049660395958
0,0008948180897076664
0,0008346203855401662
0,0007675417340117144
0,0007027784766962464
0,0006463077736164579
0,0006057601793546625
0,0005825265944647548
0,0005687706249163836
0,0005751190159884688
0,0005744277539451285
0,0005687228291283063
0,0005539517247672563
0,0005297766609926267
0,0004958775057895262
0,00045314462580426035
0,00040279118179033463
0,0003447076233859215
0,00027997938960312734
0,00018580568464126836
0,00014369474345725004
0,00012136626970758656
0,0001709578067539716
0,0002540742730784201
0,00033966933155911514
0,00041320640110090406
0,00046728505126337826
0,0004923959003200226
0,00048666406148510514
0,000442335331015833
0,0003787238623009898
0,0003091721164914073
0,00028338369617088733
0,0003506841611045075
0,0004901011978578173
0,0006602168737450739
0,0008352669554462743
0,0010010360232012992
0,0011477271531012171
0,001270404579852673
0,0013556813758911917
0,001416461597747837
0,0014460425813931916
0,0014462503046782738
0,0014225719123921808
0,0013788496702869654
0,0013199690379773017
0,0012473994776415523
0,0011684397740366452
0,0010823221571116196
0,0009819876805811927
0,0008719598984707006
0,0007469220451183598
0,0006049543016802729
0,0004490925148346047
0,0002917767184365609
0,00018861380098349217
0,0002523131919578969
0,00040594718684000894
0,0005621670478924764
0,0007067687692901822
0,0007873581479518783
0,0008297162633749944
0,0008199074930494181
0,0007598865038312401
0,0006625006655876711
0,0005499136495162556
0,0004645585915639191
0,00045555236566799856
0,0005163692382620303
0,0007002710242562776
0,0007734466189409742
0,0008298334566651852
0,0008339063578814191
0,0007788348344029082
0,000665794826432253
0,0005048260450847811
0,0003124510267068315
0,00012906386576692002
0,0001702255931952942
0,0003290750554780559
0,0005421696793112184
0,0006343119177177205
0,0006863761678377226
0,0006849026553150329
0,0006360977698577386
0,0005555893565627055
0,00046416579435868283
0,0003911635669882644
0,00035909729957708765
0,0003745918268281408
0,00035696715530700074
0,0003321360099083792
0,0002661823459653705
0,00017019431482107766
0,00014164276772147936
0,00028455983436249087
0,00048067050229921697
0,000678029618393477
0,0008510942333033697
0,000981572112131924
0,0010236185034736762
0,0010408759510873934
0,0009726137513578182
0,000839382704997513
0,0006549505365404826
0,00044445494423735145
0,0002647748978690417
0,00026754787327464995
0,00042997321019974286
0,0006013615411448283
0,0007436984097990006
0,0008200289729563652
0,0008522112279390415
0,0008436058273928196
0,0008100387148622742
0,0007720298771704631
0,0007470745482398155
0,0007419674681219889
0,0007476086161490624
0,0007447998011420043
0,0006805076044681717
0,0006877285580706976
0,0005869374762103994
0,0004580511357087667
0,00030970996631404893
0,00016841979232903623
0,0001371346597198503
0,00024588388180303333
0,0003647641722184217
0,00045595981158772273
0,0005087784068364116
0,0005248251253748415
0,0005023126682506137
0,0004574560746796514
0,00040786333684598335
0,0003711735307567852
0,00035788434939824915
0,00036480835639963777
0,0003798299378475869
0,0003913146345879611
0,0003917686282884245
0,00036224861193944396
0,0003296623822515105
0,00028073928409731887
0,0002266572242656005
0,00017640583741193727
0,00013547794974364091
0,00010427279759030425
8,112436184759791e-05
6,484054584398748e-05
5,6466621488821037e-05
5,201331465194213e-05
5,823567485205473e-05
6,613082459685803e-05
7,221933246396606e-05
7,3351256340271e-05
6,939519480644107e-05
6,321509056728515e-05
6,0046426179195816e-05
6,206033058235836e-05
6,636916707957831e-05
6,702654626127488e-05
6,702845286602187e-05
6,352770710213591e-05
6,994459102886656e-05
9,957202386424617e-05
0,00014667010485486706
0,00019938373697665104
0,0002510592315614389
0,00029988967557816764
0,0003472932796929797
0,0003868466711297306
0,00042634888198360253
0,0004363023030007416
0,0004235323987010403
0,00039272131518942855
0,000359437201925222
0,0003373701251915823
0,00032438455929073746
0,0003073866384759044
0,0002789463570022414
0,0002475481372898977
0,00019713746066296638
0,00017712913132553158
0,0001910020604158334
0,0002681451197827
0,00039928213053017563
0,0005532528315367054
0,0007027501626271663
0,0008317973502601352
0,0009372800106323797
0,0010250608120582628
0,0010989288491239288
0,001135792120961649
0,0011205255642759762
0,0010355405079907091
0,0008821649600863489
0,0006796011549236946
0,0004596604165532487
0,0002502284520205531
0,00011152013915593865
0,00022183860080050838
0,00017279735952647845
0,00045182691340130723
0,000560272404737881
0,0006043176618326263
0,0006041384940977174
0,0006039099769720384
0,0006409314709474482
0,0007062024156207159
0,0007643954146242789
0,0008042149611847551
0,0008500118678082965
0,0009194272574105727
0,000996497752296017
0,001024528463006573
0,0009575738722577674
0,0007863014833403004
0,0005394472524056068
0,0002884080217399772
0,0001875951280228298
0,00029374043410930863
0,000498870943919362
0,0004361251688917636
0,0005246184474408482
0,000582340198352269
0,0005754493251387661
0,0004850867144527737
0,00033662339665914523
0,00020277773033775017
0,00017007160048916275
0,0001928999348989888
0,00028631833792485095
0,0005349710498233852
0,0008115915141021607
0,0010347323701485318
0,0010853987076479279
0,0009343720289332148
0,0007637850583055812
0,0010540300511202032
0,001716040608503647
0,0023709577116111367
0,0027957436800593134
0,0028353639600799123
0,0025091860240533982
0,0018545013147686716
0,0010618579341595007
0,0006639944316735953
0,0011403295300254693
0,001663949948008128
0,001970001439545814
0,0020622909526780402
0,0020208406762664446
0,0019271908075705
0,0017570186240864814
0,0014912361499418438
0,0010382573272624774
0,0004774993262529104
0,0007051270811310757
0,001484475332253057
0,002141841769117868
0,002483484434609314
0,002418381943082211
0,001971892333379878
0,0012357666524817367
0,00041765566767738664
0,00033538166710738495
0,0008969210057865314
0,0012935043674913325
0,0015999192027010894
0,0018490053507029998
0,0019741716577873786
0,001881535406922288
0,0015394609110235653
0,0010190300538451263
0,0004894809558406598
0,0003241941811573715
0,0004810868657368287
0,0004972122559514296
0,0003982203284715443
0,0003901338621708224
0,0005116226689279089
0,0005758711889564033
0,0005192729140535992
0,00036610129633922185
0,00022177070412947024
0,0001723135876260745
0,00020186609065411462
0,00024470040469117807
0,000286290551005178
0,0003076700005073498
0,0003064924226541332
0,00031281906636262177
0,0003353595448448186
0,00033551784181597833
0,0003254924896210296
0,00036643132710404347
0,0004728667887101394
0,0005226195985944855
0,00041977192126478374
0,00015727051249518826
0,00025545868743502564
0,00060994976576993
0,000814457703282159
0,0007784930803205631
0,0005299561278457756
0,00039908520255789155
0,0007296542254851645
0,0010551303309579408
0,0011737569131827893
0,0011172139756887387
0,0010943956996084636
0,0012708937833099529
0,0014928331766338794
0,0015412307979375483
0,0013108980005905357
0,0009736053721274361
0,0007822680147463607
0,0009835222849706355
0,0012653851401198473
0,0014080166217892668
0,0014275662800043072
0,0014153547248441038
0,0014274822897505225
0,0014191660137551955
0,0013709675263133755
0,0012104246878734408
0,001070634902541915
0,0010382315977497244
0,0010997619690416016
0,0011602619905590075
0,0011583848729401572
0,0010909447669475276
0,0009893364557631496
0,0008918551744262305
0,0008624144657072701
0,0006926698722733931
0,0006945579824072871
0,0006898073398120355
0,000675165016998289
0,000636520643557619
0,0005645088538530149
0,00047220956237133333
0,00037567352936817
0,00029712866685596803
0,00023749928816000197
0,0002418535328212108
0,00022676163034613807
0,00019879620837702006
0,00015334704725654727
9,598565745467986e-05
3,754415778284138e-05
1,4827939274511632e-05
4,449948141077249e-05
5,1470356852769014e-05
4,2219430236000746e-05
0,00020704397926954907
2,661448235234111e-05
6,638589677150738e-05
0,00010982017157760605
0,00013709878296290246
0,0001441454647273388
0,00012870690459679712
9,658123571998424e-05
5,371899754201238e-05
2,4110045764042774e-05
4,9904251818083335e-05
8,710445633381203e-05
0,00010710075449398742
0,00011004866680910527
9,774842282804099e-05
7,415343981172973e-05
4,625571684672348e-05
2,8239606641554124e-05
3,560508230865723e-05
4,7116316210163604e-05
1,614806385602552e-05
7,763513009036788e-05
6,623514242596465e-05
5,78042717251077e-05
5,116120758534678e-05
4,724914561906935e-05
4,576594956307561e-05
4,5734374342089376e-05
4,767505960076228e-05
5,095155230308534e-05
5,6814258819183054e-05
5,420183401256237e-05
5,2544213309969274e-05
4,8300240976847196e-05
4,465619782047839e-05
4,5286313653073416e-05
4,9494905568025695e-05
5,398540259048431e-05
5,5209933139700485e-05
5,260361927645333e-05
4,683290119552652e-05
6,360164234039277e-05
6,119940576301074e-05
6,536714862640461e-05
6,646334266977217e-05
6,17339933858222e-05
5,02139626107517e-05
3,6116342254321e-05
3,523055839131436e-05
5,453534125375397e-05
7,821112344502218e-05
9,363099262570609e-05
9,46253772531065e-05
8,344118889437332e-05
6,191100107162942e-05
3,770604529910025e-05
3,0341029059446286e-05
4,4266933154839396e-05
5,837334513571874e-05
6,429088078283284e-05
6,172798217913928e-05
5,490491363809967e-05
5,427751388101812e-05
6,50554872398372e-05
8,21976650154385e-05
9,344830657416782e-05
9,029074217579595e-05
6,913248248753526e-05
3,16624966233981e-05
1,8190996307309552e-05
6,502462896298687e-05
0,00010414557993484614
0,00012927072582445548
0,0001356978456147842
0,00012885392494585548
0,00011151920738772029
8,560003563472815e-05
5,3967313395513195e-05
3,203515376134339e-05
4,7117938660855846e-05
6,497190552309256e-05
5,254235988313917e-05
9,10599821622713e-05
5,2161385622176095e-05
7,352916224861121e-05
0,00012008532852827622
0,000158312811338538
0,00018239392086368323
0,00019989791067456328
0,00022249654432416127
0,00025227009346186387
0,0002907058230562411
0,0003525077141723654
0,00043253764479734305
0,0005312009534046472
0,0006170483829778927
0,0006650859037601428
0,0006701343242229267
0,0006635131745605568
0,0006963806003287121
0,0007933633484216497
0,0009292966320859805
0,0009004957147896187
0,0010532994240425122
0,0010916010687792882
0,0011105351623306914
0,0011235670552587353
0,0011316783111903362
0,0011450550651456622
0,0011901066254976231
0,0012790075706970942
0,001379093337997488
0,0014344456711344808
0,0013878018365383325
0,0012809264542410323
0,0011847976280856029
0,001191836680616862
0,0012919979302562896
0,0013841554720487091
0,0013899901003421719
0,0013046079270855855
0,0011824140014830605
0,001072853951684379
0,00106495218596078
0,0010303389124288618
0,0009898946290114107
0,0009721815953302541
0,0010005933152419909
0,001024416612912229
0,0009595235133103702
0,0007648473336359901
0,000494276114495803
0,0004072560452541605
0,0006608925223123026
0,000845920040373193
0,000871303776151053
0,0006947241083088458
0,00037664434455451473
0,0002268167631832945
0,0005281557087988722
0,0007728284533247129
0,0008643179220533654
0,0008357405181853194
0,0007454078783976996
0,0007916542631458458
0,0008959788799698388
0,0009830518505009281
0,0010275062279368257
0,001071036557439773
0,0011557336684849585
0,0012588882303408299
0,0013198796144517585
0,001310920141079513
0,0012643817124629163
0,0012642983651002652
0,0013320308789431744
0,001423161146213078
0,0014627050409425372
0,0014234244362456255
0,001337726634807886
0,0012668665931654043
0,0012480760158957492
0,0012561072919788313
0,0012520853619406068
0,001186328557359838
0,0011099613266817641
0,0010399866541141365
0,0009861127451390183
0,000933908492730687
0,0008703341443263372
0,0008034380662040502
0,0007530110842399216
0,0007216298382138115
0,0006893620954508543
0,0006415660905325317
0,0005626417013904074
0,0004950706144009102
0,000457547999972719
0,00044750730092543993
0,00043180670569653844
0,0003912474945370304
0,0003314503980973802
0,00026796456708968623
0,0002216194385059937
0,00019036850576412958
0,00016165853907126946
0,00012636193343829803
8,924048195748104e-05
6,361897320247911e-05
6,20537495477354e-05
8,085581803532824e-05
0,00010930063226325536
0,00013755807754514175
0,00015684504253147305
0,0001632424890609127
0,00016591102445756892
0,0001714766036523283
0,00018656123615467824
0,00020245516541747094
0,0002032459091224625
0,00018991138507086844
0,00017283525815600046
0,000170689440972201
0,0001845416824004821
0,00015910973348282835
0,00020970583239675114
0,00020874662318614296
0,00021100765886171693
0,00022107428930445797
0,00023463421882800043
0,00024563817750519203
0,00025209628700239976
0,00025746260250682196
0,00026286009626509514
0,00026616487611375353
0,00023057988637548827
0,00024157810544443248
0,00022460080864307195
0,00020888824439948647
0,0001985764762369536
0,00018578894518670854
0,00016982327947920816
0,00014752017630602436
0,00012065748081478175
8,680276730209011e-05
0,00010707153641679272
7,29355530879061e-05
5,641660249395795e-05
4,4222710385433615e-05
3,687043680338828e-05
3,5209199782841686e-05
3,739397092157129e-05
4,073788408524527e-05
4,306781625301863e-05
4,087605805536e-05
2,7252578170792292e-05
9,448326553888527e-05
7,38789466002135e-05
6,903312051295594e-05
6,715355466542606e-05
6,785386670421048e-05
6,642632592401525e-05
6,649049865854272e-05
6,626556775795842e-05
6,417354430400848e-05
4,5589903913168314e-05
6,743597203970852e-05
6,59879026447947e-05
6,583909445793941e-05
6,601843093342465e-05
6,642336153468648e-05
6,677768685871872e-05
6,765536498416156e-05
6,947086101586147e-05
7,286405644389964e-05
8,398358223765383e-05
1,9177868747848934e-05
5,3461053548806436e-05
5,956738609149271e-05
6,199312295583302e-05
6,328571410714787e-05
6,38228971203988e-05
6,393645788382613e-05
6,377689452214225e-05
6,379153326718956e-05
6,0258872426479215e-05
6,701174350838611e-05
6,353085261950429e-05
6,266224981895075e-05
6,245357498844778e-05
6,246037017765639e-05
6,278769612813374e-05
6,3180748590944e-05
6,398815961726566e-05
6,490788217339313e-05
6,685584607094086e-05
9,376883705314945e-05
5,869692659976392e-05
6,144543089740741e-05
6,218104344446342e-05
6,240300682603253e-05
6,229712849772257e-05
6,260361764234665e-05
6,259920808072732e-05
6,269036973545109e-05
6,296649470069318e-05
6,359459251328453e-05
6,272928720032503e-05
6,317864620133597e-05
6,337044219697745e-05
6,374589017609329e-05
6,352589390900167e-05
6,334729348087979e-05
6,2985874173441e-05
6,26419678027316e-05
6,232626093532734e-05
6,151737655097032e-05
6,44239902325422e-05
6,302788110796952e-05
6,317808143681676e-05
6,351034615808289e-05
6,422008374654544e-05
6,463632002952793e-05
6,508344780331357e-05
6,536450308133953e-05
6,53467596270551e-05
6,520870390295824e-05
6,264670880186961e-05
6,464832572233316e-05
6,382457394392031e-05
6,301190556529725e-05
6,252078889274124e-05
6,21448984398309e-05
6,212384915930884e-05
6,233287866365675e-05
6,27520707338246e-05
6,338595629655485e-05
6,32728532453266e-05
6,306581242107663e-05
6,350867038480739e-05
6,363266653484848e-05
6,358646705371131e-05
6,333865366903648e-05
6,309166054949102e-05
6,290713761405797e-05
6,303395904098032e-05
6,314184979889825e-05
6,386865984756537e-05
6,539334618790441e-05
6,45038615839554e-05
6,462762969898769e-05
6,475677534805005e-05
6,471559085690101e-05
6,422446422332188e-05
6,321617410116769e-05
6,205788007079901e-05
5,992705623544914e-05
5,082176751846947e-05
7,102922827403615e-05
6,520836073250416e-05
6,386955809612218e-05
6,353373467359032e-05
6,381548320787624e-05
6,396056336899458e-05
6,439540437473827e-05
6,431091957069639e-05
6,433043597193515e-05
6,413620760960893e-05
6,104518023307088e-05
6,061814344553674e-05
5,8721571812362904e-05
5,687310050433049e-05
5,454634597189326e-05
5,020836787501813e-05
4,8386171632846316e-05
4,4261384854042916e-05
3,819472621284335e-05
2,392061729404681e-05
0,00022771467811978703
8,38275981871892e-05
7,23073576423056e-05
6,919390301996112e-05
6,793798835968202e-05
6,791862297129068e-05
6,807892864016552e-05
6,857219795448294e-05
6,902751324238605e-05
6,923332891562201e-05
7,073602285415328e-05
6,7182669608591e-05
6,762040270412396e-05
6,694953377322556e-05
6,64143734985268e-05
6,623944600130243e-05
6,550907045134613e-05
6,502883105680175e-05
6,522759034866908e-05
6,731595036387801e-05
0,00012652366386349333
6,085496443167821e-05
6,004907444580403e-05
6,00544281722559e-05
6,037680670640688e-05
6,057786646026392e-05
6,060818468885033e-05
6,058032518819526e-05
6,0199845998438476e-05
5,94286076642871e-05
5,712461644017309e-05
9,833496283094558e-05
6,561324591456508e-05
6,453401011160604e-05
6,440205253183814e-05
6,450232284007425e-05
6,461981105984919e-05
6,508137365552709e-05
6,530572720961479e-05
6,550459959964347e-05
6,68923945203195e-05
8,575297518897103e-05
6,89226796966433e-05
6,712103105792594e-05
6,624596538045213e-05
6,52809329590624e-05
6,444090734437913e-05
6,3441585782102e-05
6,268272686787224e-05
6,160042474279613e-05
6,0209513914200535e-05
5,3714954526038466e-05
7,465608182268338e-05
6,715014221464103e-05
6,626952723783382e-05
6,570359741176229e-05
6,541924586895637e-05
6,781351665955593e-05
6,436877951817667e-05
6,442603004086508e-05
6,478843451811789e-05
8,027980333793234e-05
6,141500305959387e-05
6,256749348780085e-05
6,308463764334571e-05
6,379182022398984e-05
6,436838458761259e-05
6,501787651745804e-05
6,55737180307633e-05
6,585356043717782e-05
6,570151590737712e-05
6,55601803307668e-05
6,399257431766936e-05
6,433477630947726e-05
6,392987745508329e-05
6,20995351189805e-05
6,222371524244538e-05
6,199149676796685e-05
6,218893283671252e-05
6,125688426587883e-05
6,166466693762717e-05
5,9613042033742264e-05
6,986233477052347e-05
6,689247276022552e-05
6,656592896415892e-05
6,678146233556222e-05
6,681886629657256e-05
6,695212648987157e-05
6,675407083084576e-05
6,652616944003276e-05
6,629957489498348e-05
6,638393755560351e-05
6,69379280726229e-05
6,525532387965057e-05
6,530668582288479e-05
6,471917567271711e-05
6,84362990637329e-05
6,684371279847963e-05
6,653868731380637e-05
6,619051086840287e-05
6,619545804686592e-05
6,528546883001837e-05
5,8527629277638384e-05
6,489947725519945e-05
6,472722063100539e-05
6,433361904001773e-05
6,427901562069198e-05
6,456891021245774e-05
6,499419087182707e-05
6,53728706513786e-05
6,593629605689763e-05
6,652404875874378e-05
6,780105288128816e-05
4,230434274876436e-05
6,301569542247744e-05
6,316253352966503e-05
6,259108633218759e-05
6,038446935163432e-05
6,064181281615151e-05
5,991577209742989e-05
5,9337429726682926e-05
5,801626161561997e-05
5,656210822177456e-05
7,838637117603266e-05
6,776788748294266e-05
6,673084827012579e-05
6,73178067861624e-05
6,792455390085141e-05
6,866904528200608e-05
6,964909443996566e-05
7,022726296479996e-05
7,060805662391722e-05
7,226376269629594e-05
9,995021350454067e-05
8,038795799376694e-05
7,096279160595726e-05
6,959024006978007e-05
6,86452101286848e-05
6,860663267541852e-05
6,682710107898816e-05
6,620145740597582e-05
6,577929873754278e-05
6,548826547426614e-05
7,626220093415687e-05
6,291052362448748e-05
6,322193157622486e-05
6,325715696488986e-05
6,349387920967155e-05
6,406994768980246e-05
6,44538558468468e-05
6,511255786139333e-05
6,619350170213702e-05
6,910593256109331e-05
7,819064113599553e-05
0,0001118647687925483
6,075801705251922e-05
6,244099571106204e-05
6,362631829321095e-05
6,472322911696559e-05
6,530504350981415e-05
6,615540754105957e-05
6,652679661810328e-05
6,68342899064675e-05
6,504304698432296e-05
7,55194776556137e-05
7,030294091432542e-05
6,947365322096055e-05
6,87075482161729e-05
6,757629137512052e-05
6,717367381669374e-05
6,671732270494398e-05
6,730807281628395e-05
6,932498698747694e-05
7,726145294106831e-05
0,00017855829799703435
3,739204702722853e-05
4,838774032886489e-05
5,310033725077685e-05
5,603636137173937e-05
5,7932012562122085e-05
6,0509902426261945e-05
6,192268677790284e-05
6,310424631643551e-05
6,421334186298157e-05
6,408766011200661e-05
6,376461151901172e-05
6,420283847221696e-05
6,434498072561838e-05
6,440574782984295e-05
6,43750428725359e-05
6,466914637393989e-05
6,469572579472e-05
6,497348291821433e-05
6,496135511330895e-05
6,404483795551864e-05
7,26956071260944e-05
6,81866374705781e-05
6,747889839837657e-05
6,699463876650588e-05
6,659099137371305e-05
6,602995422250501e-05
6,549734385698345e-05
6,457072816452306e-05
6,37122192168805e-05
6,230702081511631e-05
6,416481864385253e-05
6,370735924898167e-05
6,371297169997224e-05
6,397662354953948e-05
6,396353666931932e-05
6,460359653291022e-05
6,506221328523975e-05
6,511380184751217e-05
6,566503264912318e-05
6,585962144302746e-05
6,377448803425612e-05
6,562832794654365e-05
6,587456708912896e-05
6,595974721619663e-05
6,557576437109476e-05
6,533766175016706e-05
6,48592849060564e-05
6,462083081679678e-05
6,429932747767245e-05
6,45419664621297e-05
6,397083700811118e-05
6,449774076948673e-05
6,385962627674094e-05
6,390116785429852e-05
6,416236210427575e-05
6,428202573286485e-05
6,420822599152431e-05
6,41395975863727e-05
6,331885681402628e-05
6,15154204653944e-05
5,1642862844360805e-05
7,472973416536078e-05
6,827788500811613e-05
6,632852155218624e-05
6,562146782177255e-05
6,537133756710064e-05
6,501117535960225e-05
6,505076151234169e-05
6,510030602347466e-05
6,516622338553306e-05
6,45840772221744e-05
7,050230156408726e-05
6,552384657123049e-05
6,518669651379612e-05
6,467085728794207e-05
6,406973405982585e-05
6,298994247621903e-05
6,253746314804081e-05
6,147211472500988e-05
6,0087610989580086e-05
5,642374916063697e-05
9,290655306988145e-05
6,795584226694665e-05
6,586006530037807e-05
6,533608900553817e-05
6,528017688927781e-05
6,52385877649169e-05
6,50861450253585e-05
6,505206959701247e-05
6,492957642459687e-05
6,489656775819304e-05
6,690366561134292e-05
6,611684068782465e-05
6,437333289225435e-05
6,449147632916494e-05
6,433341756273791e-05
6,488641486508964e-05
6,476217212394195e-05
6,474976378960491e-05
6,400078572063519e-05
6,140235198571239e-05
5,5980910075393026e-05
8,154585712930447e-05
7,425918471238728e-05
7,203747916595485e-05
7,090193328390515e-05
7,010741331518986e-05
6,94244830539832e-05
6,868600854733045e-05
6,825380845586767e-05
6,789327456665276e-05
6,69432817066286e-05
8,192822776194631e-05
6,728901643920891e-05
6,861401203062409e-05
6,882568506460886e-05
6,9480563860493e-05
7,166204623976978e-05
7,371996786051663e-05
7,817098126397211e-05
8,746322505984098e-05
0,00012579525009514717
4,010974112599369e-05
4,125818392532637e-05
5,331399383039009e-05
5,8577608755649295e-05
6,19580867708895e-05
6,367671390916619e-05
6,513041924639617e-05
6,607251962928556e-05
6,640751278276501e-05
6,677776714795409e-05
6,894680099043774e-05
6,487433106199515e-05
6,383093233960305e-05
6,36896657381867e-05
6,326611498118611e-05
6,324093305951424e-05
6,368948900884236e-05
6,352072460521984e-05
6,376529245867139e-05
6,45026233231233e-05
7,840912506693181e-05
6,28717067994164e-05
6,380188441107635e-05
6,383926339946622e-05
6,383486671627403e-05
6,378471614266315e-05
6,316394049413875e-05
6,279335940674385e-05
6,234323476631306e-05
6,202237698056597e-05
6,179896177936896e-05
8,250077850748705e-05
6,270296621795077e-05
6,209432426591207e-05
6,433164579040339e-05
6,398371726239106e-05
6,438569620845207e-05
6,438262507714352e-05
6,471898609448218e-05
6,524350061832629e-05
6,357741752334601e-05
7,109861336979506e-05
6,873528858936468e-05
6,855399395290011e-05
6,871602156682238e-05
6,876505627942483e-05
6,849028934550928e-05
6,771734987616466e-05
6,712345404954566e-05
6,639040812653934e-05
6,626831914964468e-05
6,792082341279514e-05
6,157268324637804e-05
6,328460778255825e-05
6,468336451821602e-05
6,30358099586254e-05
6,45835138767637e-05
6,541772486178418e-05
6,6404364950529e-05
6,709302263416185e-05
6,71802519387201e-05
6,45172152987074e-05
6,701546332935566e-05
6,62580118096987e-05
6,540754289408988e-05
6,445744470024098e-05
6,381510078696272e-05
6,30283410725487e-05
6,273753986546182e-05
6,236647712758137e-05
6,226832706326434e-05
6,136569806213032e-05
8,957446789097856e-05
6,649255456289616e-05
6,595865992428358e-05
6,522335867845717e-05
6,641717849466252e-05
6,531381400559613e-05
6,451035247809705e-05
6,392093534081223e-05
6,47917428259534e-05
6,690268602493179e-05
6,0720972167424567e-05
6,173298379564548e-05
6,312429098781697e-05
6,423027151999564e-05
6,510431989551831e-05
6,609069729644553e-05
6,700504648617752e-05
6,745298947234766e-05
6,760191623669851e-05
6,731103473176227e-05
6,739501558522295e-05
6,766020274999102e-05
6,654584633210819e-05
6,605333824813156e-05
6,567208979240905e-05
6,570053145184127e-05
6,567377176917951e-05
6,56850318933706e-05
6,534172634526696e-05
6,651298915433378e-05
5,666167605041956e-05
6,771109820902582e-05
6,662353525211118e-05
6,57084661975325e-05
6,473483452996219e-05
6,404005886057938e-05
6,335471257790924e-05
6,310312765515954e-05
6,364860854008838e-05
6,554146255081685e-05
7,253432888539692e-05
9,265961684396976e-05
6,101626270734957e-05
6,352922797794666e-05
6,526854968443951e-05
6,649421681927596e-05
6,753306865058923e-05
6,874841158639732e-05
6,923377581372967e-05
7,015058787242523e-05
7,284367715640072e-05
4,945238169806959e-05
6,29650719956672e-05
6,465801974351011e-05
6,538202366011962e-05
6,589416559812339e-05
6,6141083176105e-05
6,633742926373725e-05
6,610345931656148e-05
6,546085315528959e-05
6,336337270633996e-05
5,105915504017118e-05
7,461101286616731e-05
6,997267822079712e-05
6,863732035803261e-05
6,791607401094504e-05
6,7734589665473e-05
6,786165602758914e-05
6,812455205220485e-05
6,839886477066899e-05
6,898038145139947e-05
6,729601875176341e-05
7,027800937552803e-05
6,992599430903712e-05
6,911483816896033e-05
6,867176356237966e-05
6,814058492619936e-05
6,761754565849456e-05
6,709144019116677e-05
6,803899527798587e-05
7,119502862687542e-05
8,836673980280317e-05
6,223321995481943e-05
5,824416854709927e-05
6,127528224679363e-05
6,302361536988368e-05
6,40809756947375e-05
6,484194207251102e-05
6,530394964011533e-05
6,542290309155977e-05
6,516066105527002e-05
6,42049368468593e-05
6,289467445095991e-05
6,504448345409034e-05
6,530029286573675e-05
6,593588153712711e-05
6,61416018182027e-05
6,684807985714319e-05
6,717044063764312e-05
6,743459821205352e-05
6,739761427640877e-05
6,690016273385162e-05
6,541669248769377e-05
6,679295943553908e-05
6,609544742929626e-05
6,590641749099463e-05
6,58350786307264e-05
6,565342696046341e-05
6,605834941393192e-05
6,630219707693747e-05
6,665905784680685e-05
6,709715986867495e-05
6,585800363755009e-05
6,827404077528311e-05
6,654784977160577e-05
6,594294932822055e-05
6,563498361499859e-05
6,564233811636278e-05
6,633173537074935e-05
6,779322853633518e-05
7,018514580600101e-05
7,544841618945002e-05
0,00010278450269447244
4,196530297953736e-05
5,823967157670296e-05
6,230360182109204e-05
6,386569420259139e-05
6,449127696974863e-05
6,446905039805581e-05
6,442101549103047e-05
6,433485652968162e-05
6,400742333060302e-05
6,413538674303081e-05
6,517995054518417e-05
6,601772957716595e-05
6,709873975610637e-05
6,79368968199545e-05
6,865164454843336e-05
6,925816776895012e-05
6,821054871529449e-05
6,683106942785788e-05
6,45223759018997e-05
6,025155943329564e-05
0,0001575256252914581
7,405409482638419e-05
6,753864929686953e-05
6,484279195483685e-05
6,358371754035224e-05
6,267988930089187e-05
6,27536283864839e-05
6,294037902195613e-05
6,33755359992344e-05
6,358849485326977e-05
6,248990113380354e-05
6,566675747516997e-05
6,426128555266578e-05
6,368459054227221e-05
6,363183823953638e-05
6,274427073701391e-05
6,323146270445428e-05
6,451315260604905e-05
6,724483981374401e-05
7,371546803729342e-05
0,0001606083009904222
6,765828297790684e-05
6,664363569511641e-05
6,838670065913066e-05
6,948471204983836e-05
7,014496881572275e-05
7,00172176279185e-05
6,95931049433135e-05
6,873785310585183e-05
6,75057913152694e-05
6,588499540526927e-05
7,246281427389644e-05
6,831403515029429e-05
6,51401011115728e-05
6,503264938768933e-05
6,501868300308301e-05
6,538519736748512e-05
6,502956843480844e-05
6,410745075451534e-05
6,203057584623853e-05
5,3067160190340897e-05
9,174363643596975e-05
7,270353516239981e-05
6,89961199983689e-05
6,715385161855459e-05
6,588620621323654e-05
6,551922609596487e-05
6,527470008429876e-05
6,514279887842533e-05
6,514463690678068e-05
6,48148261255047e-05
6,389033656051382e-05
6,94188174058247e-05
6,657173971589783e-05
6,530807890459459e-05
6,469416738024481e-05
6,402877617116584e-05
6,385390134005206e-05
6,334270208037679e-05
6,337333362408229e-05
6,386017106187136e-05
6,0545618642886495e-05
7,075894760050676e-05
7,002861111951654e-05
7,088227339363655e-05
7,084153975129191e-05
7,127407804855276e-05
7,126560997246542e-05
7,047401555495906e-05
6,944693186282323e-05
6,82008906733568e-05
6,699434786931348e-05
6,07533479512111e-05
6,475617674930036e-05
6,402406232464556e-05
6,453351286324836e-05
6,495284204016535e-05
6,582846985213954e-05
6,545949530365636e-05
6,868505766484056e-05
6,917637286276919e-05
6,906363109576502e-05
6,924947196844051e-05
6,892670674061209e-05
6,834411607160066e-05
6,766647269760825e-05
6,712311759787825e-05
6,632325609436146e-05
6,584154306439049e-05
6,573621583113264e-05
6,602821418559443e-05
6,673965428809153e-05
6,758439817962101e-05
6,723711649594147e-05
6,815439050701592e-05
6,968811438524565e-05
6,724947345451249e-05
6,832783439252367e-05
6,85153387265024e-05
6,824965753088142e-05
6,800047151082675e-05
6,771926166782102e-05
4,082899193111437e-05
6,990607963388498e-05
6,911465861812223e-05
6,878948656141705e-05
6,848164748167958e-05
6,828662750857722e-05
6,772660995439805e-05
6,737130387659486e-05
6,666538453956658e-05
6,596077213102206e-05
6,503397580907016e-05
8,171891492389242e-05
6,710669551828936e-05
6,593747294930066e-05
6,562441911189217e-05
6,617213958608742e-05
6,550671725779544e-05
6,540350496603143e-05
6,457335373506855e-05
6,324690814882876e-05
5,481146468200831e-05
8,26041610964511e-05
7,15648637571334e-05
6,923187564138742e-05
6,835910125347563e-05
6,818717080551553e-05
6,867402606458964e-05
6,957963274835568e-05
7,205832384660506e-05
7,650935965827377e-05
8,716922761390199e-05
0,0001468615340228196
1,9902034288111182e-05
4,963419401754792e-05
5,715432658732024e-05
6,09686988773178e-05
6,281154432010484e-05
6,443144537336681e-05
6,494027308974672e-05
6,512083674522604e-05
6,623745042871131e-05
7,481280368018913e-05
6,632753644728963e-05
6,728824680159957e-05
6,756238212824153e-05
6,803039233172833e-05
6,817925167349334e-05
6,810188263526966e-05
6,774645478156204e-05
6,678340120096622e-05
6,537754429457921e-05
6,828500710612861e-05
0,00017882554113818363
7,637668349416432e-05
6,893463891675533e-05
6,592864129887602e-05
6,416242598625328e-05
6,351405350065602e-05
6,289047239244084e-05
6,336168548078989e-05
6,42078914572828e-05
6,624884375979525e-05
5,518179357551575e-05
6,220354486169343e-05
6,344373859500625e-05
6,375451330781661e-05
6,388943529736292e-05
6,411670295828778e-05
6,42044346569007e-05
6,440564082616208e-05
6,498809039872818e-05
6,63940159844809e-05
7,916764673321101e-05
6,126956318741627e-05
6,36713361654791e-05
6,457115370369534e-05
6,512016198340642e-05
6,531046642975117e-05
6,51568479435034e-05
6,504672984717597e-05
6,456088286748294e-05
6,414570029016046e-05
5,9046314068426184e-05
6,641856927937219e-05
6,526920326706773e-05
6,514933973047129e-05
6,500190978879527e-05
6,489997272050307e-05
6,444394226134658e-05
6,396231840903949e-05
6,300572429200339e-05
6,058961414214367e-05
5,362842691222469e-05
8,622876965291467e-05
6,873792301947783e-05
6,554601717328047e-05
6,420206219377615e-05
6,285821536134254e-05
6,252355353446254e-05
6,2599400061046e-05
6,317192971571939e-05
6,353747251573143e-05
6,39822474321838e-05
6,459323230389187e-05
6,569000314362127e-05
6,628961485148377e-05
6,646052915758286e-05
6,644025428485604e-05
6,647594086344776e-05
6,602148009061425e-05
6,580679204957104e-05
6,546922868926e-05
6,516673224566615e-05
6,549518548126798e-05
6,516673224566615e-05
6,546922868926e-05
6,580679204957104e-05
6,602148009061425e-05
6,647594086344776e-05
6,644025428485604e-05
6,646052915758286e-05
6,628961485148377e-05
6,569000314362127e-05
6,459323230389187e-05
6,39822474321838e-05
6,353747251573143e-05
6,317192971571939e-05
6,2599400061046e-05
6,252355353446254e-05
6,285821536134254e-05
6,420206219377615e-05
6,554601717328047e-05
6,873792301947783e-05
8,622876965291467e-05
5,362842691222469e-05
6,058961414214367e-05
6,300572429200339e-05
6,396231840903949e-05
6,444394226134658e-05
6,489997272050307e-05
6,500190978879527e-05
6,514933973047129e-05
6,526920326706773e-05
6,641856927937219e-05
5,9046314068426184e-05
6,414570029016046e-05
6,456088286748294e-05
6,504672984717597e-05
6,51568479435034e-05
6,531046642975117e-05
6,512016198340642e-05
6,457115370369534e-05
6,36713361654791e-05
6,126956318741627e-05
7,916764673321101e-05
6,63940159844809e-05
6,498809039872818e-05
6,440564082616208e-05
6,42044346569007e-05
6,411670295828778e-05
6,388943529736292e-05
6,375451330781661e-05
6,344373859500625e-05
6,220354486169343e-05
5,518179357551575e-05
6,624884375979525e-05
6,42078914572828e-05
6,336168548078989e-05
6,289047239244084e-05
6,351405350065602e-05
6,416242598625328e-05
6,592864129887602e-05
6,893463891675533e-05
7,637668349416432e-05
0,00017882554113818363
6,828500710612861e-05
6,537754429457921e-05
6,678340120096622e-05
6,774645478156204e-05
6,810188263526966e-05
6,817925167349334e-05
6,803039233172833e-05
6,756238212824153e-05
6,728824680159957e-05
6,632753644728963e-05
7,481280368018913e-05
6,623745042871131e-05
6,512083674522604e-05
6,494027308974672e-05
6,443144537336681e-05
6,281154432010484e-05
6,09686988773178e-05
5,715432658732024e-05
4,963419401754792e-05
1,9902034288111182e-05
0,0001468615340228196
8,716922761390199e-05
7,650935965827377e-05
7,205832384660506e-05
6,957963274835568e-05
6,867402606458964e-05
6,818717080551553e-05
6,835910125347563e-05
6,923187564138742e-05
7,15648637571334e-05
8,26041610964511e-05
5,481146468200831e-05
6,324690814882876e-05
6,457335373506855e-05
6,540350496603143e-05
6,550671725779544e-05
6,617213958608742e-05
6,562441911189217e-05
6,593747294930066e-05
6,710669551828936e-05
8,171891492389242e-05
6,503397580907016e-05
6,596077213102206e-05
6,666538453956658e-05
6,737130387659486e-05
6,772660995439805e-05
6,828662750857722e-05
6,848164748167958e-05
6,878948656141705e-05
6,911465861812223e-05
6,990607963388498e-05
4,082899193111437e-05
6,771926166782102e-05
6,800047151082675e-05
6,824965753088142e-05
6,85153387265024e-05
6,832783439252367e-05
6,724947345451249e-05
6,968811438524565e-05
6,815439050701592e-05
6,723711649594147e-05
6,758439817962101e-05
6,673965428809153e-05
6,602821418559443e-05
6,573621583113264e-05
6,584154306439049e-05
6,632325609436146e-05
6,712311759787825e-05
6,766647269760825e-05
6,834411607160066e-05
6,892670674061209e-05
6,924947196844051e-05
6,906363109576502e-05
6,917637286276919e-05
6,868505766484056e-05
6,545949530365636e-05
6,582846985213954e-05
6,495284204016535e-05
6,453351286324836e-05
6,402406232464556e-05
6,475617674930036e-05
6,07533479512111e-05
6,699434786931348e-05
6,82008906733568e-05
6,944693186282323e-05
7,047401555495906e-05
7,126560997246542e-05
7,127407804855276e-05
7,084153975129191e-05
7,088227339363655e-05
7,002861111951654e-05
7,075894760050676e-05
6,0545618642886495e-05
6,386017106187136e-05
6,337333362408229e-05
6,334270208037679e-05
6,385390134005206e-05
6,402877617116584e-05
6,469416738024481e-05
6,530807890459459e-05
6,657173971589783e-05
6,94188174058247e-05
6,389033656051382e-05
6,48148261255047e-05
6,514463690678068e-05
6,514279887842533e-05
6,527470008429876e-05
6,551922609596487e-05
6,588620621323654e-05
6,715385161855459e-05
6,89961199983689e-05
7,270353516239981e-05
9,174363643596975e-05
5,3067160190340897e-05
6,203057584623853e-05
6,410745075451534e-05
6,502956843480844e-05
6,538519736748512e-05
6,501868300308301e-05
6,503264938768933e-05
6,51401011115728e-05
6,831403515029429e-05
7,246281427389644e-05
6,588499540526927e-05
6,75057913152694e-05
6,873785310585183e-05
6,95931049433135e-05
7,00172176279185e-05
7,014496881572275e-05
6,948471204983836e-05
6,838670065913066e-05
6,664363569511641e-05
6,765828297790684e-05
0,0001606083009904222
7,371546803729342e-05
6,724483981374401e-05
6,451315260604905e-05
6,323146270445428e-05
6,274427073701391e-05
6,363183823953638e-05
6,368459054227221e-05
6,426128555266578e-05
6,566675747516997e-05
6,248990113380354e-05
6,358849485326977e-05
6,33755359992344e-05
6,294037902195613e-05
6,27536283864839e-05
6,267988930089187e-05
6,358371754035224e-05
6,484279195483685e-05
6,753864929686953e-05
7,405409482638419e-05
0,0001575256252914581
6,025155943329564e-05
6,45223759018997e-05
6,683106942785788e-05
6,821054871529449e-05
6,925816776895012e-05
6,865164454843336e-05
6,79368968199545e-05
6,709873975610637e-05
6,601772957716595e-05
6,517995054518417e-05
6,413538674303081e-05
6,400742333060302e-05
6,433485652968162e-05
6,442101549103047e-05
6,446905039805581e-05
6,449127696974863e-05
6,386569420259139e-05
6,230360182109204e-05
5,823967157670296e-05
4,196530297953736e-05
0,00010278450269447244
7,544841618945002e-05
7,018514580600101e-05
6,779322853633518e-05
6,633173537074935e-05
6,564233811636278e-05
6,563498361499859e-05
6,594294932822055e-05
6,654784977160577e-05
6,827404077528311e-05
6,585800363755009e-05
6,709715986867495e-05
6,665905784680685e-05
6,630219707693747e-05
6,605834941393192e-05
6,565342696046341e-05
6,58350786307264e-05
6,590641749099463e-05
6,609544742929626e-05
6,679295943553908e-05
6,541669248769377e-05
6,690016273385162e-05
6,739761427640877e-05
6,743459821205352e-05
6,717044063764312e-05
6,684807985714319e-05
6,61416018182027e-05
6,593588153712711e-05
6,530029286573675e-05
6,504448345409034e-05
6,289467445095991e-05
6,42049368468593e-05
6,516066105527002e-05
6,542290309155977e-05
6,530394964011533e-05
6,484194207251102e-05
6,40809756947375e-05
6,302361536988368e-05
6,127528224679363e-05
5,824416854709927e-05
6,223321995481943e-05
8,836673980280317e-05
7,119502862687542e-05
6,803899527798587e-05
6,709144019116677e-05
6,761754565849456e-05
6,814058492619936e-05
6,867176356237966e-05
6,911483816896033e-05
6,992599430903712e-05
7,027800937552803e-05
6,729601875176341e-05
6,898038145139947e-05
6,839886477066899e-05
6,812455205220485e-05
6,786165602758914e-05
6,7734589665473e-05
6,791607401094504e-05
6,863732035803261e-05
6,997267822079712e-05
7,461101286616731e-05
5,105915504017118e-05
6,336337270633996e-05
6,546085315528959e-05
6,610345931656148e-05
6,633742926373725e-05
6,6141083176105e-05
6,589416559812339e-05
6,538202366011962e-05
6,465801974351011e-05
6,29650719956672e-05
4,945238169806959e-05
7,284367715640072e-05
7,015058787242523e-05
6,923377581372967e-05
6,874841158639732e-05
6,753306865058923e-05
6,649421681927596e-05
6,526854968443951e-05
6,352922797794666e-05
6,101626270734957e-05
9,265961684396976e-05
7,253432888539692e-05
6,554146255081685e-05
6,364860854008838e-05
6,310312765515954e-05
6,335471257790924e-05
6,404005886057938e-05
6,473483452996219e-05
6,57084661975325e-05
6,662353525211118e-05
6,771109820902582e-05
5,666167605041956e-05
6,651298915433378e-05
6,534172634526696e-05
6,56850318933706e-05
6,567377176917951e-05
6,570053145184127e-05
6,567208979240905e-05
6,605333824813156e-05
6,654584633210819e-05
6,766020274999102e-05
6,739501558522295e-05
6,731103473176227e-05
6,760191623669851e-05
6,745298947234766e-05
6,700504648617752e-05
6,609069729644553e-05
6,510431989551831e-05
6,423027151999564e-05
6,312429098781697e-05
6,173298379564548e-05
6,0720972167424567e-05
6,690268602493179e-05
6,47917428259534e-05
6,392093534081223e-05
6,451035247809705e-05
6,531381400559613e-05
6,641717849466252e-05
6,522335867845717e-05
6,595865992428358e-05
6,649255456289616e-05
8,957446789097856e-05
6,136569806213032e-05
6,226832706326434e-05
6,236647712758137e-05
6,273753986546182e-05
6,30283410725487e-05
6,381510078696272e-05
6,445744470024098e-05
6,540754289408988e-05
6,62580118096987e-05
6,701546332935566e-05
6,45172152987074e-05
6,71802519387201e-05
6,709302263416185e-05
6,6404364950529e-05
6,541772486178418e-05
6,45835138767637e-05
6,30358099586254e-05
6,468336451821602e-05
6,328460778255825e-05
6,157268324637804e-05
6,792082341279514e-05
6,626831914964468e-05
6,639040812653934e-05
6,712345404954566e-05
6,771734987616466e-05
6,849028934550928e-05
6,876505627942483e-05
6,871602156682238e-05
6,855399395290011e-05
6,873528858936468e-05
7,109861336979506e-05
6,357741752334601e-05
6,524350061832629e-05
6,471898609448218e-05
6,438262507714352e-05
6,438569620845207e-05
6,398371726239106e-05
6,433164579040339e-05
6,209432426591207e-05
6,270296621795077e-05
8,250077850748705e-05
6,179896177936896e-05
6,202237698056597e-05
6,234323476631306e-05
6,279335940674385e-05
6,316394049413875e-05
6,378471614266315e-05
6,383486671627403e-05
6,383926339946622e-05
6,380188441107635e-05
6,28717067994164e-05
7,840912506693181e-05
6,45026233231233e-05
6,376529245867139e-05
6,352072460521984e-05
6,368948900884236e-05
6,324093305951424e-05
6,326611498118611e-05
6,36896657381867e-05
6,383093233960305e-05
6,487433106199515e-05
6,894680099043774e-05
6,677776714795409e-05
6,640751278276501e-05
6,607251962928556e-05
6,513041924639617e-05
6,367671390916619e-05
6,19580867708895e-05
5,8577608755649295e-05
5,331399383039009e-05
4,125818392532637e-05
4,010974112599369e-05
0,00012579525009514717
8,746322505984098e-05
7,817098126397211e-05
7,371996786051663e-05
7,166204623976978e-05
6,9480563860493e-05
6,882568506460886e-05
6,861401203062409e-05
6,728901643920891e-05
8,192822776194631e-05
6,69432817066286e-05
6,789327456665276e-05
6,825380845586767e-05
6,868600854733045e-05
6,94244830539832e-05
7,010741331518986e-05
7,090193328390515e-05
7,203747916595485e-05
7,425918471238728e-05
8,154585712930447e-05
5,5980910075393026e-05
6,140235198571239e-05
6,400078572063519e-05
6,474976378960491e-05
6,476217212394195e-05
6,488641486508964e-05
6,433341756273791e-05
6,449147632916494e-05
6,437333289225435e-05
6,611684068782465e-05
6,690366561134292e-05
6,489656775819304e-05
6,492957642459687e-05
6,505206959701247e-05
6,50861450253585e-05
6,52385877649169e-05
6,528017688927781e-05
6,533608900553817e-05
6,586006530037807e-05
6,795584226694665e-05
9,290655306988145e-05
5,642374916063697e-05
6,0087610989580086e-05
6,147211472500988e-05
6,253746314804081e-05
6,298994247621903e-05
6,406973405982585e-05
6,467085728794207e-05
6,518669651379612e-05
6,552384657123049e-05
7,050230156408726e-05
6,45840772221744e-05
6,516622338553306e-05
6,510030602347466e-05
6,505076151234169e-05
6,501117535960225e-05
6,537133756710064e-05
6,562146782177255e-05
6,632852155218624e-05
6,827788500811613e-05
7,472973416536078e-05
5,1642862844360805e-05
6,15154204653944e-05
6,331885681402628e-05
6,41395975863727e-05
6,420822599152431e-05
6,428202573286485e-05
6,416236210427575e-05
6,390116785429852e-05
6,385962627674094e-05
6,449774076948673e-05
6,397083700811118e-05
6,45419664621297e-05
6,429932747767245e-05
6,462083081679678e-05
6,48592849060564e-05
6,533766175016706e-05
6,557576437109476e-05
6,595974721619663e-05
6,587456708912896e-05
6,562832794654365e-05
6,377448803425612e-05
6,585962144302746e-05
6,566503264912318e-05
6,511380184751217e-05
6,506221328523975e-05
6,460359653291022e-05
6,396353666931932e-05
6,397662354953948e-05
6,371297169997224e-05
6,370735924898167e-05
6,416481864385253e-05
6,230702081511631e-05
6,37122192168805e-05
6,457072816452306e-05
6,549734385698345e-05
6,602995422250501e-05
6,659099137371305e-05
6,699463876650588e-05
6,747889839837657e-05
6,81866374705781e-05
7,26956071260944e-05
6,404483795551864e-05
6,496135511330895e-05
6,497348291821433e-05
6,469572579472e-05
6,466914637393989e-05
6,43750428725359e-05
6,440574782984295e-05
6,434498072561838e-05
6,420283847221696e-05
6,376461151901172e-05
6,408766011200661e-05
6,421334186298157e-05
6,310424631643551e-05
6,192268677790284e-05
6,0509902426261945e-05
5,7932012562122085e-05
5,603636137173937e-05
5,310033725077685e-05
4,838774032886489e-05
3,739204702722853e-05
0,00017855829799703435
7,726145294106831e-05
6,932498698747694e-05
6,730807281628395e-05
6,671732270494398e-05
6,717367381669374e-05
6,757629137512052e-05
6,87075482161729e-05
6,947365322096055e-05
7,030294091432542e-05
7,55194776556137e-05
6,504304698432296e-05
6,68342899064675e-05
6,652679661810328e-05
6,615540754105957e-05
6,530504350981415e-05
6,472322911696559e-05
6,362631829321095e-05
6,244099571106204e-05
6,075801705251922e-05
0,0001118647687925483
7,819064113599553e-05
6,910593256109331e-05
6,619350170213702e-05
6,511255786139333e-05
6,44538558468468e-05
6,406994768980246e-05
6,349387920967155e-05
6,325715696488986e-05
6,322193157622486e-05
6,291052362448748e-05
7,626220093415687e-05
6,548826547426614e-05
6,577929873754278e-05
6,620145740597582e-05
6,682710107898816e-05
6,860663267541852e-05
6,86452101286848e-05
6,959024006978007e-05
7,096279160595726e-05
8,038795799376694e-05
9,995021350454067e-05
7,226376269629594e-05
7,060805662391722e-05
7,022726296479996e-05
6,964909443996566e-05
6,866904528200608e-05
6,792455390085141e-05
6,73178067861624e-05
6,673084827012579e-05
6,776788748294266e-05
7,838637117603266e-05
5,656210822177456e-05
5,801626161561997e-05
5,9337429726682926e-05
5,991577209742989e-05
6,064181281615151e-05
6,038446935163432e-05
6,259108633218759e-05
6,316253352966503e-05
6,301569542247744e-05
4,230434274876436e-05
6,780105288128816e-05
6,652404875874378e-05
6,593629605689763e-05
6,53728706513786e-05
6,499419087182707e-05
6,456891021245774e-05
6,427901562069198e-05
6,433361904001773e-05
6,472722063100539e-05
6,489947725519945e-05
5,8527629277638384e-05
6,528546883001837e-05
6,619545804686592e-05
6,619051086840287e-05
6,653868731380637e-05
6,684371279847963e-05
6,84362990637329e-05
6,471917567271711e-05
6,530668582288479e-05
6,525532387965057e-05
6,69379280726229e-05
6,638393755560351e-05
6,629957489498348e-05
6,652616944003276e-05
6,675407083084576e-05
6,695212648987157e-05
6,681886629657256e-05
6,678146233556222e-05
6,656592896415892e-05
6,689247276022552e-05
6,986233477052347e-05
5,9613042033742264e-05
6,166466693762717e-05
6,125688426587883e-05
6,218893283671252e-05
6,199149676796685e-05
6,222371524244538e-05
6,20995351189805e-05
6,392987745508329e-05
6,433477630947726e-05
6,399257431766936e-05
6,55601803307668e-05
6,570151590737712e-05
6,585356043717782e-05
6,55737180307633e-05
6,501787651745804e-05
6,436838458761259e-05
6,379182022398984e-05
6,308463764334571e-05
6,256749348780085e-05
6,141500305959387e-05
8,027980333793234e-05
6,478843451811789e-05
6,442603004086508e-05
6,436877951817667e-05
6,781351665955593e-05
6,541924586895637e-05
6,570359741176229e-05
6,626952723783382e-05
6,715014221464103e-05
7,465608182268338e-05
5,3714954526038466e-05
6,0209513914200535e-05
6,160042474279613e-05
6,268272686787224e-05
6,3441585782102e-05
6,444090734437913e-05
6,52809329590624e-05
6,624596538045213e-05
6,712103105792594e-05
6,89226796966433e-05
8,575297518897103e-05
6,68923945203195e-05
6,550459959964347e-05
6,530572720961479e-05
6,508137365552709e-05
6,461981105984919e-05
6,450232284007425e-05
6,440205253183814e-05
6,453401011160604e-05
6,561324591456508e-05
9,833496283094558e-05
5,712461644017309e-05
5,94286076642871e-05
6,0199845998438476e-05
6,058032518819526e-05
6,060818468885033e-05
6,057786646026392e-05
6,037680670640688e-05
6,00544281722559e-05
6,004907444580403e-05
6,085496443167821e-05
0,00012652366386349333
6,731595036387801e-05
6,522759034866908e-05
6,502883105680175e-05
6,550907045134613e-05
6,623944600130243e-05
6,64143734985268e-05
6,694953377322556e-05
6,762040270412396e-05
6,7182669608591e-05
7,073602285415328e-05
6,923332891562201e-05
6,902751324238605e-05
6,857219795448294e-05
6,807892864016552e-05
6,791862297129068e-05
6,793798835968202e-05
6,919390301996112e-05
7,23073576423056e-05
8,38275981871892e-05
0,00022771467811978703
2,392061729404681e-05
3,819472621284335e-05
4,4261384854042916e-05
4,8386171632846316e-05
5,020836787501813e-05
5,454634597189326e-05
5,687310050433049e-05
5,8721571812362904e-05
6,061814344553674e-05
6,104518023307088e-05
6,413620760960893e-05
6,433043597193515e-05
6,431091957069639e-05
6,439540437473827e-05
6,396056336899458e-05
6,381548320787624e-05
6,353373467359032e-05
6,386955809612218e-05
6,520836073250416e-05
7,102922827403615e-05
5,082176751846947e-05
5,992705623544914e-05
6,205788007079901e-05
6,321617410116769e-05
6,422446422332188e-05
6,471559085690101e-05
6,475677534805005e-05
6,462762969898769e-05
6,45038615839554e-05
6,539334618790441e-05
6,386865984756537e-05
6,314184979889825e-05
6,303395904098032e-05
6,290713761405797e-05
6,309166054949102e-05
6,333865366903648e-05
6,358646705371131e-05
6,363266653484848e-05
6,350867038480739e-05
6,306581242107663e-05
6,32728532453266e-05
6,338595629655485e-05
6,27520707338246e-05
6,233287866365675e-05
6,212384915930884e-05
6,21448984398309e-05
6,252078889274124e-05
6,301190556529725e-05
6,382457394392031e-05
6,464832572233316e-05
6,264670880186961e-05
6,520870390295824e-05
6,53467596270551e-05
6,536450308133953e-05
6,508344780331357e-05
6,463632002952793e-05
6,422008374654544e-05
6,351034615808289e-05
6,317808143681676e-05
6,302788110796952e-05
6,44239902325422e-05
6,151737655097032e-05
6,232626093532734e-05
6,26419678027316e-05
6,2985874173441e-05
6,334729348087979e-05
6,352589390900167e-05
6,374589017609329e-05
6,337044219697745e-05
6,317864620133597e-05
6,272928720032503e-05
6,359459251328453e-05
6,296649470069318e-05
6,269036973545109e-05
6,259920808072732e-05
6,260361764234665e-05
6,229712849772257e-05
6,240300682603253e-05
6,218104344446342e-05
6,144543089740741e-05
5,869692659976392e-05
9,376883705314945e-05
6,685584607094086e-05
6,490788217339313e-05
6,398815961726566e-05
6,3180748590944e-05
6,278769612813374e-05
6,246037017765639e-05
6,245357498844778e-05
6,266224981895075e-05
6,353085261950429e-05
6,701174350838611e-05
6,0258872426479215e-05
6,379153326718956e-05
6,377689452214225e-05
6,393645788382613e-05
6,38228971203988e-05
6,328571410714787e-05
6,199312295583302e-05
5,956738609149271e-05
5,3461053548806436e-05
1,9177868747848934e-05
8,398358223765383e-05
7,286405644389964e-05
6,947086101586147e-05
6,765536498416156e-05
6,677768685871872e-05
6,642336153468648e-05
6,601843093342465e-05
6,583909445793941e-05
6,59879026447947e-05
6,743597203970852e-05
4,5589903913168314e-05
6,417354430400848e-05
6,626556775795842e-05
6,649049865854272e-05
6,642632592401525e-05
6,785386670421048e-05
6,715355466542606e-05
6,903312051295594e-05
7,38789466002135e-05
9,448326553888527e-05
2,7252578170792292e-05
4,087605805536e-05
4,306781625301863e-05
4,073788408524527e-05
3,739397092157129e-05
3,5209199782841686e-05
3,687043680338828e-05
4,4222710385433615e-05
5,641660249395795e-05
7,29355530879061e-05
0,00010707153641679272
8,680276730209011e-05
0,00012065748081478175
0,00014752017630602436
0,00016982327947920816
0,00018578894518670854
0,0001985764762369536
0,00020888824439948647
0,00022460080864307195
0,00024157810544443248
0,00023057988637548827
0,00026616487611375353
0,00026286009626509514
0,00025746260250682196
0,00025209628700239976
0,00024563817750519203
0,00023463421882800043
0,00022107428930445797
0,00021100765886171693
0,00020874662318614296
0,00020970583239675114
0,00015910973348282835
0,0001845416824004821
0,000170689440972201
0,00017283525815600046
0,00018991138507086844
0,0002032459091224625
0,00020245516541747094
0,00018656123615467824
0,0001714766036523283
0,00016591102445756892
0,0001632424890609127
0,00015684504253147305
0,00013755807754514175
0,00010930063226325536
8,085581803532824e-05
6,20537495477354e-05
6,361897320247911e-05
8,924048195748104e-05
0,00012636193343829803
0,00016165853907126946
0,00019036850576412958
0,0002216194385059937
0,00026796456708968623
0,0003314503980973802
0,0003912474945370304
0,00043180670569653844
0,00044750730092543993
0,000457547999972719
0,0004950706144009102
0,0005626417013904074
0,0006415660905325317
0,0006893620954508543
0,0007216298382138115
0,0007530110842399216
0,0008034380662040502
0,0008703341443263372
0,000933908492730687
0,0009861127451390183
0,0010399866541141365
0,0011099613266817641
0,001186328557359838
0,0012520853619406068
0,0012561072919788313
0,0012480760158957492
0,0012668665931654043
0,001337726634807886
0,0014234244362456255
0,0014627050409425372
0,001423161146213078
0,0013320308789431744
0,0012642983651002652
0,0012643817124629163
0,001310920141079513
0,0013198796144517585
0,0012588882303408299
0,0011557336684849585
0,001071036557439773
0,0010275062279368257
0,0009830518505009281
0,0008959788799698388
0,0007916542631458458
0,0007454078783976996
0,0008357405181853194
0,0008643179220533654
0,0007728284533247129
0,0005281557087988722
0,0002268167631832945
0,00037664434455451473
0,0006947241083088458
0,000871303776151053
0,000845920040373193
0,0006608925223123026
0,0004072560452541605
0,000494276114495803
0,0007648473336359901
0,0009595235133103702
0,001024416612912229
0,0010005933152419909
0,0009721815953302541
0,0009898946290114107
0,0010303389124288618
0,00106495218596078
0,001072853951684379
0,0011824140014830605
0,0013046079270855855
0,0013899901003421719
0,0013841554720487091
0,0012919979302562896
0,001191836680616862
0,0011847976280856029
0,0012809264542410323
0,0013878018365383325
0,0014344456711344808
0,001379093337997488
0,0012790075706970942
0,0011901066254976231
0,0011450550651456622
0,0011316783111903362
0,0011235670552587353
0,0011105351623306914
0,0010916010687792882
0,0010532994240425122
0,0009004957147896187
0,0009292966320859805
0,0007933633484216497
0,0006963806003287121
0,0006635131745605568
0,0006701343242229267
0,0006650859037601428
0,0006170483829778927
0,0005312009534046472
0,00043253764479734305
0,0003525077141723654
0,0002907058230562411
0,00025227009346186387
0,00022249654432416127
0,00019989791067456328
0,00018239392086368323
0,000158312811338538
0,00012008532852827622
7,352916224861121e-05
5,2161385622176095e-05
9,10599821622713e-05
5,254235988313917e-05
6,497190552309256e-05
4,7117938660855846e-05
3,203515376134339e-05
5,3967313395513195e-05
8,560003563472815e-05
0,00011151920738772029
0,00012885392494585548
0,0001356978456147842
0,00012927072582445548
0,00010414557993484614
6,502462896298687e-05
1,8190996307309552e-05
3,16624966233981e-05
6,913248248753526e-05
9,029074217579595e-05
9,344830657416782e-05
8,21976650154385e-05
6,50554872398372e-05
5,427751388101812e-05
5,490491363809967e-05
6,172798217913928e-05
6,429088078283284e-05
5,837334513571874e-05
4,4266933154839396e-05
3,0341029059446286e-05
3,770604529910025e-05
6,191100107162942e-05
8,344118889437332e-05
9,46253772531065e-05
9,363099262570609e-05
7,821112344502218e-05
5,453534125375397e-05
3,523055839131436e-05
3,6116342254321e-05
5,02139626107517e-05
6,17339933858222e-05
6,646334266977217e-05
6,536714862640461e-05
6,119940576301074e-05
6,360164234039277e-05
4,683290119552652e-05
5,260361927645333e-05
5,5209933139700485e-05
5,398540259048431e-05
4,9494905568025695e-05
4,5286313653073416e-05
4,465619782047839e-05
4,8300240976847196e-05
5,2544213309969274e-05
5,420183401256237e-05
5,6814258819183054e-05
5,095155230308534e-05
4,767505960076228e-05
4,5734374342089376e-05
4,576594956307561e-05
4,724914561906935e-05
5,116120758534678e-05
5,78042717251077e-05
6,623514242596465e-05
7,763513009036788e-05
1,614806385602552e-05
4,7116316210163604e-05
3,560508230865723e-05
2,8239606641554124e-05
4,625571684672348e-05
7,415343981172973e-05
9,774842282804099e-05
0,00011004866680910527
0,00010710075449398742
8,710445633381203e-05
4,9904251818083335e-05
2,4110045764042774e-05
5,371899754201238e-05
9,658123571998424e-05
0,00012870690459679712
0,0001441454647273388
0,00013709878296290246
0,00010982017157760605
6,638589677150738e-05
2,661448235234111e-05
0,00020704397926954907
4,2219430236000746e-05
5,1470356852769014e-05
4,449948141077249e-05
1,4827939274511632e-05
3,754415778284138e-05
9,598565745467986e-05
0,00015334704725654727
0,00019879620837702006
0,00022676163034613807
0,0002418535328212108
0,00023749928816000197
0,00029712866685596803
0,00037567352936817
0,00047220956237133333
0,0005645088538530149
0,000636520643557619
0,000675165016998289
0,0006898073398120355
0,0006945579824072871
0,0006926698722733931
0,0008624144657072701
0,0008918551744262305
0,0009893364557631496
0,0010909447669475276
0,0011583848729401572
0,0011602619905590075
0,0010997619690416016
0,0010382315977497244
0,001070634902541915
0,0012104246878734408
0,0013709675263133755
0,0014191660137551955
0,0014274822897505225
0,0014153547248441038
0,0014275662800043072
0,0014080166217892668
0,0012653851401198473
0,0009835222849706355
0,0007822680147463607
0,0009736053721274361
0,0013108980005905357
0,0015412307979375483
0,0014928331766338794
0,0012708937833099529
0,0010943956996084636
0,0011172139756887387
0,0011737569131827893
0,0010551303309579408
0,0007296542254851645
0,00039908520255789155
0,0005299561278457756
0,0007784930803205631
0,000814457703282159
0,00060994976576993
0,00025545868743502564
0,00015727051249518826
0,00041977192126478374
0,0005226195985944855
0,0004728667887101394
0,00036643132710404347
0,0003254924896210296
0,00033551784181597833
0,0003353595448448186
0,00031281906636262177
0,0003064924226541332
0,0003076700005073498
0,000286290551005178
0,00024470040469117807
0,00020186609065411462
0,0001723135876260745
0,00022177070412947024
0,00036610129633922185
0,0005192729140535992
0,0005758711889564033
0,0005116226689279089
0,0003901338621708224
0,0003982203284715443
0,0004972122559514296
0,0004810868657368287
0,0003241941811573715
0,0004894809558406598
0,0010190300538451263
0,0015394609110235653
0,001881535406922288
0,0019741716577873786
0,0018490053507029998
0,0015999192027010894
0,0012935043674913325
0,0008969210057865314
0,00033538166710738495
0,00041765566767738664
0,0012357666524817367
0,001971892333379878
0,002418381943082211
0,002483484434609314
0,002141841769117868
0,001484475332253057
0,0007051270811310757
0,0004774993262529104
0,0010382573272624774
0,0014912361499418438
0,0017570186240864814
0,0019271908075705
0,0020208406762664446
0,0020622909526780402
0,001970001439545814
0,001663949948008128
0,0011403295300254693
0,0006639944316735953
0,0010618579341595007
0,0018545013147686716
0,0025091860240533982
0,0028353639600799123
0,0027957436800593134
0,0023709577116111367
0,001716040608503647
0,0010540300511202032
0,0007637850583055812
0,0009343720289332148
0,0010853987076479279
0,0010347323701485318
0,0008115915141021607
0,0005349710498233852
0,00028631833792485095
0,0001928999348989888
0,00017007160048916275
0,00020277773033775017
0,00033662339665914523
0,0004850867144527737
0,0005754493251387661
0,000582340198352269
0,0005246184474408482
0,0004361251688917636
0,000498870943919362
0,00029374043410930863
0,0001875951280228298
0,0002884080217399772
0,0005394472524056068
0,0007863014833403004
0,0009575738722577674
0,001024528463006573
0,000996497752296017
0,0009194272574105727
0,0008500118678082965
0,0008042149611847551
0,0007643954146242789
0,0007062024156207159
0,0006409314709474482
0,0006039099769720384
0,0006041384940977174
0,0006043176618326263
0,000560272404737881
0,00045182691340130723
0,00017279735952647845
0,00022183860080050838
0,00011152013915593865
0,0002502284520205531
0,0004596604165532487
0,0006796011549236946
0,0008821649600863489
0,0010355405079907091
0,0011205255642759762
0,001135792120961649
0,0010989288491239288
0,0010250608120582628
0,0009372800106323797
0,0008317973502601352
0,0007027501626271663
0,0005532528315367054
0,00039928213053017563
0,0002681451197827
0,0001910020604158334
0,00017712913132553158
0,00019713746066296638
0,0002475481372898977
0,0002789463570022414
0,0003073866384759044
0,00032438455929073746
0,0003373701251915823
0,000359437201925222
0,00039272131518942855
0,0004235323987010403
0,0004363023030007416
0,00042634888198360253
0,0003868466711297306
0,0003472932796929797
0,00029988967557816764
0,0002510592315614389
0,00019938373697665104
0,00014667010485486706
9,957202386424617e-05
6,994459102886656e-05
6,352770710213591e-05
6,702845286602187e-05
6,702654626127488e-05
6,636916707957831e-05
6,206033058235836e-05
6,0046426179195816e-05
6,321509056728515e-05
6,939519480644107e-05
7,3351256340271e-05
7,221933246396606e-05
6,613082459685803e-05
5,823567485205473e-05
5,201331465194213e-05
5,6466621488821037e-05
6,484054584398748e-05
8,112436184759791e-05
0,00010427279759030425
0,00013547794974364091
0,00017640583741193727
0,0002266572242656005
0,00028073928409731887
0,0003296623822515105
0,00036224861193944396
0,0003917686282884245
0,0003913146345879611
0,0003798299378475869
0,00036480835639963777
0,00035788434939824915
0,0003711735307567852
0,00040786333684598335
0,0004574560746796514
0,0005023126682506137
0,0005248251253748415
0,0005087784068364116
0,00045595981158772273
0,0003647641722184217
0,00024588388180303333
0,0001371346597198503
0,00016841979232903623
0,00030970996631404893
0,0004580511357087667
0,0005869374762103994
0,0006877285580706976
0,0006805076044681717
0,0007447998011420043
0,0007476086161490624
0,0007419674681219889
0,0007470745482398155
0,0007720298771704631
0,0008100387148622742
0,0008436058273928196
0,0008522112279390415
0,0008200289729563652
0,0007436984097990006
0,0006013615411448283
0,00042997321019974286
0,00026754787327464995
0,0002647748978690417
0,00044445494423735145
0,0006549505365404826
0,000839382704997513
0,0009726137513578182
0,0010408759510873934
0,0010236185034736762
0,000981572112131924
0,0008510942333033697
0,000678029618393477
0,00048067050229921697
0,00028455983436249087
0,00014164276772147936
0,00017019431482107766
0,0002661823459653705
0,0003321360099083792
0,00035696715530700074
0,0003745918268281408
0,00035909729957708765
0,0003911635669882644
0,00046416579435868283
0,0005555893565627055
0,0006360977698577386
0,0006849026553150329
0,0006863761678377226
0,0006343119177177205
0,0005421696793112184
0,0003290750554780559
0,0001702255931952942
0,00012906386576692002
0,0003124510267068315
0,0005048260450847811
0,000665794826432253
0,0007788348344029082
0,0008339063578814191
0,0008298334566651852
0,0007734466189409742
0,0007002710242562776
0,0005163692382620303
0,00045555236566799856
0,0004645585915639191
0,0005499136495162556
0,0006625006655876711
0,0007598865038312401
0,0008199074930494181
0,0008297162633749944
0,0007873581479518783
0,0007067687692901822
0,0005621670478924764
0,00040594718684000894
0,0002523131919578969
0,00018861380098349217
0,0002917767184365609
0,0004490925148346047
0,0006049543016802729
0,0007469220451183598
0,0008719598984707006
0,0009819876805811927
0,0010823221571116196
0,0011684397740366452
0,0012473994776415523
0,0013199690379773017
0,0013788496702869654
0,0014225719123921808
0,0014462503046782738
0,0014460425813931916
0,001416461597747837
0,0013556813758911917
0,001270404579852673
0,0011477271531012171
0,0010010360232012992
0,0008352669554462743
0,0006602168737450739
0,0004901011978578173
0,0003506841611045075
0,00028338369617088733
0,0003091721164914073
0,0003787238623009898
0,000442335331015833
0,00048666406148510514
0,0004923959003200226
0,00046728505126337826
0,00041320640110090406
0,00033966933155911514
0,0002540742730784201
0,0001709578067539716
0,00012136626970758656
0,00014369474345725004
0,00018580568464126836
0,00027997938960312734
0,0003447076233859215
0,00040279118179033463
0,00045314462580426035
0,0004958775057895262
0,0005297766609926267
0,0005539517247672563
0,0005687228291283063
0,0005744277539451285
0,0005751190159884688
0,0005687706249163836
0,0005825265944647548
0,0006057601793546625
0,0006463077736164579
0,0007027784766962464
0,0007675417340117144
0,0008346203855401662
0,0008948180897076664
0,0009399049660395958
0,0009585024913326786
0,0009938633952947778
0,0009536044789611618
0,0008949726174004952
0,0008088792404314307
0,0006977481716317096
0,0005686757771595429
0,000436437406139201
0,00032982040117605167
0,00030192083137123917
0,00037436384580082413
0,000535554946512849
0,0005315718808684433
0,0006348998932181056
0,0006896531714592057
0,0007032828067303582
0,0006790011850458059
0,0006253018708282513
0,0005564903753788089
0,0005011350397405506
0,0004917414883688965
0,0005532726422031557
0,0006611697016242761
0,0007842012877621104
0,0008968893511418373
0,000980228694593854
0,0010212813900267036
0,0010119760709471374
0,0009477708613063442
0,0008285393128461326
0,0006578340476620723
0,000441716614594916
0,000210330286328046
7,903057142282473e-05
0,00035670269570073484
0,0006317850048347677
0,0008879357452663706
0,001112321833398155
0,00129398834430576
0,0014251409946631857
0,0015002651762621682
0,0015177074921926199
0,0014614344107265324
0,0013787868863080217
0,0012408790081215744
0,0010653724465980424
0,0008637928257377675
0,0006478437126903851
0,00042982844218530534
0,0002242322709921507
8,004440207010587e-05
0,00017176377021132957
0,0002822372448955524
0,0004373340272932292
0,0005010695237011001
0,0005391113448420659
0,0005489185278927159
0,0005360999605660647
0,0005045817037956662
0,0004604567467842764
0,0004100776991378078
0,00035927839063150456
0,00031047255571700557
0,00027396940952605537
0,00024754695486267565
0,00024300088984591874
0,0002656781563810762
0,00031142383562791616
0,0003730194210217161
0,00044159751278444317
0,0005092637384080393
0,0005693419046452199
0,0006128221246304716
0,0006657340982083274
0,0006688911021094538
0,0006576344709938417
0,0006250311250561672
0,0005711884798202596
0,0004997364437351866
0,00041920380709966005
0,0003472602534768288
0,00031858375802973755
0,0003616846292573364
0,0004646319979266549
0,0005990854616499717
0,0007398618802130619
0,0008749690248075925
0,0009954863835711458
0,001094978082319433
0,0011693569980430994
0,0012157884319651468
0,0012336151782794257
0,0012231516479951844
0,001187006719739562
0,0011225947757804544
0,0010411321518849486
0,0009464710387981143
0,0008472319855521172
0,0007550967320531711
0,0006824816556628123
0,0006412777424446516
0,0006338776635493011
0,0006530585250608616
0,000682988195669606
0,0007084829685394607
0,0007250056235725727
0,0007203175609852762
0,0006947466633699347
0,0006484232376565522
0,0005829048581320549
0,0005011136569215756
0,00040634559741379895
0,00030260924591738803
0,00019226951979403232
0,00012968699478621744
0,00013006381144964636
0,0002079415600851601
0,00029522274845472565
0,000371065552377265
0,0004265994060783974
0,0004585720346967813
0,00046511749052293897
0,0004483566979109037
0,0004128405298296899
0,00036727837465040756
0,0003205676931403174
0,00028254296346105523
0,00025890949547901804
0,0002466895191231022
0,00023639807550146708
0,00022037546296576447
0,00019708828779394747
0,0001784641471126531
0,00019318768823451692
0,00019186686221161033
0,0002795085499190542
0,0003601976503621628
0,00043020650995157666
0,0004822211155090582
0,0005118801050130926
0,000516373873599279
0,0004983191415996023
0,0004637683749709563
0,000422484522023495
0,00038507318642536976
0,0003809234682510427
0,0003895082137438517
0,000417233036260695
0,00044994622825307525
0,0004761236271576024
0,0004929382245108339
0,0004991453428213088
0,0004986213041273874
0,0004945546017291795
0,00043417742741955575
0,000552085455389525
0,0005566555561324223
0,00056445973952714
0,00056053874938624
0,0005381570956461645
0,0004950430664072985
0,0004366187473384018
0,0003791771677836815
0,0003534105774008497
0,0003878242311506082
0,000484680184252144
0,0005906752082274579
0,0007010490455391193
0,0007881909620436044
0,0008416008148536723
0,000853546458945796
0,0008200230987106977
0,0007439608758128464
0,000630790382490655
0,000492738791316926
0,0003610938491906415
0,0002593567726004054
0,0002712635174662526
0,0003665375205390694
0,000473416110883011
0,0005577338892760062
0,0006073968100428729
0,000619275644110209
0,0005993715114377301
0,0005656564793185761
0,0005567613107864077
0,0005489605628153108
0,0006517804419895352
0,0007980800506007125
0,0009628099365635676
0,0011187697643453593
0,001244103917458037
0,0013174071515432513
0,0013295612755947607
0,0012712172867521438
0,0011400188429399037
0,0009562487701805729
0,0007240139489601235
0,0004969969397008324
0,000394920419369253
0,0005192011903827305
0,0007361214393255142
0,0009356868826797574
0,0010744030079742788
0,0011319667411588143
0,0011029778015544784
0,0009954745524638322
0,0008320711448012669
0,0006655419707643426
0,0005821192091365895
0,0006532848276669691
0,0008212808091484357
0,0009938139861571074
0,0011153379892823883
0,0011572701732920558
0,0011077789327302535
0,0009667363374522482
0,0007452189597224754
0,0004624960620166085
0,00015152544213586742
0,0002170666530821579
0,000533337186303046
0,0008195592619338379
0,0010532792165833178
0,0012224594033966548
0,0013220883735910707
0,0013526847102572062
0,001328450356383466
0,001246948948845287
0,0011278801880591606
0,0009864820269894483
0,0008309368311629298
0,0006831782509970821
0,0005685293529088985
0,0005161078387643488
0,000541742491241408
0,0006094725326291827
0,0007185019832869732
0,000799824120704175
0,0008513695426596642
0,000863278339245547
0,0008346922573685079
0,0007684232042856616
0,0006756002335229125
0,0005738969089686984
0,000488343725149244
0,000447452746489951
0,00048354816376302743
0,0005247478706527777
0,0005887587829591878
0,0006419902897991247
0,0006745369170340428
0,0006823378878839395
0,0006691347583774994
0,0006399721420199968
0,0006018355592464246
0,0005659596359456156
0,0005058622533633513
0,0004883468828074974
0,0004756954314033161
0,0004770145627785603
0,0004950268429153709
0,0005327654926157141
0,000592938768521345
0,000675726226532632
0,0007775302702838878
0,0008903512249593028
0,0009961015993957974
0,0011205442597836382
0,0011910895463646456
0,001228574608259367
0,0012175865474211953
0,001149864381423724
0,0010233550885815695
0,0008371653444788227
0,0005990425147588752
0,0003200357565685704
6,4532106991212e-05
0,0003283563559311323
0,0006385617501434121
0,000928098636317925
0,0011794090806354822
0,0013805170100294553
0,0015240996773257913
0,0016086509541547516
0,00163791182589516
0,0016206779110978264
0,0015772515320207892
0,0013484102915349734
0,0013450999928573484
0,0012517575272411362
0,0011552733605313126
0,0010619039191711096
0,0009741218358961099
0,0008895801684691659
0,0008113850659908004
0,0007453484810296425
0,0006873144369715769
0,000654580846810869
0,0006282847832840365
0,0005988034676414756
0,0005643722350434841
0,0005324610806562505
0,0004551017724285992
0,0003620474173411209
0,0002862892150160574
0,00014117248749071542
4,815637647984159e-05
9,712965611006268e-05
0,0002268849921849364
0,0003205854681112045
0,00034770399443157885
0,0005427391371261133
0,0005362859237762419
0,0005147235844242755
0,0007018468117038238
0,0005588480811038772
0,000511611704412916
0,0006941416186375834
0,00044056720700848007
0,0004633329887702086
0,0006622911936159724
0,0003145552457449129
0,0004856992317432711
0,0006533791981891125
0,00020010536769200822
0,0005185099397414396
0,0005748061637752622
1,8073789155483146e-05
0,0005321906492352608
0,00042746438872588954
0,00014690372171944206
0,00040071149241234033
0,000389230245946849
0,0002403276157935541
0,0002591622406500241
0,0005995959901334171
0,0003272990763258874
0,0005263395449297672
0,0008353408546068359
0,0005407404643840633
0,0009187208147820441
0,001032679788740141
0,0008431325566167151
0,0011182917337650494
0,0010411184133819426
0,0009473603783420495
0,0010297924025334652
0,000918789404152532
0,0008720191645034031
0,0007691835972809485
0,0007666736562150905
0,0005865858615317953
0,0005710578326784752
0,0006708116200745066
0,0003184076736838475
0,0007650286720778099
0,00045405368788695735
0,000674310095150022
0,0009875983263918132
0,0003018892306518697
0,0013533112315931195
0,0009315344419492095
0,0009193391516750355
0,001717215418555642
0,0003450188066134416
0,0018565451544179435
0,0017578505243071695
0,000796157853469971
0,0025592464936888873
0,0012262822770565873
0,0017048511759992038
0,002639876687034126
0,000393282044861826
0,0023268862807681273
0,0022754334759837094
0,0005002909965199495
0,0023025680438225897
0,0016263742987358614
0,0012210751072300795
0,0021778864214461913
0,001442198990256808
0,0011657927191656586
0,0024119626194226453
0,0018950055812030151
0,0006724748970487902
0,0026509467906139345
0,001916715783722237
0,000907919624663923
0,002301123304410703
0,0005805259009684545
0,0021470990537746167
0,002461678541189043
0,0007677240239328481
0,0027700598940415843
0,0023904724499083582
0,0005631288458479176
0,0017401274445052028
0,0009825355259699326
0,0008559589758507262
0,0011278832352424237
0,000396595991880718
0,0015227482394803316
0,0015482663741152244
0,0008088250151360542
0,0011443059752430807
0,0012352611336830252
0,0006145318129184853
0,0003693001991482587
0,000213819812931309
0,0004723447339318854
0,0008881980026246779
0,0011453922337449764
0,0013668083424367087
0,001367927099076916
0,0012818629100297223
0,0009753186059878363
0,000609732510050251
0,0006427650661095592
0,0006444633458676333
0,0010494875944151352
0,0011609093818488769
0,0010161748855036523
0,0010774285394039656
0,0007605457067889761
0,0006116791663221385
0,0006170943685524174
0,00047662168406106294
0,0005945199592546531
0,00047824584711710067
0,000318648122897889
0,00015545930545491065
8,029569382757102e-05
0,00026855931741513983
0,00041171058417442034
0,0005372333833733894
0,0006406844088629904
0,000753499486958508
0,0007882247628340658
0,0008671507922386086
0,0008883562065444804
0,0007844954318702378
0,0006889121054723463
0,0005716264382215325
0,0003473030047201118
0,00023416224351387424
0,00021701515525766857
0,00020160087981402065
0,0001333755885126324
9,65518771808602e-05
7,304377457955256e-05
0,0002344675000283279
0,00036416452122573504
0,00053221607757154
0,000708472872578311
0,000841065745211247
0,000950761257946803
0,0010289475050633812
0,0010842966920443847
0,0011437421199012208
0,0011698758133416069
0,0011807632342220973
0,001222110867358124
0,0011939220722504474
0,0011188992315753585
0,001072975747540572
0,0010507595044243364
0,0010301194906452323
0,001068532560011856
0,0011755285102814088
0,0012516367605250201
0,0012555731901886746
0,0012234399246064814
0,0010888651826416516
0,0008420114471131192
0,0005294673214054392
0,0001864642142409557
0,00019168680593753133
0,000495588191269128
0,0007377819638682774
0,000878658726837393
0,0009115865296089218
0,0008825893384767099
0,0008356810159542267
0,000807769004379549
0,0008472751744066284
0,0009301472372176441
0,0009766180374606254
0,0009433773779580371
0,0008742536967475852
0,0008162447411684838
0,0008049419950530712
0,0008442182193868955
0,0009862992959393173
0,001065148839369317
0,001054717967069169
0,0009687243626849976
0,000831770855931531
0,0006730397827186945
0,0005575336986375341
0,0005418889721727265
0,000599325407539357
0,0006350217719838221
0,0005892656088445829
0,0005667096626089541
0,0004916896817376573
0,00040503588592491095
0,0003659637439484322
0,0004817140811336488
0,0007287862083622876
0,0009673872509388827
0,0011354270424920878
0,0012448278628269312
0,001309198402398912
0,0013066964072193734
0,001222713915457955
0,0010519096782080793
0,000845792637673874
0,0006451837550763021
0,0004326433440303836
0,00021266644016104943
0,00023745180378103206
0,0005174091936036438
0,0008725400048494292
0,0010743138366357842
0,001269151116616077
0,0012786215596363793
0,0011482581713675305
0,0009645558745067429
0,0007438077869192305
0,00043650500766786266
5,772023064981134e-05
0,00029120282546951355
0,0004761710916436393
0,0005628823287079506
0,00072633070156947
0,000991039105459096
0,0011976972851394903
0,0012894726621999705
0,0013163187987171219
0,0013206934935429278
0,0012971009429391068
0,0012507004735196935
0,0012143113558805217
0,0011624094440696863
0,001208153365887011
0,0012189694132397674
0,0011694644019785208
0,0011310903191232326
0,0011936851817087608
0,0012507873772485418
0,0012393007120883347
0,0013903139783007679
0,0017228574968345593
0,0018056474348699548
0,0013839552567913936
0,0006562918222053136
0,0008353275229580282
0,0012463063201956805
0,0010313226268385742
0,0008848538036820157
0,001844198341663337
0,0026582102556861895
0,002656584728168001
0,0017293728594420473
0,0006418080577819224
0,0012909546738549894
0,0020411205988160354
0,0020149700283862274
0,0013416092489567752
0,0006556369871510943
0,0009060279276483837
0,0010962635975915026
0,0008727916223970449
0,0009844342332007096
0,0015717159605410896
0,001804344632754856
0,0013743743650829587
0,0005496703870313325
0,0008115744017966369
0,001286653871462122
0,0010735102306305342
0,0004696436528341784
0,0009495946190982491
0,0014630168035869317
0,001349377951686078
0,000687883439918666
0,00029129106708638425
0,0006672449462903183
0,0006111086944528598
0,000361960280800195
0,000577686594850174
0,0007051006236181727
0,0005284036809068603
0,00043937246122444996
0,0005878160550057061
0,0006408479214546279
0,0009139980936630828
0,0014588244366790762
0,0018650522818607288
0,0019470246461168756
0,0017979007622338705
0,0015766551856328515
0,0012766945192896973
0,0008408027910845835
0,0004313788747316838
0,0005776451298389487
0,0010068913729492602
0,0014099977809880818
0,0016500832990438798
0,0016005818224543006
0,001277252148121045
0,0008637173039303315
0,0005732389653521192
0,0006434263230731185
0,0011075319969011288
0,0015731263200933192
0,001735017368816591
0,0015232144407968233
0,0012035146393735677
0,0010892059842783086
0,0009743935637297312
0,0005744272952058196
0,00019419961714181756
0,0006466211623895731
0,000833022408906139
0,0006883727164440429
0,00030362173982827325
4,439619439064924e-05
8,990294092399609e-05
0,00016849620321085103
0,00042310218314557706
0,0005523784947401334
0,00044496902093430505
0,00016421665308615432
0,00022723112309083662
0,0004987885689226618
0,0007301853107826673
0,0009535758868761303
0,0011446179980823797
0,0012681325070883313
0,0013496636572789232
0,001421565027966086
0,0014605324833052245
0,0014398769762268913
0,001378616592607686
0,0012621865857989864
0,0011435259687840322
0,0009526578686616468
0,0007594320517869069
0,0006601108788122658
0,0007247943160782583
0,0009260445288189051
0,0011263418418733311
0,0011659285905018537
0,0010168338829640244
0,000937808526544068
0,0011502672039798959
0,0012865183911943544
0,0010183584043796734
0,000353733665148192
0,00041874989764479617
0,0008985574204440378
0,0008275709952462321
0,00029757701181822336
0,0005826236356442231
0,0011071769058738914
0,0009225571247005507
0,0007356331268795832
0,0010869749001034114
0,0012963449399608733
0,0008303555455379264
0,0002823046395655173
0,0013986319020119437
0,0020177364256887056
0,0017687166148620396
0,0008090354383084641
0,0006101090752894232
0,0013524327447781003
0,0014046195309417614
0,000958927467960057
0,0009883918550120832
0,0013801314932226753
0,0013474362072700143
0,0009750269347376936
0,000854563202842918
0,0009393101077715651
0,0008258063844708627
0,0008849146445583716
0,001316983150104985
0,0015021326473721995
0,0011740226582978585
0,00044347064291721036
0,0004007729220796609
0,0010721795234036277
0,001438208544882864
0,0014626689320267733
0,001145439925708431
0,0006632109040452999
0,0005599753657793285
0,000985411951150226
0,0011396247991194586
0,000873469266148518
0,0003575719282423667
0,0003732828680706319
0,0007083145054101196
0,0008012827214235749
0,0007717162408973654
0,0008858777208813916
0,0010571370094128111
0,0011738104161853444
0,0012168326183993185
0,0012461273858430165
0,0012975759110128984
0,0013348996722637478
0,0013020552152690872
0,0011999182183196882
0,0010925417596935377
0,001057199051256792
0,0009676938771455253
0,0008491712699731569
0,0006793025933179688
0,0005221695206898794
0,0004562259420719399
0,0004870914700531682
0,0005329924360212304
0,000531321382506713
0,0005025618938844024
0,0005054827427441027
0,0005447148619139368
0,000555203017361999
0,0005119925784973287
0,0004427857063445563
0,0003754937421460197
0,0003054462437344249
0,00024284711287915058
0,00023916870957516295
0,0002880395728748406
0,00032970022606682
0,0003631892316519714
0,0004213742359851116
0,0005249882288547898
0,0006349537873323474
0,0007085529751322008
0,0007347497675414558
0,000750756867449512
0,0007840453267488381
0,0007945335182352728
0,0007663860311751914
0,0006067611454644203
0,00047280276041706805
0,0003857881798953746
0,00036361251219437256
0,00042596140177053403
0,0005597730859599415
0,0007071447237789979
0,0008356417452944432
0,0009532401294405181
0,0010783967151313714
0,0012084392457504985
0,001321167529685679
0,0013991253999415774
0,0014439296770423027
0,0014679977681579558
0,0014604411035303755
0,0013814279179869288
0,0012055656416009083
0,0009538343639463228
0,0006802086187540827
0,000498512134966654
0,0003806360170204165
0,00043657296272928673
0,0005681060262790884
0,0006744394180459016
0,0007258054375354854
0,0007410391522011111
0,0007564944276583784
0,0007968151362685279
0,0008633876843185814
0,0009397638058527175
0,0009904352547360391
0,0010193419945894937
0,0010135593165820896
0,0009656740287800982
0,0008673240930058675
0,0007229524175718432
0,0005493550245834291
0,00039236115262967494
0,00033359251592282824
0,00040521330963956195
0,0005584593888901304
0,0006702005242831938
0,0007298794045411918
0,0007255988837033783
0,0006628658653649252
0,0005667373985142745
0,0004908696223310662
0,0005044500461696064
0,0006102198400633298
0,0007419320455822502
0,000849229720400117
0,0008815676571133701
0,0008398953587310988
0,0007239635119777543
0,0005579059206038659
0,00040368157142424264
0,00038347822577647556
0,0005225308754394665
0,0006956634139027439
0,0008292326229523508
0,0008930595822606099
0,0008707269007640158
0,0007686608595009135
0,0005971221804209303
0,0003752449088031799
0,00014025584876398115
0,00018953755428449947
0,00043643585438874047
0,0006676343679071771
0,000857410053887179
0,0009524953571895234
0,0010994948838733219
0,0010978556884530051
0,0010313996121353313
0,0009026874156180288
0,0007338483670579651
0,0005714437639045208
0,0004999033692174857
0,0005730052589512412
0,0007214108486745496
0,0008572615055947223
0,0009443032466994051
0,0009609418061191406
0,0009104418823108767
0,0008085026303243796
0,0006794737706911341
0,0005539298955228285
0,00046173457850810047
0,0004280886352074063
0,000466918797031553
0,0005743690673805497
0,0007917040834605914
0,0009986510838610621
0,001230276571593679
0,0014387683830712897
0,0015882433218834982
0,0016505112265933972
0,00160863236799248
0,0014598440787634104
0,0012194264251031534
0,0009215353735591899
0,000640028233138693
0,0005147196884631041
0,0006370346130121587
0,0008460454815770711
0,001016131046345761
0,0011020574449394117
0,0010926004925303715
0,0009955094507000494
0,0008336718083193948
0,0006492742655945663
0,0005195673414426038
0,0005463440620175041
0,0007095698011751124
0,000912976012921072
0,0010947135920328565
0,0012220967737571777
0,00127542092999503
0,0012430820408229426
0,00112356307811573
0,0009265615753945461
0,0006828399061455901
0,0004688409728716884
0,00046189578495827506
0,000670023253430255
0,0009167089594490373
0,0011140772486723431
0,0012272615219089534
0,0012450932440366861
0,0011727679713574213
0,0010335171849044217
0,0008687880326383613
0,0007066907845309236
0,0006262379383051384
0,0006207805991601004
0,0006479202466184272
0,0006607418084696012
0,0006393781370681703
0,0005894369170835826
0,0005315153313042468
0,00048705195141332297
0,0004582608722353762
0,000425488635493882
0,0003608378277308714
0,00024839656636104607
9,588370868290953e-05
0,00014218652810054028
0,00035370092181261857
0,0005574974180267068
0,0007205280736026418
0,0008172358950783734
0,0008388161551205622
0,0006497655266643259
0,0005692863004571422
0,00037647746734252206
0,0002360696495000719
0,0003366639075833659
0,0005386584413936145
0,0007125171108136804
0,0008202140823200055
0,000850601506921765
0,0008092460512966885
0,0007174699861871054
0,0005937909257266469
0,0004868437189054445
0,00041697266731596333
0,00037485735440819407
0,00032626618632013854
0,0002405416766029342
0,00011537419240143917
0,0001249200042884853
0,0003291735740477721
0,0005572377349286863
0,0007716176891354807
0,0009573073566233747
0,0010991229677282629
0,0011914353100165103
0,001237574861318399
0,001247222647291058
0,0012345713364723193
0,0012149199544110108
0,0011997232567081742
0,0011974886517125338
0,0011982713129533357
0,0012253892593189946
0,0012489329362342155
0,0012623247938773944
0,0012525065026376238
0,0012081470913504148
0,0011211093549301178
0,0009912238294776643
0,0008241512718416873
0,0006404906985034212
0,0003669130288734225
0,00020108308890656235
0,00012076130548966973
0,00024486097402535544
0,00040200793916856043
0,0005603512105876744
0,0007220666331683348
0,0008845535401562192
0,0010374369234271157
0,0011651872013379186
0,001267684165619612
0,0012540646542429697
0,0012458823728846307
0,001191579007506643
0,0011116746982628486
0,0010189361456426085
0,0009111271327899446
0,0007735845859418945
0,0005881385632949211
0,00034522679121391575
7,643092745841347e-05
0,00028735051727215796
0,0006172557001018353
0,0009137283137881021
0,0011427301266212304
0,0012801894936372903
0,0013145746280218424
0,0012483261772122697
0,0010975268725887648
0,0008860830788335315
0,0006450010005651148
0,00042644140888793686
0,0002483762143120521
0,0002704306102883496
0,0004090517217973578
0,0005562180288642562
0,000690886645226261
0,0008095046743977672
0,0009151963219875783
0,0009959089680266187
0,001050244140069986
0,0010733853980338611
0,0010682057697154613
0,0010440346034545616
0,0010143861667430225
0,000990487461224589
0,0009732239929360497
0,0009518838021358652
0,0009111729835385496
0,000842398990208857
0,0007506727334735453
0,0006631724156798047
0,0006325872741623399
0,0006801048415729798
0,000780853027130879
0,0008785940800560694
0,0009226615098280657
0,0008920503727003569
0,0007875230990598638
0,000644316204110147
0,000545774641262117
0,0005459366452729037
0,0006917299947573736
0,0007799692601391941
0,0007768561964379877
0,0006628668984930652
0,0004707928119292224
0,0003358993396140666
0,00045655338501168996
0,0006682172391779305
0,0007997388542620029
0,0007834160879771036
0,0006001382835234363
0,00027359275407152036
0,00018166671836364538
0,0006215172484901805
0,0010114944337475354
0,0012649539239091645
0,0013341969616272407
0,0011988207020663826
0,0008775719240707434
0,000417313825118095
7,960057059489277e-05
0,000571498007912558
0,0009659173085094152
0,0012103950172393245
0,0012821122592582607
0,0011896186694032081
0,0009677780486149572
0,0006665261121476038
0,00033950266182537086
3,457344349140423e-05
0,00021937522462983926
0,00042855867565274046
0,0005521684036971383
0,0006097327095969717
0,0006010616117710369
0,000535559301179809
0,0004563638601535566
0,0004421400044958438
0,0005440467180340166
0,0006913865034867205
0,0007894785597277748
0,0008242685694278818
0,0007350864525150608
0,0005506243168092393
0,00030643668064708583
5,8032373818891134e-05
0,00014326667552189186
0,0002451295638576176
0,00024274388876890286
0,0002367901631174698
0,0004240784284433198
0,0006326171349802676
0,0009661279516627006
0,0011605535388570642
0,0012028045202406017
0,0010712386539523718
0,0007849615899578718
0,00044091960944855695
0,0004174165851400678
0,000770814617039034
0,0010945742323298117
0,0012750481470934125
0,0012335865857822817
0,0009988573193243453
0,0005985164316417056
9,353476197443464e-05
0,0004479368855365458
0,0009496727685747094
0,0013588901067272089
0,0016427346718805118
0,0017925997546519186
0,0017630421466216456
0,0018206787792190325
0,0016989487053725406
0,0015391092353294518
0,0013431118711801887
0,0011187599925884385
0,0008864340737989897
0,0006920777592631381
0,0006171392054147182
0,0007022329919783274
0,0008730875856943145
0,0010634182006868005
0,0012210361794233874
0,0013301265173309709
0,0013771848267992168
0,0013532070507026146
0,0012555044526116371
0,0010887346367371212
0,0008669361468280752
0,0006168949472183728
0,00039661128228928055
0,00038024209353097445
0,000563375881390939
0,0008179182551236396
0,0010719568659175503
0,0013034543343420743
0,0015004071078313537
0,001654329764089768
0,0017591669150989725
0,0018111378828484029
0,0018114285856058988
0,0017690106879246009
0,001691494555078903
0,001596219756243102
0,0014985919374556613
0,001410196984837535
0,0013346817055605886
0,001268090291258459
0,0012048520729735542
0,001143439388325153
0,0010891043648950673
0,001048291259833803
0,0010266218011564087
0,0010098236596378664
0,0009788484871061651
0,0009115817931203025
0,0007936259507142342
0,0006219463727395153
0,00040654656871709055
0,0001734052518587582
9,205771254005732e-05
0,0002640133291098663
0,000379106768598671
0,0004038732475089625
0,0003540307870072268
0,0003239386385327519
0,0004561934896800425
0,000695670453570681
0,0009259933571948659
0,0010694822974772176
0,0010784748107907022
0,0009403726997093188
0,0006822592939605921
0,000481763479866557
0,0006475979083820592
0,0010110420382377424
0,0013231868815019646
0,0014800402152924355
0,0014348243198123388
0,0011833968739369217
0,0007596335423696754
0,00022799953452755977
0,0003373297380166138
0,0008472560733224039
0,0012360491134290816
0,0014639398966766806
0,0015234906854401267
0,0014433584445574749
0,0012843621853952274
0,0011340010960124286
0,0010767686840161361
0,0011401004845918836
0,0012153848836825212
0,0013808271364662314
0,001480611710076775
0,0015156102261397201
0,001465959794663309
0,0013180618333129962
0,0010729595855200357
0,0007674033143011215
0,0005345137265219272
0,0006411502165454393
0,0009857295504175178
0,0013413893754619529
0,0016159435730029204
0,0017749242154875265
0,0018100223677894112
0,001734175817680235
0,0015722812058210657
0,0013590246067643494
0,0011295370083700949
0,0009190064272172513
0,0007934878324322824
0,0006621860856665237
0,0006922405119609197
0,0008027685881547147
0,0009637222431102405
0,0011480627934164567
0,0013317116193042142
0,00149252130440069
0,0016076630398161155
0,0016583941538918735
0,0016323696871570466
0,0015418153773117031
0,0013531291686775086
0,0011271076904785426
0,0008784525647675976
0,0006418586987976805
0,0004638650652519577
0,00039263406523226723
0,0004357236499625044
0,0005368915045122378
0,0006555934528761761
0,000843906980811686
0,000975673853317975
0,0011162924752652975
0,0012272161462005692
0,0012816642782972453
0,0012576086050800504
0,0011422232013749297
0,0009338925062426706
0,000648813842002418
0,00034156740264343566
0,00028216492148931124
0,000602404739281016
0,0009086906303892636
0,001145447047017523
0,0012756695395203898
0,0012855510250734514
0,0011798041267910904
0,0009776745186637218
0,0007200803300583417
0,0004690594718104593
0,00036735703282173335
0,00037354869543950196
0,00046227222541436194
0,00048459856201456193
0,0004236693844272627
0,00031436771783188635
0,0002826881779378054
0,0004272537543310867
0,0006285048637933099
0,0007974790520318225
0,000893608791035528
0,0009127318304330824
0,0008234072524767849
0,000679497032501326
0,0005144240237255043
0,00041055124776306
0,00045333792981169585
0,0005961344889803557
0,0007471984776949564
0,0008624126465722317
0,0009179086777127519
0,0009082354761723768
0,0008185654289166428
0,0006636856149134718
0,00048049341321866645
0,00039520007061667896
0,0005515175741252393
0,0008274005074486239
0,0011002036535098783
0,0013122290456818808
0,0014322013568023434
0,0014469680817850675
0,0013836946075052212
0,0012478205258257362
0,001099209508908044
0,000985773097778037
0,0009213292497721007
0,0008878342947242445
0,0008480962984714684
0,0007824839301140728
0,0007023202304824377
0,0006575450208501825
0,0005877259596669185
0,0005493668584075519
0,0004748805728741745
0,00033836264942547925
0,00015523730731467644
0,00017869122082936093
0,00041680427399870844
0,000631230331954444
0,0007665559771903474
0,0007925462588838888
0,0006879114403184486
0,0004982958372133868
0,000232839536994804
0,00013136819676724955
0,00039597415262393373
0,0006227032742054913
0,000762169367059623
0,0007962514735337701
0,000724084295469849
0,000549484637309587
0,0003661314316580087
7,704976753660007e-05
0,00023443048887794804
0,0005152905292886906
0,0007543709379065259
0,000923710215495384
0,001001276041161382
0,0009740611023625555
0,000845407506507986
0,0006383117853893738
0,0004142500883792528
0,00032152250270301477
0,0004696576596677956
0,0006554607902750167
0,0007777331814865286
0,0008104651462436905
0,0007632102984581082
0,000664838142924717
0,0005663995499052211
0,0005160219674411043
0,0005162275086257957
0,0005351207234784653
0,00052346787849546
0,00047245927668757904
0,00038956441391309587
0,00029521701763102383
0,00021376241191769173
0,00016796028368184886
0,00016386396907932472
0,00018510342448524347
0,0002249029347724113
6,466839322151695e-05
0,0001713087007340645
0,00016536910608548014
0,0001680413114664495
0,00022805985682521364
0,0003422244757654392
0,0004780984196566335
0,0006134988566667901
0,0007325789276312369
0,0008288013824604794
0,0008921302800561885
0,0009432013089675158
0,0009665184828527946
0,0009618734518293666
0,0009247780461585646
0,0008508432449868421
0,0007398458436043992
0,0005971563008657721
0,00043424717936174146
0,0002713711003874704
0,0001969906255445218
0,00016957822391944295
0,0002703438460987275
0,0003571926451831702
0,0004120697016656636
0,0004339434941415364
0,0004253638384955571
0,00039878196884225487
0,00036755988038836474
0,0003460544449578482
0,000342999228984532
0,00035312161480195183
0,0003780533544175681
0,0004043103326504065
0,0004314869076913075
0,00046247593722439256
0,0005010588065382973
0,0005456494819985091
0,0005873460188056641
0,0006115755185013147
0,0006050380950442128
0,0005309970873429585
0,0004317679214246134
0,00030215962264598683
0,00026390566205104836
0,0004340517956100144
0,0006966580770854458
0,0009750931270284667
0,0012348570230073948
0,0014531278488777051
0,0016149454006876528
0,001707495417040415
0,0017303131707980875
0,001683220953695089
0,001574772052334309
0,0014187679348239353
0,0012328301434351243
0,0010379891487694655
0,000852413875019726
0,0006905579119435624
0,0005615442789356821
0,00047309590258533285
0,0004389010522650089
0,00046930622609010915
0,0005644173945611737
0,0007065234162756864
0,0008753639677354618
0,0010519277345720588
0,0012187577706237248
0,0013577256028724158
0,0014541645880297566
0,0014997094969868869
0,0014872130558174772
0,0014262413559273511
0,001322543118152898
0,0011898933178165264
0,0010453769521863504
0,0009145956026836813
0,0008381803003284433
0,0008565608375647447
0,0009682801506079237
0,0011378546336897387
0,001226735493050125
0,0013170868597038707
0,0013204948217031896
0,0012430768039271586
0,0011014411664084006
0,000924653855342123
0,0007509649666457586
0,0006267310756418949
0,000598912258341352
0,0006859459449704667
0,0008544595980976166
0,0010577005433906014
0,001257246969285304
0,0014174746935693905
0,001512021760662916
0,0015285888425602778
0,0014688510918484281
0,0013509767371000369
0,0012015606123632072
0,0010587548705111422
0,0008501741964415341
0,0008560324039700878
0,0008771090756225531
0,0009297820004533741
0,0009601278681908425
0,0009182463058889134
0,0007723325943876044
0,0005218556734781118
0,0002370725637500875
0,0003439799525275654
0,0006940450259404084
0,0009644725974629417
0,0010936516961391727
0,0010303577031559978
0,0007734931313307691
0,00039747264126629826
0,0004120697846573547
0,0009248306600339983
0,0014342882837282361
0,0018207582655483162
0,002033831412067233
0,0020760476751468964
0,0019935196047764572
0,00187395486696068
0,0018058349326399643
0,0018262250821889192
0,0019004547001456051
0,001975631093437619
0,002027096903414548
0,002061009929412063
0,002086482324829387
0,002047249256701779
0,001995775750693609
0,0017917522577447392
0,001439534634739237
0,0009475369427854286
0,0003645484386150973
0,0002479106639222927
0,0007882048167579381
0,0011962158304637135
0,0014381047107503127
0,001394626041555763
0,001299849854498613
0,0010671143135120421
0,0007859700306468272
0,0005084173870032844
0,0002739766694348335
0,00027589141193612904
0,0006007604424652241
0,0010558692195677302
0,0015754421526413338
0,002116043706088079
0,0025402163931409296
0,0028927849612096755
0,0030794868618792925
0,0030720404548798728
0,00290846329790014
0,0025958394506694505
0,0022054020785632587
0,00178685165893694
0,0013427688404876752
0,0009267355561134289
0,0005483427882905558
0,0003743734808980418
0,0005576744788983235
0,0008284721457112905
0,0010704274148129248
0,0012538927234535997
0,0013750848218181055
0,0014121715080042119
0,0013701735276956532
0,0012362251561190427
0,0009596586058839442
0,0006222671666907116
0,00024224898595332598
0,0004171399017414377
0,0008139987448231961
0,0011451055903434978
0,0013398188030059723
0,0014366541611467777
0,001407681265528901
0,0013164725606684823
0,0011914826043121088
0,0011355220389648124
0,0012104842176165714
0,00135770377137404
0,0015244290321558109
0,001623323137686016
0,0016507073928740245
0,0016118853229383583
0,001535513409012474
0,001420285264483201
0,0013571536381759553
0,0014006261436550478
0,001468135287330667
0,0015887000886617173
0,0016005619219466862
0,0014600278483759607
0,0012811535820771553
0,0009849188336531255
0,0008136446533404968
0,0007177905025229996
0,0005439006710361111
0,0003694297123815803
0,00018922547066398308
0,0001326320671578482
0,00021404017021258684
0,0003510175222467164
0,0005934312562490559
0,0008537972444065551
0,0011096460831433138
0,0013358824153299192
0,0016254730356833665
0,0018745754723471513
0,002021918900770983
0,0019745915188642805
0,0016559863017575698
0,0013238843077198665
0,001110598376140827
0,001126601384686753
0,001246992792161377
0,0011917324554370295
0,0011440643434662157
0,0008903049648349389
0,0007849262232266254
0,0008479030458786724
0,0014628703490250417
0,0023990182386106357
0,003164181704850901
0,003607429402578255
0,0034792973029126187
0,002829200960086534
0,0018106567761148591
0,0012532540456831017
0,0017102051891759928
0,002256715336899114
0,002557993328726413
0,0019482600097375843
0,001235835344028303
0,000345397675908561
0,0005883807770133739
0,0013304784887747396
0,0013279044619512546
0,0014445831582869622
0,0013145397833498036
0,0015983075596538335
0,0014938250114328484
0,001712924911957699
0,0015578286526850178
0,0013080856846663645
0,00038993827624784246
0,0009577564050844672
0,0025015468691257183
0,0040915262354954615
0,005081120563195754
0,005817175107892993
0,005800218402502449
0,004725444320966494
0,0037068407020883682
0,0016277115183452994
0,0005207928063884612
0,0023554856097675776
0,001943924941625598
0,002896469432738131
0,0013466738565404502
0,001292413477395769
0,001971905583101477
0,000550763697019986
0,001794469671832133
0,002266149307524362
0,0013047977317893961
0,0036103056503059526
0,0009624794413262993
0,0012323486326588765
0,0055887293926865774
0,00376640127218045
0,0071933658782417365
0,00510261875438876
0,00482669974387678
0,006832584137499669
0,006290512679880713
0,008153189489803014
0,004974643141074799
0,006966896800470272
0,0021198434612671193
0,0033122881741883626
0,005030764647678817
0,0013520461785263825
0,003947416414337426
0,0006206344083434106
0,0008324065241872068
0,003755758996423691
0,0010593947888917342
0,0012808553471024462
0,0023756503226975956
0,0009507127271387651
0,0032510768822255265
0,0016864624601015193
0,0010614085732574877
0,0014821265185059069
0,0018365020563975581
0,0027034297256702325
0,0012112679491040985
0,0016873962174283426
0,0007721263597818244
0,00206107817832443
0,00108726136473816
0,0017006714435910486
0,0018082176467444212
0,0016153324111794123
0,0014249779606523522
0,0017276674888509942
0,0012060730863976768
0,001086897837816624
0,0018207261392384892
0,0014713298018049405
0,0012057423050068322
0,0011862666335711294
0,0016980506097053459
0,0022791780305274015
0,0010356766716440417
0,0006654675390422675
0,0018187775652747662
0,001286757373942358
0,00039244127460973224
0,001074053737553086
0,0012654676530623069
0,0017438308914279766
0,0014049221786719122
0,0003456013362697417
0,001279388374455132
0,0017652169283817307
0,0022501961900887033
0,0025355110470236643
0,001739062097533557
0,0013833734528338015
0,0013292857306204876
0,001765627092199737
0,0015313950346573704
0,0009026893397339669
0,001290869532429484
0,0012525226258783336
0,0006773311228556859
0,001433518560053369
0,0008665724166742329
0,00035890460027148075
0,0008287471915537808
0,0008046117225804938
0,0005461328707370903
0,0011592785781861133
0,0005229019435369956
0,000762730904021181
0,0011856167794323455
0,00044725454857131024
0,0017955850328832835
0,0016566573028540792
0,000861754518520241
0,0017330989317365694
0,0009527201502269671
0,00043279541808412605
0,00019710167692074996
0,001199936714615701
0,0017518560431006563
0,0008301630600760068
0,0012411481634041835
0,0018736162894662201
0,0012552383558064935
0,00011005305348413171
0,0012522574472783965
0,001694967893194107
0,0011441740799632383
0,00043373170613034324
0,001722310883568029
0,0015386349025748181
5,815846406038263e-05
0,001213373828308844
0,0009058698383523934
0,0010184574655140875
0,0009516431357224
0,0006447797911825817
0,0008171178146903844
0,0011726023456291306
0,0014959773120857896
0,0002802324847946238
0,0017245582196529462
0,001987522015307745
0,0006196886077577758
0,0009753822775787948
0,00184472616815556
0,001522640637683594
0,0006663843974605656
0,002099727418134204
0,001684049769499261
0,0004273713174792575
0,001514319252089521
0,0010999288855186396
0,00021691322219076264
0,0009805700284122127
0,0014532793726917048
0,0005830905877577929
0,0013719753459699453
0,0015393600742366095
0,00043340558563763093
0,0012610444756053496
0,0005556401433905165
0,0008146489432322031
0,000952978566073283
8,530329975526509e-05
0,00037868683346245404
0,0007380074256176679
0,0009414142030486289
0,0007195707029060736
0,0012962250919442094
0,0012211989868186948
0,0009539205364503116
0,001263478818497968
0,0012504824742661346
0,0016129640233035294
0,0014652168085264117
0,0011369069157750088
0,001220790890988412
0,0006479272308757905
0,00019269006671850637
0,0006066889768588636
0,000897289871372133
0,0011835827700161779
0,0011966744998319733
0,001717504395781512
0,0022780346287589732
0,002156532306487878
0,0014904192549063738
0,0012221997043448264
0,0014157057121496693
0,0013806932240598459
0,000839072254131404
0,00046493634264956063
0,001323608194838991
0,0017894044782971882
0,0012150862679055875
0,0012536746197238861
0,0019463150380072162
0,0015675543339349538
0,0006462938030163373
0,0011612960277566076
0,0012121140838408206
0,00043508103808153595
0,0011914835542101306
0,001721020849090157
0,001473955960734058
0,0011583016922823831
0,0008313904347774655
0,00039241818865889787
0,0008651176594508482
0,0010513565851882616
0,0008719800870214003
0,0016644322780331032
0,001878035361906866
0,0005814871253225857
0,001527127197573721
0,002308819028856864
0,0012092494036747936
0,00018908382511460283
0,00019058493382427948
0,0003139097174375485
0,000999092146141364
0,002115260957203272
0,001420677688395391
0,001240551959499756
0,002898124831143204
0,0021598599044116876
0,0013094505182602717
0,0016374521707329664
0,0013429807519334004
0,001175004843185753
0,0015126388826665477
0,00048404964043993607
0,0009153054650909987
0,0033008927811564548
0,004217889114334975
0,0004901763190638084
0,00145835631906742
0,0016842700811831308
0,002466559995564531
0,0006119165277149199
0,003936424311263538
0,0011827321786500831
0,001049077321080406
0,0010239037361431938
0,002192647849985101
0,002413031698585705
0,0004467580480904617
0,0017069051525158089
0,0018232954285360696
0,00576268590066526
0,0006022511326402567
0,003170616057681329
0,002813639819595119
0,0025627079150193277
0,0016913265638252898
0,0024792677236936773
0,002129807899453049
0,004131255299324254
0,0010829942789260668
0,005138872789318397
0,0005790346040236717
0,0028205814477403777
0,002786100274395298
0,003072086281117293
0,0020229645191326
0,0020631858205120233
0,00048707783108429626
0,003128574785705899
0,00548930837483455
0,00025673667499337356
0,00191118739011901
0,0009868174331823026
0,004639126064343853
0,0028750870291175275
0,0011472425438419705
0,0019251521961819666
0,0033737419247118036
0,0036314576331849726
0,003076133197496949
0,0020525009604200994
0,0029086118015415312
0,003836666901750652
0,002539796343650138
0,0021144033095945773
0,0004270717566649215
0,003034450056960483
0,0008193847276243839
0,003001886447971329
0,0014117803210548796
0,0036823361360779523
0,0024263079154070947
0,001347170019807368
0,0003238016792335772
0,0020498092057962304
0,0021094965184323498
0,0020093692123253743
0,002962028287617388
0,005178855207254666
0,00250336192151798
0,0012054190611882486
0,0015688633634506526
0,0026395861565979145
0,0007682339897498862
0,0035503172063034182
0,0012171731119510851
0,005157231651813274
0,001617934231716682
0,004041575660674666
0,001865852188060743
0,0013155159661145804
0,003516228626616009
0,004654280720456332
0,0018969930990522259
0,0019281259943332316
0,0015864123660015242
0,0034106821937054718
0,00151412251604111
0,0016461705587230272
0,0017592996029175685
0,001705280974156476
0,0008193918557764117
0,0038766366686985537
0,002510571137313384
0,002267571026783833
0,0046950150526648615
0,0027247178058371186
0,0037303779403654856
0,0030984970325758105
0,0017107207985614132
0,00129594614760016
0,002078543644143936
0,0019198564025733537
0,0006195677825469878
0,0005104915864615454
0,000998343823762778
0,002990309024014068
0,001678336627194491
0,002240206850810691
0,00419721068113463
0,0006517592828687733
0,003422171995880769
0,0018041256551570121
0,002713875731588971
0,001756997621597109
0,00202285753385787
0,002495247993290044
0,001918719067928704
0,003640562295768135
0,0005853112490714798
0,0011509108452315041
0,001733993388154591
0,0026322147288206374
0,0014049734905607232
0,0014980182172854822
0,004752619642589942
0,001869422418935717
0,0026111543626565563
0,002278123313896535
0,0016122414089493333
0,004947777483018908
0,002339242780659299
0,0040311693213173055
0,002008683384936755
0,0037179319861362086
0,0008314203559269607
0,00252178884369785
0,0021195534788553314
0,00259231512008969
0,0017408265032164245
0,0017676607553896457
0,002298185910430484
0,007002071413728416
0,002584112285964971
0,004526133723276065
0,003872146208399359
0,0011328256062570535
0,0010404050923281591
0,002258470246603157
0,0027307638115503428
0,0029889085776631094
0,0036174081010105514
0,00324397071783312
0,004038942186895876
0,0015413414583163412
0,003068487543273549
0,005446103178862148
0,0035813145947703206
0,005068111202352765
0,003836356948167868
0,004260865388915388
0,0015111883104405078
0,009480581969756176
0,0037316362612843865
0,014528794897828408
0,04670644821837737
0,06290638111613808
0,04741507064557322
0,02601709362965156
0,018056389356491963
0,008465536397395246
0,005506095477516457
0,006099051497310251
0,0012827922213264663
0,0025752321661214957
0,002081492161120407
0,002024851298503942
0,0019417788783895626
0,000854519658657796
0,003126795267749783
0,0025390079724870247
0,0036675217746193985
0,004204583958996989
0,0055844506686408965
0,0033507561971658872
0,0007322853811300931
0,004092621371269443
0,007583530504134927
0,007600802193655147
0,017733698227052473
0,011155304477000435
0,005249434026934979
0,002802449788087767
0,0008848929461406459
0,003219650257617784
0,002427479963253444
0,001441550762426301
0,001269514012390172
0,0043123597694204735
0,003678020657994637
0,0016281306078915075
0,004557304573299078
0,0037427331446115582
0,003090369993797211
0,0025908447430756936
0,0019988341387344676
0,0007640098889551083
0,0050539900883283355
0,00517010631106512
0,003012636726314283
0,0033536195822649844
0,005459531877562431
0,008584565034827222
0,0064437609786533534
0,00600633727007041
0,004557125587989007
0,004454147563115756
0,003937520456445308
0,002735366286018941
0,0011212189416644788
0,0024925292273632934
0,003353705940895298
0,004816763190660683
0,0015552825448106747
0,0036983129265780556
0,004730175636078928
0,0018711367827068616
0,003095264872461911
0,0018726663744285277
0,002740143529786215
0,0016982150101631794
0,0015161205742587074
0,003832574304876635
0,004358795498170268
0,0058893172021308084
0,003556225537647121
0,0030674761496244526
0,004723665580297173
0,004438151430707112
0,004404998397089167
0,002135755652894937
0,000473850072120546
0,003958840888854762
0,0038480375843570652
0,003067929992851441
0,00019591385595782966
0,0032068994538633966
0,004982026051802807
0,004474935622919488
0,0024135074450975717
0,0013251490251699949
0,0015165119477173604
0,004247783258140624
0,001487672250449219
0,003257830507496545
0,002015592030120082
0,0014529145037439877
0,0009085876535392857
0,00403161304605137
0,004791715224043329
0,000794781118587271
0,001309450225047504
0,00348800026261724
0,0021519437733885285
0,001238346536831668
0,002514108666009875
0,0029955167045926244
0,002232595701346403
0,0019030700879959662
0,0039104926083868945
0,005428373684032224
0,0012806164057867864
0,000930546258294362
0,003762818191585601
0,0025016754980251507
0,0024433432204459594
0,003484000613456932
0,0021654180339201576
0,006372907617899187
0,005021124842650736
0,001775228174958424
0,0037047859984199708
0,0007196787584972544
0,003507366578019797
0,0030607556711770025
0,0019355989059936
0,0034344115124527526
0,0004119084533663893
0,0019552150133123687
0,00489322630040905
0,005550849315554935
0,0036505298722705496
0,0030285377161941196
0,0015558678018800101
0,004189989223286592
0,008828630885373612
0,0058975608962504485
0,007799333896661082
0,011323027401739965
0,014086586637682008
0,026595528791435518
0,05342231668384545
0,015633536776302095
0,008045095694347726
0,007448968837767532
0,005815618543490788
0,00406216219425523
0,002017117492684932
0,0076948785693445425
0,001811321727892394
0,004521588679117414
0,004215056438017168
0,004331830506123739
0,0013926012557971242
0,001549492127996638
0,0039029854494827274
0,004736308866185741
0,00567548389219106
0,006205047607745658
0,006284581902150035
0,01197660510312307
0,022486235251887275
0,0434465378181945
0,09011322106408425
0,029463612551046205
0,012172837725757767
0,011954286244239902
0,01008290188298136
0,00754339953210741
0,002502482149412096
0,005710264925949195
0,005942023421082104
0,010127596747023003
0,004737376412064163
0,002674684005761285
0,001907110947461043
0,0036350688805503895
0,0012545784599325368
0,004804757980580054
0,004558024193058565
0,006046758900718999
0,011696590004068499
0,017404776909008286
0,02927169892062288
0,0788057769068122
0,11277002391014197
0,04185668256759883
0,02570323997959591
0,021103257346921964
0,013932249294942042
0,005109585573386731
0,010263299453077366
0,007402555230343203
0,007104771339829293
0,009795194377729738
0,006162925255375567
0,005953053872449914
0,00602316952262644
0,0032772321628320596
0,0014628882704308492
0,004013226837314205
0,004801465435501476
0,005238589445626387
0,004045770262747382
0,0010329836748650388
0,011834482416821411
0,08652920430874839
0,058866164480247105
0,03534739062002997
0,024475557821679008
0,014423305487965157
0,009822524205635456
0,010946712245934773
0,013506176371448816
0,013753475411000552
0,011037671904684215
0,017739969175894335
0,0066806811212687615
0,01116361817188097
0,011442746021906598
0,011704886218694215
0,014603011016972867
0,009761851141769962
0,012641891497024747
0,012213360991205121
0,013417398501598635
0,01611352798887534
0,02127251785002263
0,010436236207670755
0,01654647259745831
0,0231905771445061
0,014345427891626345
0,0089841729201057
0,010827968543806174
0,009357375218449572
0,014380802469344074
0,014785056797217791
0,015478414292145781
0,014671775583233338
0,014693385273923856
0,015755582652404728
0,01735213554195453
0,017562568209169297
0,017014560065067255
0,021651577943635997
0,022049279411215168
0,03354262028925091
0,04496709096561613
0,06873627161563009
0,21541390601374355
0,11568781936997179
0,04066497100678961
0,029789205237333128
0,025098084825227716
0,010027613558647492
0,010889635838125205
0,009136391069546614
0,00966812018951367
0,008023893991366498
0,01215366706893565
0,02125205577826005
0,018936710767289724
0,024861210607110974
0,02642051476522299
0,03526326406066519
0,03415223968798839
0,04278375561199517
0,056115738886582486
0,0731256648424205
0,10367358092880291
0,18205876420252917
0,5596886845426372
0,1186764868677953
0,06180248175359133
0,034945313438923445
0,01866634559996013
0,017762189740128914
0,004152775459335083
0,004664842782109292
0,005954509830122672
0,015195100990398329
0,014734272259042934
0,01642506056654124
0,018897803629267542
0,015810778587809354
0,015197689372560065
0,013796479698056295
0,010847567652740043
0,019529504268304108
0,025054417082142268
0,045334610048989935
0,08782535272942636
0,7754041364879036
0,18252921881093673
0,10370332066437139
0,07441834270428746
0,05592119450167712
0,053588009483225334
0,04457218991936993
0,037904142565749914
0,03398008602224681
0,03647087950355231
0,025914481231767563
0,026916951537237683
0,020614419888872273
0,024541953475458272
0,017473000967171203
0,015257667220142442
0,017625947700715766
0,025912881541135677
0,04713274795028566
0,0801470886344532
0,14114716689248163
0,5638846736323562
0,43773983006672895
0,1806689267471084
0,11155332081132159
0,09697076672851301
0,061887682437650055
0,05102990921855058
0,04673202308859339
0,04143186504197794
0,03874982266736145
0,03009791150584081
0,033415250167839014
0,031134822035460884
0,027718060347617254
0,018032352187519585
0,02448887979325469
0,017670278347830103
0,016754954928073103
0,01624637679694416
0,026612260597297165
0,0520871799256759
0,2199568784452552
0,2611313770308115
0,10654750362801153
0,059950270337773164
0,07617928167512987
0,05512944684267569
0,04937915862109011
0,041123657287643334
0,03997043854621605
0,03197375001705949
0,03125630551496539
0,028586093174410746
0,02889409922585191
0,030970427157710357
0,032287164892539515
0,031985107712325545
0,03652248377987569
0,03847226013497382
0,045609293182376706
0,050489548885451464
0,08090043213065978
0,15580762410878327
0,142402164517908
0,08537050785391642
0,22957103797083228
0,14511898193966977
0,04949063514987071
0,04010283940746371
0,03866953041483588
0,04205390242175609
0,050448356700239796
0,07692067183244149
0,07800277007848071
0,0751206259692075
0,06318057882565868
0,05793747206516228
0,0587078070246745
0,05926942958224663
0,061591954724224185
0,0699842312569997
0,08943936882186669
0,13046711572405642
0,22168242547628014
0,483150696177175
0,11039081694301342
0,015758940252502473
0,0068467043814804535
0,01137219646691313
0,015377704112717754
0,017474530292237278
0,017176100468493844
0,0131594154629479
0,01820989473309199
0,01618451117734075
0,01625629640882486
0,014351962518462227
0,010947793753703835
0,011300745417018587
0,01642203581516307
0,02502387046757319
0,029423503161439272
0,045939451197616506
0,0886665585615124
0,22697650196998942
0,2227154743259734
0,08416488039110219
0,014976964930939538
0,008042947636653745
0,007793376886961082
0,009397046311192966
0,010865344186813645
0,009989603945601354
0,012936670349930946
0,012393641601752393
0,01574696084094288
0,006936348910693974
0,00934585902380452
0,012597613044413236
0,013370601062631767
0,012596556834564171
0,02747968682315876
0,012790906790088147
0,028239802218010653
0,04227214700317596
0,18679519858554158
0,21476803500735617
0,07507119565322364
0,04044508908397559
0,04021554814164473
0,036590058553259176
0,032233953989347336
0,028542801314888767
0,026255975847323774
0,022264319886746833
0,0238697534126633
0,022913328456547307
0,027182077696178798
0,016544769792609628
0,020435700954581675
0,019212922819708947
0,020632461049152086
0,016561504298365795
0,018828272336957462
0,033742211825911084
0,06607532767584366
0,7859403465833836
0,5108772696384665
0,09916972179751252
0,09102849731066463
0,09478896207456455
0,08757516302452814
0,07966421335939551
0,07967437876153613
0,06687826767072622
0,06630061266741566
0,05052164284791142
0,05991626000195025
0,041869242799164694
0,044454650644813354
0,03362710361479686
0,03976777128103374
0,04917756116002541
0,0587371322738324
0,07449464360307813
0,08655813916050292
0,12477669853107574
0,8570897711968023
0,34108464231451363
0,0940784081148661
0,08863418302384023
0,0987798226452228
0,09869399109052751
0,10763517504855702
0,11676903606620477
0,12540671123752595
0,11168851718492964
0,13480510635487525
0,12553415657455014
0,1333688453412289
0,1384141478417151
0,13823348190793833
0,14951145254108375
0,17496451258370238
0,19710995801504852
0,2764164064615156
0,3905517234648891
0,7967706521911045
1,444378888278048
0,317020552957697
0,1326026032455272
0,08009972089031044
0,09800763455642174
0,1107776735734621
0,1251700625464266
0,1679512071152211
0,15257120474600822
0,17590780643527132
0,16601156327074174
0,16784124573553327
0,15455794237946022
0,13504522808460145
0,13519350789823575
0,11733662264382803
0,14821003387293355
0,22000164860519916
0,3981167882090688
0,8867011759734995
4,840042586973985
2,1531702585840407
0,92246461773242
0,6001357348244601
0,4343358926626027
0,3192245417786899
0,24875426746518858
0,2065537248500486
0,19035078494051333
0,18762964841823312
0,21904639511946655
0,25529597802836435
0,31634985599631904
0,3870524806799295
0,4343045485688088
0,5357789165346059
0,6166922802334349
0,7179244053158985
0,9030008105071181
1,1322516663509876
1,9108047234160552
10,469554669106007
0,7524718567261744
0,19224881314748357
0,13068985511153505
0,24588490601181356
0,2739924353510375
0,31566042337757316
0,33816385511095864
0,3120809211534069
0,3257509065296698
0,30729072153705306
0,27660156170522915
0,2331965606764634
0,204158381284799
0,1876520773381933
0,2752299791027016
0,4670618522053627
0,7276529739531661
1,250781341399022
2,4827373037419647
9,039757866689385
7,646045789549478
2,8817192803238667
1,8257629618972129
1,3289937814892099
1,0190390478930078
0,7546206565688693
0,6149908532711096
0,4857782510693574
0,3425592889921978
0,23188558618271973
0,09709396921127762
0,04239549199020042
0,12118959604745728
0,19777453187949404
0,2911956970872101
0,4252038889466447
0,5219178337982169
0,6405653474040889
0,7697035531575537
1,0160700184536444
11,944206822079572
0,6500968962185298
0,6316419127842946
0,6687452347857578
0,7355785184811697
0,785988311188437
0,7554267664932963
0,8348636168432413
0,8391676251122238
0,8201511620063964
0,8379918071005467
0,7867762063077073
0,7704222802926446
0,7330867908963075
0,713723013550612
0,7092320188775915
0,6181850312305781
0,5423999816530012
0,4561055657129725
0,4640251162180901
1,3552685468142764
1,5049364993580763
0,8109609729225983
0,6744575371395247
0,5916040056680604
0,6059187886828472
0,6117926012089074
0,6842321963535113
0,7404037215348274
0,7337510145474516
0,8181614867236382
0,9080466592783096
0,9373994608909034
1,041945422383734
1,0429502271714775
1,1652850599762181
1,2096314443866774
1,2685739804036398
1,5129818758855962
1,7028346037728472
2,44865832693851
13,570982669067005
0,6714384808409267
0,682051843787664
0,722525829844678
0,766995186117138
0,7808613031776521
0,7751251605535584
0,723045945571754
0,6412418676598285
0,5439150565585441
0,4612935056459758
0,37947063400855413
0,30055571930057406
0,3430100644578719
0,5045892088832682
0,8893615655784969
1,3645564530866565
2,1182778005498046
3,3634727375149334
6,540410230455226
25,54529816602438
15,829173199840769
6,136113020043771
3,813978997986703
2,64604391476632
1,935876725904027
1,5315671887711075
1,2211901167211332
1,0962991150691175
0,9764449880145566
1,10581518858356
1,2220371309329678
1,480612223699129
1,7050922711173226
2,027891909010408
2,421428004755473
2,8278073257662806
3,472311157642224
4,411118861826299
6,297209115724122
12,508445149074083
41,03155114471267
5,666709440939251
2,2829657803455965
0,9415708500472516
0,3427689149835261
0,319299833051752
0,5160285069561468
0,6975833349376206
0,9371818212385796
1,0166865588560046
1,108806218793422
1,154326608099761
1,1465469076947659
1,06187710912408
0,9099610883087904
0,809849957893135
0,6850721178523808
0,9449804350787632
1,8762679158779512
4,901445575555229
39,27227199061098
11,813018665255791
6,171012247970639
4,534934865144026
3,6651087204984396
3,419968571340203
2,7108937294162816
2,382607329527033
2,1545157870978193
1,875000909993158
1,6180208186495892
1,4168814919146182
1,2377600293995548
1,0136206766326572
0,8484676527580489
0,8678128434547243
1,068292431769347
1,4090370404815444
2,1577593229692504
3,7655209010797877
10,532740281771309
15,70545916621923
4,424226081544434
2,4691398129756705
1,6563819499329584
1,2178111199263069
0,9400426963729822
0,7534573500111965
0,5535124721947826
0,49648607464717165
0,5299154038946168
0,4805220784805662
0,44991504468402743
0,47254228814200894
0,47655176195332744
0,49919261490105016
0,4858083435374763
0,4805229408044091
0,49657560556375024
0,4901512077843061
0,4642419313479867