A,0.00867010400000000000,0.00009353417000000000,0.99759970000000000000,110.00000000000000000000
A,0.01504970000000000000,0.00008998298000000000,0.97218630000000000000,98.00000000000000000000
A,0.01333213000000000000,0.00010248130000000000,0.99996670000000000000,110.00000000000000000000
A,0.01009381000000000000,0.00009914421000000000,0.99919030000000000000,110.00000000000000000000
A,0.01603805000000000000,0.00009863976000000000,0.99181460000000000000,110.00000000000000000000
A,0.00714285500000000000,0.00005178664000000000,1.00694100000000000000,147.00000000000000000000
A,0.01004250000000000000,0.00008410282000000000,1.08177100000000000000,131.00000000000000000000
A,0.01187903000000000000,0.00010160410000000000,1.00014900000000000000,117.00000000000000000000
A,0.01219742000000000000,0.00008926854000000000,1.00564400000000000000,117.00000000000000000000
A,0.01462069000000000000,0.00004572880000000000,0.57315240000000000000,523.00000000000000000000
A,0.01287575000000000000,0.00010211400000000000,1.00068700000000000000,117.00000000000000000000
A,0.01547531000000000000,0.00007174708000000000,1.01552800000000000000,123.00000000000000000000
A,0.02705364000000000000,0.00007642909000000000,0.99855070000000000000,123.00000000000000000000
A,0.02245892000000000000,0.00008477608000000000,1.00000000000000000000,123.00000000000000000000
A,0.01392596000000000000,0.00007888349000000000,1.00000000000000000000,123.00000000000000000000
A,0.01765055000000000000,0.00006988108000000000,1.00000000000000000000,123.00000000000000000000
A,0.02000768000000000000,0.00007761028000000000,1.00000000000000000000,123.00000000000000000000
A,0.02061643000000000000,0.00007617870000000000,0.99747840000000000000,131.00000000000000000000
A,0.01824147000000000000,0.00006807793000000000,0.99913480000000000000,131.00000000000000000000
A,0.01716642000000000000,0.00006291294000000000,0.99647750000000000000,131.00000000000000000000
A,0.01690771000000000000,0.00005400304000000000,1.00332700000000000000,131.00000000000000000000
A,0.02385478000000000000,0.00005973024000000000,0.99785950000000000000,131.00000000000000000000
A,0.02322359000000000000,0.00006381654000000000,1.00526200000000000000,139.00000000000000000000
A,0.01925998000000000000,0.00007263994000000000,0.99878080000000000000,139.00000000000000000000
A,0.01232392000000000000,0.00004228719000000000,0.82512320000000000000,415.00000000000000000000
A,0.01594148000000000000,0.00005924928000000000,0.99986110000000000000,139.00000000000000000000
A,0.04990043000000000000,0.00007792337000000000,0.99670370000000000000,139.00000000000000000000
A,0.01771905000000000000,0.00006990969000000000,0.99650040000000000000,139.00000000000000000000
A,0.02831669000000000000,0.00006251762000000000,1.00085900000000000000,147.00000000000000000000
A,0.01684326000000000000,0.00004811477000000000,1.00733900000000000000,147.00000000000000000000
A,0.01676813000000000000,0.00003243696000000000,0.82511410000000000000,392.00000000000000000000
A,0.01555730000000000000,0.00005123322000000000,0.99204890000000000000,147.00000000000000000000
A,0.01701558000000000000,0.00006094601000000000,0.99612640000000000000,147.00000000000000000000
A,0.02884409000000000000,0.00005917396000000000,0.99612640000000000000,147.00000000000000000000
A,0.01593750000000000000,0.00004957053000000000,1.01190800000000000000,156.00000000000000000000
A,0.02574365000000000000,0.00005067351000000000,0.99919070000000000000,156.00000000000000000000
A,0.02179564000000000000,0.00004511806000000000,1.00795000000000000000,156.00000000000000000000
A,0.02456091000000000000,0.00005000283000000000,0.99919070000000000000,156.00000000000000000000
A,0.01739696000000000000,0.00004176701000000000,1.00633900000000000000,156.00000000000000000000
A,0.00767963800000000000,0.00002345741000000000,0.48340520000000000000,622.00000000000000000000
A,0.02356045000000000000,0.00004607820000000000,0.99659920000000000000,165.00000000000000000000
A,0.01632693000000000000,0.00004657121000000000,1.00750800000000000000,165.00000000000000000000
A,0.01554624000000000000,0.00005176844000000000,0.99768950000000000000,165.00000000000000000000
A,0.02126522000000000000,0.00003514106000000000,1.00031100000000000000,165.00000000000000000000
A,0.02201810000000000000,0.00005558135000000000,0.99769470000000000000,165.00000000000000000000
A,0.02182518000000000000,0.00003888579000000000,0.99027530000000000000,165.00000000000000000000
A,0.01369870000000000000,0.00003671130000000000,0.99575380000000000000,175.00000000000000000000
A,0.02197721000000000000,0.00004216960000000000,0.99857560000000000000,175.00000000000000000000
A,0.02660057000000000000,0.00005621133000000000,0.99909980000000000000,175.00000000000000000000
A,0.03669253000000000000,0.00005629942000000000,0.99524180000000000000,175.00000000000000000000
A,0.01561768000000000000,0.00002766067000000000,0.99780470000000000000,175.00000000000000000000
A,0.01720436000000000000,0.00004049091000000000,0.99832360000000000000,175.00000000000000000000
A,0.03309133000000000000,0.00003514545000000000,0.99873170000000000000,185.00000000000000000000
A,0.03010088000000000000,0.00004872845000000000,0.99744150000000000000,185.00000000000000000000
A,0.02565821000000000000,0.00004445180000000000,0.99987820000000000000,185.00000000000000000000
A,0.06473677000000000000,0.00004042778000000000,1.00000000000000000000,185.00000000000000000000
A,0.03446260000000000000,0.00003068209000000000,1.01693500000000000000,185.00000000000000000000
A,0.04118613000000000000,0.00004407044000000000,0.99744150000000000000,185.00000000000000000000
A,0.01606144000000000000,0.00003666113000000000,1.00082600000000000000,196.00000000000000000000
A,0.02261439000000000000,0.00004659593000000000,0.99919870000000000000,196.00000000000000000000
A,0.02377171000000000000,0.00004086785000000000,1.00057300000000000000,196.00000000000000000000
A,0.01077293000000000000,0.00004766698000000000,1.00082600000000000000,196.00000000000000000000
A,0.03943018000000000000,0.00003204198000000000,0.96799120000000000000,208.00000000000000000000
A,0.03750753000000000000,0.00003118879000000000,1.09367800000000000000,196.00000000000000000000
A,0.02757436000000000000,0.00003485765000000000,0.99861470000000000000,208.00000000000000000000
A,0.03297700000000000000,0.00004167524000000000,0.99891780000000000000,208.00000000000000000000
A,0.06149902000000000000,0.00003683410000000000,0.99139790000000000000,208.00000000000000000000
A,0.02870642000000000000,0.00004144181000000000,0.99891780000000000000,208.00000000000000000000
A,0.02886509000000000000,0.00004310928000000000,0.99891780000000000000,208.00000000000000000000
A,0.02824357000000000000,0.00005604266000000000,0.99855700000000000000,208.00000000000000000000
A,0.01977312000000000000,0.00003462170000000000,0.99703840000000000000,220.00000000000000000000
A,0.01926522000000000000,0.00003872530000000000,0.99703840000000000000,220.00000000000000000000
A,0.01590753000000000000,0.00004298262000000000,0.99703840000000000000,220.00000000000000000000
A,0.03997539000000000000,0.00004470833000000000,1.00136300000000000000,220.00000000000000000000
A,0.02836523000000000000,0.00003740397000000000,1.02802300000000000000,220.00000000000000000000
A,0.04770357000000000000,0.00003160924000000000,1.05572600000000000000,220.00000000000000000000
A,0.07114054000000000000,0.00004802240000000000,1.05814000000000000000,233.00000000000000000000
A,0.02759907000000000000,0.00003990327000000000,0.99614640000000000000,233.00000000000000000000
A,0.03615199000000000000,0.00005017297000000000,0.99871550000000000000,233.00000000000000000000
A,0.05678044000000000000,0.00005049902000000000,1.00000000000000000000,233.00000000000000000000
A,0.04291070000000000000,0.00004430659000000000,0.99614640000000000000,233.00000000000000000000
A,0.03994858000000000000,0.00004293651000000000,0.99614640000000000000,233.00000000000000000000
A,0.03317524000000000000,0.00003055956000000000,1.04963600000000000000,247.00000000000000000000
A,0.02511999000000000000,0.00003603690000000000,1.01593800000000000000,247.00000000000000000000
A,0.04859915000000000000,0.00005224505000000000,0.99817510000000000000,247.00000000000000000000
A,0.02013939000000000000,0.00004447731000000000,0.99682970000000000000,247.00000000000000000000
A,0.02660088000000000000,0.00002827816000000000,1.05236800000000000000,247.00000000000000000000
A,0.02809438000000000000,0.00004876804000000000,0.99757130000000000000,247.00000000000000000000
A,0.01816746000000000000,0.00004952672000000000,1.00000000000000000000,262.00000000000000000000
A,0.04171692000000000000,0.00003923442000000000,0.99957260000000000000,262.00000000000000000000
A,0.01136171000000000000,0.00005146405000000000,0.99883880000000000000,262.00000000000000000000
A,0.01200275000000000000,0.00005075953000000000,0.99474040000000000000,262.00000000000000000000
A,0.03073807000000000000,0.00004276962000000000,1.00343600000000000000,262.00000000000000000000
A,0.01500682000000000000,0.00004700857000000000,1.00726500000000000000,262.00000000000000000000
A,0.01472937000000000000,0.00004016124000000000,1.00890000000000000000,277.00000000000000000000
A,0.04300224000000000000,0.00003927294000000000,0.99676380000000000000,277.00000000000000000000
A,0.02142295000000000000,0.00003457995000000000,1.01294500000000000000,277.00000000000000000000
A,0.01760781000000000000,0.00003788465000000000,1.01016300000000000000,277.00000000000000000000
A,0.03259864000000000000,0.00004700337000000000,0.99433650000000000000,277.00000000000000000000
A,0.01884707000000000000,0.00002835602000000000,1.03220100000000000000,277.00000000000000000000
A,0.01325595000000000000,0.00004514158000000000,0.99654380000000000000,294.00000000000000000000
A,0.01178148000000000000,0.00004599063000000000,0.99807990000000000000,294.00000000000000000000
A,0.01371363000000000000,0.00004522922000000000,0.99807990000000000000,294.00000000000000000000
A,0.01484675000000000000,0.00004569004000000000,0.99807990000000000000,294.00000000000000000000
A,0.02161478000000000000,0.00003846417000000000,1.00115200000000000000,294.00000000000000000000
A,0.01317246000000000000,0.00003874416000000000,1.00960100000000000000,294.00000000000000000000
A,0.01415104000000000000,0.00003638689000000000,1.01046200000000000000,311.00000000000000000000
A,0.01338317000000000000,0.00002845211000000000,1.02907600000000000000,311.00000000000000000000
A,0.01523247000000000000,0.00005144013000000000,0.99963920000000000000,311.00000000000000000000
A,0.01896777000000000000,0.00004677517000000000,0.99963920000000000000,311.00000000000000000000
A,0.04754795000000000000,0.00005733627000000000,0.99518310000000000000,311.00000000000000000000
A,0.02319059000000000000,0.00003579167000000000,1.01695500000000000000,311.00000000000000000000
A,0.02991083000000000000,0.00005601988000000000,1.00091600000000000000,330.00000000000000000000
A,0.01902093000000000000,0.00004838588000000000,1.00000000000000000000,330.00000000000000000000
A,0.05722383000000000000,0.00006228485000000000,1.00000000000000000000,330.00000000000000000000
A,0.02733844000000000000,0.00004298615000000000,1.00000000000000000000,330.00000000000000000000
A,0.02792663000000000000,0.00004384775000000000,1.00000000000000000000,330.00000000000000000000
A,0.03250371000000000000,0.00003491076000000000,1.02276900000000000000,330.00000000000000000000
A,0.03163178000000000000,0.00003120496000000000,1.05000000000000000000,349.00000000000000000000
A,0.02452305000000000000,0.00004931960000000000,1.00000000000000000000,349.00000000000000000000
A,0.06538565000000000000,0.00005990639000000000,1.00000000000000000000,349.00000000000000000000
A,0.01574692000000000000,0.00005116642000000000,1.00000000000000000000,349.00000000000000000000
A,0.01818752000000000000,0.00003868894000000000,1.00769200000000000000,349.00000000000000000000
A,0.01276944000000000000,0.00004289391000000000,1.00769200000000000000,349.00000000000000000000
A,0.02175631000000000000,0.00004739997000000000,0.99674800000000000000,370.00000000000000000000
A,0.01686813000000000000,0.00004349598000000000,1.00809100000000000000,370.00000000000000000000
A,0.03730872000000000000,0.00005036094000000000,1.00000000000000000000,370.00000000000000000000
A,0.01933861000000000000,0.00005586744000000000,0.99595470000000000000,370.00000000000000000000
A,0.01927539000000000000,0.00005472278000000000,0.99595470000000000000,370.00000000000000000000
A,0.01597807000000000000,0.00004181241000000000,1.01138200000000000000,370.00000000000000000000
A,0.01230703000000000000,0.00004300974000000000,1.00913200000000000000,392.00000000000000000000
A,0.03114334000000000000,0.00003265559000000000,1.03424700000000000000,392.00000000000000000000
A,0.06210009000000000000,0.00006961807000000000,1.00000000000000000000,392.00000000000000000000
A,0.01659085000000000000,0.00003296273000000000,1.02549500000000000000,392.00000000000000000000
A,0.04375625000000000000,0.00007354017000000000,1.00000000000000000000,392.00000000000000000000
A,0.03101601000000000000,0.00007731294000000000,1.00000000000000000000,392.00000000000000000000
A,0.01740105000000000000,0.00005704898000000000,0.99712640000000000000,415.00000000000000000000
A,0.01781609000000000000,0.00005545631000000000,0.99928160000000000000,415.00000000000000000000
A,0.01330129000000000000,0.00005943054000000000,0.99712640000000000000,415.00000000000000000000
A,0.01883976000000000000,0.00005652755000000000,0.99712640000000000000,415.00000000000000000000
A,0.02462320000000000000,0.00006428752000000000,0.99712640000000000000,415.00000000000000000000
A,0.02670604000000000000,0.00006370461000000000,0.99642350000000000000,415.00000000000000000000
A,0.05447933000000000000,0.00006642587000000000,1.00000000000000000000,440.00000000000000000000
A,0.04374608000000000000,0.00007002451000000000,0.99696970000000000000,440.00000000000000000000
A,0.04954549000000000000,0.00007643054000000000,1.00000000000000000000,440.00000000000000000000
A,0.02906752000000000000,0.00005812234000000000,0.99730090000000000000,440.00000000000000000000
A,0.02582747000000000000,0.00005977882000000000,0.99730090000000000000,440.00000000000000000000
A,0.07194009000000000000,0.00006697189000000000,0.99696970000000000000,440.00000000000000000000
A,0.00811495600000000000,0.00008218329000000000,0.51878050000000000000,554.00000000000000000000
A,0.00999544700000000000,0.00010510150000000000,1.00212900000000000000,110.00000000000000000000
A,0.01421412000000000000,0.00004444444000000000,0.68597560000000000000,880.00000000000000000000
A,0.00792125200000000000,0.00013707590000000000,0.99759970000000000000,110.00000000000000000000
A,0.01031641000000000000,0.00013831940000000000,0.99996670000000000000,110.00000000000000000000
A,0.01489679000000000000,0.00007530840000000000,1.10187900000000000000,139.00000000000000000000
A,0.01236445000000000000,0.00010662400000000000,1.00097300000000000000,117.00000000000000000000
A,0.00809996300000000000,0.00008971399000000000,1.01551600000000000000,117.00000000000000000000
A,0.01060697000000000000,0.00010115750000000000,0.99790710000000000000,117.00000000000000000000
A,0.01692131000000000000,0.00009636229000000000,1.00068700000000000000,117.00000000000000000000
A,0.01815282000000000000,0.00008305991000000000,0.99812270000000000000,117.00000000000000000000
A,0.01200187000000000000,0.00006940460000000000,1.00776400000000000000,123.00000000000000000000
A,0.01340488000000000000,0.00006725206000000000,1.00000000000000000000,123.00000000000000000000
A,0.01213574000000000000,0.00007084799000000000,1.00000000000000000000,123.00000000000000000000
A,0.01784071000000000000,0.00006926620000000000,1.00271700000000000000,123.00000000000000000000
A,0.01023823000000000000,0.00005562328000000000,0.52399360000000000000,554.00000000000000000000
A,0.01394234000000000000,0.00007938730000000000,1.00000000000000000000,123.00000000000000000000
A,0.01208551000000000000,0.00004284505000000000,0.55698010000000000000,523.00000000000000000000
A,0.01188916000000000000,0.00005749035000000000,0.99650200000000000000,131.00000000000000000000
A,0.01892781000000000000,0.00006738260000000000,0.99785950000000000000,131.00000000000000000000
A,0.01609739000000000000,0.00006120971000000000,1.01101400000000000000,131.00000000000000000000
A,0.01440304000000000000,0.00006294268000000000,0.99649150000000000000,131.00000000000000000000
A,0.01546508000000000000,0.00004796292000000000,1.08082200000000000000,147.00000000000000000000
A,0.01514377000000000000,0.00006516859000000000,1.00492600000000000000,139.00000000000000000000
A,0.01491840000000000000,0.00005834256000000000,0.99948460000000000000,139.00000000000000000000
A,0.01303158000000000000,0.00006226545000000000,1.00331500000000000000,139.00000000000000000000
A,0.01478887000000000000,0.00006256311000000000,1.00638900000000000000,139.00000000000000000000
A,0.01437978000000000000,0.00005153953000000000,0.99707040000000000000,139.00000000000000000000
A,0.01733728000000000000,0.00005423367000000000,0.99557670000000000000,147.00000000000000000000
A,0.01505831000000000000,0.00005059276000000000,0.99557670000000000000,147.00000000000000000000
A,0.01113328000000000000,0.00004449380000000000,0.99731620000000000000,147.00000000000000000000
A,0.01581095000000000000,0.00005425375000000000,0.99707680000000000000,147.00000000000000000000
A,0.01727818000000000000,0.00005275116000000000,0.99707680000000000000,147.00000000000000000000
A,0.01523300000000000000,0.00005143567000000000,1.00997300000000000000,147.00000000000000000000
A,0.00496206200000000000,0.00002204533000000000,0.46969700000000000000,622.00000000000000000000
A,0.01357064000000000000,0.00004386268000000000,0.99995290000000000000,156.00000000000000000000
A,0.01505339000000000000,0.00004365165000000000,0.99830370000000000000,156.00000000000000000000
A,0.01442383000000000000,0.00004657588000000000,1.00297000000000000000,156.00000000000000000000
A,0.02034627000000000000,0.00004661108000000000,0.99830370000000000000,156.00000000000000000000
A,0.01528153000000000000,0.00004799110000000000,0.99830370000000000000,156.00000000000000000000
A,0.01942566000000000000,0.00003897614000000000,1.00023400000000000000,165.00000000000000000000
A,0.04190810000000000000,0.00003688097000000000,0.99081690000000000000,165.00000000000000000000
A,0.02433460000000000000,0.00007103675000000000,0.99906540000000000000,165.00000000000000000000
A,0.04199799000000000000,0.00004115731000000000,0.99521740000000000000,165.00000000000000000000
A,0.01480508000000000000,0.00003917906000000000,0.99269210000000000000,165.00000000000000000000
A,0.01249169000000000000,0.00003895228000000000,1.00314100000000000000,165.00000000000000000000
A,0.02740209000000000000,0.00004583769000000000,1.00011700000000000000,175.00000000000000000000
A,0.01540264000000000000,0.00004362835000000000,1.00046500000000000000,175.00000000000000000000
A,0.01483169000000000000,0.00002367113000000000,0.99795890000000000000,175.00000000000000000000
A,0.02041063000000000000,0.00004961212000000000,0.99857560000000000000,175.00000000000000000000
A,0.02332935000000000000,0.00004239878000000000,1.00046500000000000000,175.00000000000000000000
A,0.01488731000000000000,0.00004616772000000000,1.00046500000000000000,175.00000000000000000000
A,0.01941538000000000000,0.00004372118000000000,0.99915210000000000000,185.00000000000000000000
A,0.02208311000000000000,0.00004429732000000000,0.99845410000000000000,185.00000000000000000000
A,0.02292542000000000000,0.00004738267000000000,1.00096900000000000000,185.00000000000000000000
A,0.01831660000000000000,0.00002404571000000000,1.04537600000000000000,220.00000000000000000000
A,0.01913901000000000000,0.00004643135000000000,0.99188470000000000000,185.00000000000000000000
A,0.02523307000000000000,0.00004766284000000000,0.99551840000000000000,185.00000000000000000000
A,0.01896201000000000000,0.00004656654000000000,0.99853880000000000000,196.00000000000000000000
A,0.02516370000000000000,0.00004581222000000000,1.00091600000000000000,196.00000000000000000000
A,0.01508911000000000000,0.00004677224000000000,0.99853880000000000000,196.00000000000000000000
A,0.01511205000000000000,0.00002685749000000000,1.00660600000000000000,196.00000000000000000000
A,0.02047173000000000000,0.00004587123000000000,1.00091600000000000000,196.00000000000000000000
A,0.03774389000000000000,0.00003118459000000000,1.01350700000000000000,196.00000000000000000000
A,0.01307111000000000000,0.00004591440000000000,0.99861470000000000000,208.00000000000000000000
A,0.02014262000000000000,0.00003634631000000000,0.99924050000000000000,208.00000000000000000000
A,0.01784250000000000000,0.00004833411000000000,1.00086800000000000000,208.00000000000000000000
A,0.01989991000000000000,0.00003715275000000000,0.99861470000000000000,208.00000000000000000000
A,0.03364785000000000000,0.00004346200000000000,1.00086800000000000000,208.00000000000000000000
A,0.01448980000000000000,0.00003982783000000000,0.99861470000000000000,208.00000000000000000000
A,0.00913073700000000000,0.00004072189000000000,0.99600000000000000000,220.00000000000000000000
A,0.01571960000000000000,0.00003896140000000000,0.99703840000000000000,220.00000000000000000000
A,0.02633141000000000000,0.00004084107000000000,0.99727330000000000000,220.00000000000000000000
A,0.02661452000000000000,0.00004777165000000000,0.99727330000000000000,220.00000000000000000000
A,0.02221193000000000000,0.00003708116000000000,0.99703840000000000000,220.00000000000000000000
A,0.04699038000000000000,0.00003382149000000000,1.05967100000000000000,220.00000000000000000000
A,0.02260107000000000000,0.00005170167000000000,0.99872290000000000000,233.00000000000000000000
A,0.02329783000000000000,0.00004966490000000000,1.00025600000000000000,233.00000000000000000000
A,0.02824766000000000000,0.00004365357000000000,0.99990360000000000000,233.00000000000000000000
A,0.02925651000000000000,0.00004106574000000000,0.99644780000000000000,233.00000000000000000000
A,0.01592594000000000000,0.00003274512000000000,1.01835600000000000000,233.00000000000000000000
A,0.02687361000000000000,0.00004481570000000000,0.99871550000000000000,233.00000000000000000000
A,0.02058251000000000000,0.00003684505000000000,0.99411230000000000000,247.00000000000000000000
A,0.03201673000000000000,0.00004958199000000000,1.00000000000000000000,247.00000000000000000000
A,0.02223356000000000000,0.00003751306000000000,1.03961700000000000000,247.00000000000000000000
A,0.02630761000000000000,0.00003578012000000000,0.99592390000000000000,247.00000000000000000000
A,0.02514909000000000000,0.00002659037000000000,0.52519730000000000000,988.00000000000000000000
A,0.01740744000000000000,0.00003313587000000000,0.99592390000000000000,247.00000000000000000000
A,0.01486820000000000000,0.00003608950000000000,0.99561040000000000000,262.00000000000000000000
A,0.03960445000000000000,0.00003258378000000000,1.04367800000000000000,262.00000000000000000000
A,0.01994667000000000000,0.00003926200000000000,0.99786500000000000000,262.00000000000000000000
A,0.02407590000000000000,0.00003286892000000000,1.01079500000000000000,262.00000000000000000000
A,0.01879811000000000000,0.00004374322000000000,1.00043200000000000000,262.00000000000000000000
A,0.04694086000000000000,0.00004715835000000000,1.02643700000000000000,262.00000000000000000000
A,0.02888685000000000000,0.00003868909000000000,1.01860800000000000000,277.00000000000000000000
A,0.01908745000000000000,0.00003731330000000000,1.00853700000000000000,277.00000000000000000000
A,0.05056398000000000000,0.00005724260000000000,0.99891780000000000000,277.00000000000000000000
A,0.01819584000000000000,0.00004977687000000000,0.99676380000000000000,277.00000000000000000000
A,0.01960326000000000000,0.00004759435000000000,0.99676380000000000000,277.00000000000000000000
A,0.01770835000000000000,0.00004021693000000000,1.01375400000000000000,277.00000000000000000000
A,0.02429249000000000000,0.00004379409000000000,0.99807990000000000000,294.00000000000000000000
A,0.03765943000000000000,0.00004881957000000000,0.99591000000000000000,294.00000000000000000000
A,0.03865252000000000000,0.00005317858000000000,0.99897750000000000000,294.00000000000000000000
A,0.05312254000000000000,0.00005354730000000000,0.99591000000000000000,294.00000000000000000000
A,0.01955834000000000000,0.00004263812000000000,0.99807990000000000000,294.00000000000000000000
A,0.01675737000000000000,0.00003981093000000000,1.00268800000000000000,294.00000000000000000000
A,0.01134877000000000000,0.00003806653000000000,1.00613300000000000000,311.00000000000000000000
A,0.03600409000000000000,0.00004949162000000000,0.99518310000000000000,311.00000000000000000000
A,0.03449991000000000000,0.00005353025000000000,0.99518310000000000000,311.00000000000000000000
A,0.02288005000000000000,0.00004597234000000000,0.99531020000000000000,311.00000000000000000000
A,0.01709586000000000000,0.00003002408000000000,1.02128400000000000000,311.00000000000000000000
A,0.03361444000000000000,0.00003120078000000000,1.02056300000000000000,311.00000000000000000000
A,0.03121694000000000000,0.00005172808000000000,0.99637680000000000000,330.00000000000000000000
A,0.02954831000000000000,0.00004732314000000000,0.99637680000000000000,330.00000000000000000000
A,0.02755332000000000000,0.00005011937000000000,1.00000000000000000000,330.00000000000000000000
A,0.01878356000000000000,0.00003003422000000000,1.04153000000000000000,330.00000000000000000000
A,0.03088480000000000000,0.00004696103000000000,1.00000000000000000000,330.00000000000000000000
A,0.02449749000000000000,0.00005254128000000000,1.00000000000000000000,330.00000000000000000000
A,0.02242602000000000000,0.00005102527000000000,1.00085900000000000000,349.00000000000000000000
A,0.01884380000000000000,0.00004282855000000000,1.01890000000000000000,349.00000000000000000000
A,0.01840308000000000000,0.00006193289000000000,0.99570450000000000000,349.00000000000000000000
A,0.02135054000000000000,0.00005331570000000000,1.00085900000000000000,349.00000000000000000000
A,0.02114988000000000000,0.00004277009000000000,1.01890000000000000000,349.00000000000000000000
A,0.02488958000000000000,0.00003390311000000000,1.02749100000000000000,349.00000000000000000000
A,0.02125693000000000000,0.00005744923000000000,0.99595470000000000000,370.00000000000000000000
A,0.02721496000000000000,0.00005234561000000000,0.99595470000000000000,370.00000000000000000000
A,0.02221856000000000000,0.00005583700000000000,0.99595470000000000000,370.00000000000000000000
A,0.01903872000000000000,0.00006257771000000000,0.99595470000000000000,370.00000000000000000000
A,0.01914723000000000000,0.00003888737000000000,1.03155300000000000000,370.00000000000000000000
A,0.02277162000000000000,0.00003476951000000000,1.02346300000000000000,370.00000000000000000000
A,0.04287629000000000000,0.00007393346000000000,1.00000000000000000000,392.00000000000000000000
A,0.03940208000000000000,0.00007411727000000000,1.00000000000000000000,392.00000000000000000000
A,0.02317957000000000000,0.00005346947000000000,1.00000000000000000000,392.00000000000000000000
A,0.01648237000000000000,0.00005218392000000000,1.00000000000000000000,392.00000000000000000000
A,0.01074040000000000000,0.00004401627000000000,1.00684900000000000000,392.00000000000000000000
A,0.01164315000000000000,0.00002701883000000000,1.04657500000000000000,392.00000000000000000000
A,0.04709758000000000000,0.00008109025000000000,1.00322600000000000000,415.00000000000000000000
A,0.01927205000000000000,0.00003342867000000000,1.05681800000000000000,415.00000000000000000000
A,0.04738500000000000000,0.00007117262000000000,1.00000000000000000000,415.00000000000000000000
A,0.03131554000000000000,0.00006367415000000000,0.99677420000000000000,415.00000000000000000000
A,0.04705478000000000000,0.00007144184000000000,1.00000000000000000000,415.00000000000000000000
A,0.02746505000000000000,0.00007015617000000000,1.00000000000000000000,415.00000000000000000000
A,0.03162183000000000000,0.00007222180000000000,0.99696970000000000000,440.00000000000000000000
A,0.03125861000000000000,0.00006652110000000000,1.00303000000000000000,440.00000000000000000000
A,0.02271487000000000000,0.00006443596000000000,0.99696970000000000000,440.00000000000000000000
A,0.02337759000000000000,0.00007342184000000000,0.99696970000000000000,440.00000000000000000000
A,0.00916265600000000000,0.00002879502000000000,1.03943100000000000000,440.00000000000000000000
A,0.02264938000000000000,0.00007580533000000000,1.00000000000000000000,440.00000000000000000000
B,0.01247699000000000000,0.00006032977000000000,1.00284400000000000000,247.00000000000000000000
B,0.00649768500000000000,0.00006811560000000000,0.99836000000000000000,247.00000000000000000000
B,0.01135630000000000000,0.00009249321000000000,0.99958400000000000000,247.00000000000000000000
B,0.00866808500000000000,0.00005663116000000000,0.99253320000000000000,247.00000000000000000000
B,0.00811548200000000000,0.00006701568000000000,0.99871950000000000000,247.00000000000000000000
B,0.00951622000000000000,0.00007345889000000000,0.99888760000000000000,247.00000000000000000000
B,0.01209374000000000000,0.00008239542000000000,0.99984410000000000000,262.00000000000000000000
B,0.00747215500000000000,0.00007735740000000000,1.00105700000000000000,262.00000000000000000000
B,0.01389735000000000000,0.00006256899000000000,0.99241380000000000000,262.00000000000000000000
B,0.00964330300000000000,0.00007122324000000000,0.99953520000000000000,262.00000000000000000000
B,0.00891182400000000000,0.00006970708000000000,0.99326990000000000000,262.00000000000000000000
B,0.01381833000000000000,0.00008394514000000000,0.99586290000000000000,262.00000000000000000000
B,0.00593790400000000000,0.00004497037000000000,0.99234250000000000000,277.00000000000000000000
B,0.00985183400000000000,0.00008440182000000000,0.99926560000000000000,277.00000000000000000000
B,0.01754503000000000000,0.00007749394000000000,0.99996700000000000000,277.00000000000000000000
B,0.01237232000000000000,0.00006142831000000000,0.99853160000000000000,277.00000000000000000000
B,0.01948481000000000000,0.00004196406000000000,1.00412800000000000000,277.00000000000000000000
B,0.01331696000000000000,0.00006407299000000000,0.99907990000000000000,294.00000000000000000000
B,0.01145277000000000000,0.00003341494000000000,0.99662700000000000000,294.00000000000000000000
B,0.01117074000000000000,0.00006436315000000000,0.99621030000000000000,294.00000000000000000000
B,0.01701204000000000000,0.00003874724000000000,1.00014700000000000000,294.00000000000000000000
B,0.01008897000000000000,0.00007540230000000000,0.99907990000000000000,294.00000000000000000000
B,0.00810053000000000000,0.00006656507000000000,1.00029700000000000000,294.00000000000000000000
B,0.01106110000000000000,0.00004052217000000000,1.00491500000000000000,311.00000000000000000000
B,0.01083827000000000000,0.00003172293000000000,0.99956490000000000000,311.00000000000000000000
B,0.01105401000000000000,0.00005247552000000000,1.00059400000000000000,311.00000000000000000000
B,0.01118821000000000000,0.00003854961000000000,1.00100500000000000000,311.00000000000000000000
B,0.01017146000000000000,0.00004897163000000000,0.99412990000000000000,311.00000000000000000000
B,0.01328209000000000000,0.00005383811000000000,0.99479610000000000000,311.00000000000000000000
B,0.00868436300000000000,0.00004912669000000000,0.99860700000000000000,330.00000000000000000000
B,0.01437908000000000000,0.00004756572000000000,0.99821850000000000000,330.00000000000000000000
B,0.01138003000000000000,0.00005018974000000000,1.00326900000000000000,330.00000000000000000000
B,0.01467865000000000000,0.00004408196000000000,0.99452770000000000000,330.00000000000000000000
B,0.00964630500000000000,0.00003697693000000000,1.00484200000000000000,330.00000000000000000000
B,0.01250373000000000000,0.00004402921000000000,1.00470800000000000000,330.00000000000000000000
B,0.00975869100000000000,0.00004828402000000000,1.00000000000000000000,349.00000000000000000000
B,0.01410040000000000000,0.00002757694000000000,1.00653900000000000000,349.00000000000000000000
B,0.00944875600000000000,0.00005061160000000000,1.00000000000000000000,349.00000000000000000000
B,0.01203750000000000000,0.00004103425000000000,1.00383400000000000000,349.00000000000000000000
B,0.01314072000000000000,0.00004466164000000000,0.99605830000000000000,349.00000000000000000000
B,0.01299530000000000000,0.00004189952000000000,0.99594090000000000000,349.00000000000000000000
B,0.01008388000000000000,0.00003896896000000000,1.00767000000000000000,370.00000000000000000000
B,0.01386401000000000000,0.00004352211000000000,1.00469300000000000000,370.00000000000000000000
B,0.00909135200000000000,0.00003747282000000000,1.00703900000000000000,370.00000000000000000000
B,0.00966594600000000000,0.00004161413000000000,1.01561500000000000000,370.00000000000000000000
B,0.00521379400000000000,0.00003184807000000000,1.02028000000000000000,370.00000000000000000000
B,0.01268460000000000000,0.00005484623000000000,0.99983820000000000000,370.00000000000000000000
B,0.01177660000000000000,0.00004076502000000000,0.99855730000000000000,392.00000000000000000000
B,0.01712014000000000000,0.00003824316000000000,1.00011400000000000000,392.00000000000000000000
B,0.01582703000000000000,0.00002842733000000000,1.01060300000000000000,392.00000000000000000000
B,0.02296280000000000000,0.00003478530000000000,1.01475400000000000000,392.00000000000000000000
B,0.01291377000000000000,0.00003939236000000000,1.00011400000000000000,392.00000000000000000000
B,0.01163798000000000000,0.00003587776000000000,1.00354700000000000000,392.00000000000000000000
B,0.00902060700000000000,0.00003294789000000000,0.99404760000000000000,415.00000000000000000000
B,0.02599904000000000000,0.00004361437000000000,1.00468700000000000000,415.00000000000000000000
B,0.01577737000000000000,0.00004264537000000000,0.99873740000000000000,415.00000000000000000000
B,0.02052575000000000000,0.00004575748000000000,1.00056400000000000000,415.00000000000000000000
B,0.01712522000000000000,0.00003736251000000000,1.00000000000000000000,415.00000000000000000000
B,0.01477001000000000000,0.00004062258000000000,0.99739690000000000000,415.00000000000000000000
B,0.01260281000000000000,0.00003648982000000000,0.99908350000000000000,440.00000000000000000000
B,0.03128613000000000000,0.00003087471000000000,1.00473900000000000000,440.00000000000000000000
B,0.01285276000000000000,0.00004923182000000000,1.00126600000000000000,440.00000000000000000000
B,0.01132729000000000000,0.00005866406000000000,1.00065400000000000000,440.00000000000000000000
B,0.00768125100000000000,0.00003979070000000000,1.00315700000000000000,440.00000000000000000000
B,0.02321053000000000000,0.00004366187000000000,0.99881540000000000000,440.00000000000000000000
B,0.01046723000000000000,0.00004591832000000000,1.00000000000000000000,466.00000000000000000000
B,0.02192395000000000000,0.00004865773000000000,0.99807320000000000000,466.00000000000000000000
B,0.01491346000000000000,0.00004619574000000000,0.99753660000000000000,466.00000000000000000000
B,0.01258558000000000000,0.00010339320000000000,1.01404300000000000000,466.00000000000000000000
B,0.01261066000000000000,0.00004213615000000000,0.99938270000000000000,466.00000000000000000000
B,0.01008742000000000000,0.00004543508000000000,1.00292500000000000000,466.00000000000000000000
B,0.01640734000000000000,0.00004044714000000000,0.99938270000000000000,494.00000000000000000000
B,0.02008794000000000000,0.00002750826000000000,1.01477400000000000000,494.00000000000000000000
B,0.01289085000000000000,0.00003662087000000000,0.99941650000000000000,494.00000000000000000000
B,0.02121870000000000000,0.00003856490000000000,1.00479400000000000000,494.00000000000000000000
B,0.02059921000000000000,0.00003585822000000000,0.99832240000000000000,494.00000000000000000000
B,0.01480065000000000000,0.00004162448000000000,0.99941650000000000000,494.00000000000000000000
B,0.02756304000000000000,0.00004285833000000000,1.00064600000000000000,523.00000000000000000000
B,0.03019393000000000000,0.00004424259000000000,0.99742270000000000000,523.00000000000000000000
B,0.02204266000000000000,0.00003362451000000000,1.01975900000000000000,523.00000000000000000000
B,0.02151557000000000000,0.00004039794000000000,1.00000000000000000000,523.00000000000000000000
B,0.01919823000000000000,0.00003511121000000000,1.00366100000000000000,523.00000000000000000000
B,0.01685392000000000000,0.00003226922000000000,1.01098200000000000000,523.00000000000000000000
B,0.02303076000000000000,0.00009581344000000000,1.00264900000000000000,554.00000000000000000000
B,0.02761478000000000000,0.00003096172000000000,1.00650400000000000000,554.00000000000000000000
B,0.02174426000000000000,0.00003540716000000000,1.00325200000000000000,554.00000000000000000000
B,0.02072239000000000000,0.00003187266000000000,1.00447200000000000000,554.00000000000000000000
B,0.01641969000000000000,0.00003574483000000000,1.00447200000000000000,554.00000000000000000000
B,0.03272248000000000000,0.00003950602000000000,0.99878640000000000000,554.00000000000000000000
B,0.02664682000000000000,0.00003322447000000000,1.01048800000000000000,587.00000000000000000000
B,0.05198300000000000000,0.00004966489000000000,0.99796750000000000000,587.00000000000000000000
B,0.02291015000000000000,0.00004944822000000000,1.00000000000000000000,587.00000000000000000000
B,0.03901763000000000000,0.00003292817000000000,1.01087000000000000000,587.00000000000000000000
B,0.02429341000000000000,0.00002572704000000000,1.01666700000000000000,587.00000000000000000000
B,0.01878044000000000000,0.00003589650000000000,0.99828370000000000000,587.00000000000000000000
B,0.02540011000000000000,0.00004373239000000000,1.00000000000000000000,622.00000000000000000000
B,0.04386561000000000000,0.00004409938000000000,0.99808980000000000000,622.00000000000000000000
B,0.04545806000000000000,0.00003337275000000000,1.02065300000000000000,622.00000000000000000000
B,0.03010442000000000000,0.00004361509000000000,0.99808980000000000000,622.00000000000000000000
B,0.03002473000000000000,0.00004647904000000000,0.99808980000000000000,622.00000000000000000000
B,0.02624840000000000000,0.00003192588000000000,1.00862100000000000000,622.00000000000000000000
B,0.01808634000000000000,0.00004642287000000000,0.99819820000000000000,659.00000000000000000000
B,0.04015553000000000000,0.00004564783000000000,0.99773550000000000000,659.00000000000000000000
B,0.04927348000000000000,0.00004563812000000000,1.00227100000000000000,659.00000000000000000000
B,0.02733050000000000000,0.00003094333000000000,1.01129200000000000000,659.00000000000000000000
B,0.02539612000000000000,0.00004279793000000000,0.99954590000000000000,659.00000000000000000000
B,0.01527691000000000000,0.00004083731000000000,1.00499500000000000000,659.00000000000000000000
B,0.02682995000000000000,0.00003318662000000000,1.01880300000000000000,698.00000000000000000000
B,0.04346240000000000000,0.00005597615000000000,1.00000000000000000000,698.00000000000000000000
B,0.02102794000000000000,0.00004146078000000000,1.00000000000000000000,698.00000000000000000000
B,0.05348175000000000000,0.00005834399000000000,0.99871130000000000000,698.00000000000000000000
B,0.02314607000000000000,0.00013289340000000000,0.99742930000000000000,698.00000000000000000000
B,0.05202392000000000000,0.00005827233000000000,1.00128500000000000000,698.00000000000000000000
B,0.07755973000000000000,0.00005600941000000000,0.99757870000000000000,740.00000000000000000000
B,0.03002946000000000000,0.00003015442000000000,1.02935800000000000000,740.00000000000000000000
B,0.02001194000000000000,0.00004258961000000000,1.00000000000000000000,740.00000000000000000000
B,0.02891899000000000000,0.00004347642000000000,1.00000000000000000000,740.00000000000000000000
B,0.03719263000000000000,0.00003524456000000000,1.01008900000000000000,740.00000000000000000000
B,0.02142424000000000000,0.00004746055000000000,1.00040400000000000000,740.00000000000000000000
B,0.03876449000000000000,0.00006094353000000000,0.99829350000000000000,784.00000000000000000000
B,0.06278253000000000000,0.00005413510000000000,0.99829350000000000000,784.00000000000000000000
B,0.02163165000000000000,0.00003978498000000000,0.99962030000000000000,784.00000000000000000000
B,0.05275127000000000000,0.00005514924000000000,0.99886110000000000000,784.00000000000000000000
B,0.02260566000000000000,0.00004030337000000000,0.99962030000000000000,784.00000000000000000000
B,0.08834086000000000000,0.00010000000000000000,1.00000000000000000000,831.00000000000000000000
B,0.04096467000000000000,0.00005584949000000000,1.00000000000000000000,831.00000000000000000000
B,0.01874254000000000000,0.00003760101000000000,1.00790200000000000000,831.00000000000000000000
B,0.03594536000000000000,0.00005554281000000000,0.99838190000000000000,831.00000000000000000000
B,0.03628625000000000000,0.00005820062000000000,0.99838190000000000000,831.00000000000000000000
B,0.05370805000000000000,0.00005691627000000000,0.99847100000000000000,880.00000000000000000000
B,0.02088662000000000000,0.00003099202000000000,1.01151800000000000000,880.00000000000000000000
B,0.03630827000000000000,0.00005729071000000000,1.00152900000000000000,880.00000000000000000000
B,0.04632353000000000000,0.00006117354000000000,1.00000000000000000000,880.00000000000000000000
B,0.02893557000000000000,0.00003124011000000000,1.01588900000000000000,880.00000000000000000000
B,0.04522407000000000000,0.00006289373000000000,1.00152900000000000000,880.00000000000000000000
B,0.02788348000000000000,0.00003287910000000000,1.02318800000000000000,932.00000000000000000000
B,0.02843970000000000000,0.00005998831000000000,1.00000000000000000000,932.00000000000000000000
B,0.03437840000000000000,0.00004359471000000000,1.01011600000000000000,932.00000000000000000000
B,0.03150297000000000000,0.00003263468000000000,1.03468200000000000000,932.00000000000000000000
B,0.04636239000000000000,0.00005791653000000000,1.00144900000000000000,932.00000000000000000000
B,0.02547213000000000000,0.00003218507000000000,1.01089700000000000000,932.00000000000000000000
B,0.02871555000000000000,0.00005819600000000000,1.00136200000000000000,988.00000000000000000000
B,0.01770587000000000000,0.00004718207000000000,1.00681200000000000000,988.00000000000000000000
B,0.02951527000000000000,0.00004553287000000000,1.01771100000000000000,988.00000000000000000000
B,0.02768778000000000000,0.00006688038000000000,0.99863760000000000000,988.00000000000000000000
B,0.03612245000000000000,0.00006163400000000000,1.00000000000000000000,988.00000000000000000000
B,0.02104542000000000000,0.00006180523000000000,1.00000000000000000000,988.00000000000000000000
B,0.00906266600000000000,0.00004713225000000000,0.99079800000000000000,247.00000000000000000000
B,0.01693279000000000000,0.00006918929000000000,0.99874100000000000000,247.00000000000000000000
B,0.00885352000000000000,0.00006338422000000000,0.99874100000000000000,247.00000000000000000000
B,0.00887053000000000000,0.00005964550000000000,0.99329440000000000000,247.00000000000000000000
B,0.01311847000000000000,0.00006139110000000000,0.99329440000000000000,247.00000000000000000000
B,0.01139108000000000000,0.00005550753000000000,0.98126640000000000000,247.00000000000000000000
B,0.01003628000000000000,0.00006052820000000000,0.99486650000000000000,262.00000000000000000000
B,0.00998067200000000000,0.00010416520000000000,1.00078300000000000000,262.00000000000000000000
B,0.01023531000000000000,0.00006867843000000000,0.99624960000000000000,262.00000000000000000000
B,0.00797960600000000000,0.00008031904000000000,0.99881230000000000000,262.00000000000000000000
B,0.00897699600000000000,0.00007752566000000000,0.99881230000000000000,262.00000000000000000000
B,0.01080216000000000000,0.00008769734000000000,0.99921160000000000000,262.00000000000000000000
B,0.01009664000000000000,0.00009362618000000000,1.00139800000000000000,277.00000000000000000000
B,0.00593551000000000000,0.00003707463000000000,0.57652330000000000000,831.00000000000000000000
B,0.00831522000000000000,0.00007481041000000000,1.00027900000000000000,277.00000000000000000000
B,0.01117944000000000000,0.00007855932000000000,0.99896760000000000000,277.00000000000000000000
B,0.01200739000000000000,0.00007408619000000000,0.99700500000000000000,277.00000000000000000000
B,0.01468299000000000000,0.00007069931000000000,0.99748930000000000000,277.00000000000000000000
B,0.01055655000000000000,0.00005892415000000000,0.99686440000000000000,294.00000000000000000000
B,0.00760957400000000000,0.00005602354000000000,0.99564400000000000000,294.00000000000000000000
B,0.01329622000000000000,0.00005571589000000000,0.99924750000000000000,294.00000000000000000000
B,0.01379249000000000000,0.00005354007000000000,0.99680850000000000000,294.00000000000000000000
B,0.00955445900000000000,0.00006341714000000000,0.99877140000000000000,294.00000000000000000000
B,0.01517344000000000000,0.00006201326000000000,0.99755100000000000000,294.00000000000000000000
B,0.01119944000000000000,0.00005498776000000000,0.99977080000000000000,311.00000000000000000000
B,0.01311281000000000000,0.00005476732000000000,0.99952950000000000000,311.00000000000000000000
B,0.01446278000000000000,0.00004982200000000000,0.99923600000000000000,311.00000000000000000000
B,0.01589803000000000000,0.00006078375000000000,0.99964740000000000000,311.00000000000000000000
B,0.02178373000000000000,0.00005512181000000000,0.99991170000000000000,311.00000000000000000000
B,0.01563551000000000000,0.00004982154000000000,0.99339210000000000000,311.00000000000000000000
B,0.01547998000000000000,0.00004448193000000000,1.00586000000000000000,330.00000000000000000000
B,0.01021609000000000000,0.00003319935000000000,1.00399400000000000000,330.00000000000000000000
B,0.01519993000000000000,0.00003915001000000000,1.00389600000000000000,330.00000000000000000000
B,0.01072572000000000000,0.00003334682000000000,1.00045200000000000000,330.00000000000000000000
B,0.01797983000000000000,0.00004893345000000000,0.99821850000000000000,330.00000000000000000000
B,0.01404395000000000000,0.00004514698000000000,1.00471200000000000000,330.00000000000000000000
B,0.02774498000000000000,0.00005331487000000000,1.00041100000000000000,349.00000000000000000000
B,0.00867318700000000000,0.00003615980000000000,1.00236500000000000000,349.00000000000000000000
B,0.01401251000000000000,0.00004552065000000000,1.00016300000000000000,349.00000000000000000000
B,0.01174069000000000000,0.00003275540000000000,1.00690700000000000000,349.00000000000000000000
B,0.01771334000000000000,0.00004885036000000000,0.99979540000000000000,349.00000000000000000000
B,0.01540545000000000000,0.00004095271000000000,0.99428890000000000000,349.00000000000000000000
B,0.01505694000000000000,0.00006251733000000000,0.99983820000000000000,370.00000000000000000000
B,0.00821641000000000000,0.00003731837000000000,1.00498500000000000000,370.00000000000000000000
B,0.01724177000000000000,0.00003929711000000000,1.00550400000000000000,370.00000000000000000000
B,0.01113317000000000000,0.00004236791000000000,0.99978720000000000000,370.00000000000000000000
B,0.01180168000000000000,0.00003006233000000000,1.00513600000000000000,370.00000000000000000000
B,0.01333041000000000000,0.00006326062000000000,0.99902910000000000000,370.00000000000000000000
B,0.02506778000000000000,0.00003228245000000000,0.99170470000000000000,392.00000000000000000000
B,0.01243622000000000000,0.00003036651000000000,1.01334900000000000000,392.00000000000000000000
B,0.01181952000000000000,0.00002345999000000000,1.01453100000000000000,392.00000000000000000000
B,0.01850766000000000000,0.00004043755000000000,1.00348600000000000000,392.00000000000000000000
B,0.01110712000000000000,0.00002870991000000000,1.00747000000000000000,392.00000000000000000000
B,0.01126799000000000000,0.00004532393000000000,0.99897030000000000000,392.00000000000000000000
B,0.01172579000000000000,0.00014264470000000000,0.99913420000000000000,415.00000000000000000000
B,0.01297967000000000000,0.00003403414000000000,1.00133200000000000000,415.00000000000000000000
B,0.01411279000000000000,0.00003797591000000000,1.00649300000000000000,415.00000000000000000000
B,0.02079401000000000000,0.00004849975000000000,1.00000000000000000000,415.00000000000000000000
B,0.01499971000000000000,0.00004300801000000000,1.00000000000000000000,415.00000000000000000000
B,0.01814718000000000000,0.00004950061000000000,1.00000000000000000000,415.00000000000000000000
B,0.02233591000000000000,0.00004769511000000000,0.99954160000000000000,440.00000000000000000000
B,0.01731194000000000000,0.00003784394000000000,1.00175200000000000000,440.00000000000000000000
B,0.05058704000000000000,0.00004270564000000000,1.00204500000000000000,440.00000000000000000000
B,0.01694893000000000000,0.00004676670000000000,0.99930730000000000000,440.00000000000000000000
B,0.01551741000000000000,0.00004240313000000000,0.99930730000000000000,440.00000000000000000000
B,0.03026117000000000000,0.00004797258000000000,0.99954160000000000000,440.00000000000000000000
B,0.01972722000000000000,0.00004148017000000000,0.99938270000000000000,466.00000000000000000000
B,0.01694082000000000000,0.00003341835000000000,1.00331000000000000000,466.00000000000000000000
B,0.01584468000000000000,0.00004592789000000000,0.99753660000000000000,466.00000000000000000000
B,0.03087620000000000000,0.00003450342000000000,1.00748500000000000000,466.00000000000000000000
B,0.02167967000000000000,0.00004540778000000000,0.99753660000000000000,466.00000000000000000000
B,0.01827517000000000000,0.00004637698000000000,1.00061600000000000000,466.00000000000000000000
B,0.01280601000000000000,0.00003921118000000000,0.99938270000000000000,494.00000000000000000000
B,0.01853370000000000000,0.00003613123000000000,0.99938270000000000000,494.00000000000000000000
B,0.01663218000000000000,0.00002839589000000000,1.01808300000000000000,494.00000000000000000000
B,0.03401951000000000000,0.00002616650000000000,1.01699400000000000000,494.00000000000000000000
B,0.02851289000000000000,0.00003904537000000000,0.99704810000000000000,494.00000000000000000000
B,0.02274589000000000000,0.00002703432000000000,1.01554100000000000000,494.00000000000000000000
B,0.01596261000000000000,0.00004235604000000000,0.99781420000000000000,523.00000000000000000000
B,0.03460403000000000000,0.00004130386000000000,0.99892890000000000000,523.00000000000000000000
B,0.01717629000000000000,0.00002816977000000000,1.01047000000000000000,523.00000000000000000000
B,0.03775295000000000000,0.00003084739000000000,1.01890000000000000000,523.00000000000000000000
B,0.01755401000000000000,0.00003950395000000000,0.99807200000000000000,523.00000000000000000000
B,0.01375185000000000000,0.00004301804000000000,0.99942060000000000000,523.00000000000000000000
B,0.01225088000000000000,0.00004637196000000000,1.00000000000000000000,554.00000000000000000000
B,0.02322381000000000000,0.00003586068000000000,1.00000000000000000000,554.00000000000000000000
B,0.01878424000000000000,0.00003848815000000000,1.00000000000000000000,554.00000000000000000000
B,0.04152581000000000000,0.00002830995000000000,1.02427200000000000000,554.00000000000000000000
B,0.02384850000000000000,0.00004212827000000000,1.00000000000000000000,554.00000000000000000000
B,0.02818020000000000000,0.00005004654000000000,1.00000000000000000000,554.00000000000000000000
B,0.01715214000000000000,0.00004237005000000000,0.99980840000000000000,587.00000000000000000000
B,0.02315281000000000000,0.00003557857000000000,1.00000000000000000000,587.00000000000000000000
B,0.01168355000000000000,0.00003835494000000000,1.00325700000000000000,587.00000000000000000000
B,0.02198056000000000000,0.00004907533000000000,1.00000000000000000000,587.00000000000000000000
B,0.01181545000000000000,0.00004389279000000000,1.00000000000000000000,587.00000000000000000000
B,0.01688707000000000000,0.00002829678000000000,1.03082200000000000000,587.00000000000000000000
B,0.01331267000000000000,0.00003166882000000000,1.01619900000000000000,622.00000000000000000000
B,0.01706013000000000000,0.00004628116000000000,0.99982000000000000000,622.00000000000000000000
B,0.01414271000000000000,0.00002696893000000000,1.01601900000000000000,622.00000000000000000000
B,0.02280282000000000000,0.00002700095000000000,1.01997800000000000000,622.00000000000000000000
B,0.01795655000000000000,0.00003272514000000000,1.00938000000000000000,622.00000000000000000000
B,0.01989136000000000000,0.00003567932000000000,1.00198000000000000000,622.00000000000000000000
B,0.03608697000000000000,0.00003150555000000000,1.02868900000000000000,659.00000000000000000000
B,0.03220313000000000000,0.00004199812000000000,0.99593500000000000000,659.00000000000000000000
B,0.02141764000000000000,0.00004844997000000000,0.99819820000000000000,659.00000000000000000000
B,0.01447441000000000000,0.00004147425000000000,0.99983030000000000000,659.00000000000000000000
B,0.01449730000000000000,0.00004661080000000000,0.99863950000000000000,659.00000000000000000000
B,0.02454591000000000000,0.00003167765000000000,1.02015400000000000000,659.00000000000000000000
B,0.01806254000000000000,0.00004578626000000000,0.99829500000000000000,698.00000000000000000000
B,0.01510031000000000000,0.00004993135000000000,0.99829500000000000000,698.00000000000000000000
B,0.05165108000000000000,0.00004102320000000000,1.00000000000000000000,698.00000000000000000000
B,0.02225818000000000000,0.00003490327000000000,1.00937800000000000000,698.00000000000000000000
B,0.02840310000000000000,0.00005097541000000000,1.00000000000000000000,698.00000000000000000000
B,0.01794672000000000000,0.00004655200000000000,0.99829500000000000000,698.00000000000000000000
B,0.03065422000000000000,0.00004096733000000000,0.99959840000000000000,740.00000000000000000000
B,0.03231954000000000000,0.00004636976000000000,0.99959840000000000000,740.00000000000000000000
B,0.02004132000000000000,0.00003830797000000000,1.01164700000000000000,740.00000000000000000000
B,0.01357062000000000000,0.00004448682000000000,1.00000000000000000000,784.00000000000000000000
B,0.01904403000000000000,0.00002984044000000000,1.01697200000000000000,784.00000000000000000000
B,0.02068426000000000000,0.00004329563000000000,1.00038100000000000000,784.00000000000000000000
B,0.03919646000000000000,0.00005673780000000000,1.00000000000000000000,784.00000000000000000000
B,0.03201742000000000000,0.00003219170000000000,1.01255700000000000000,784.00000000000000000000
B,0.03169649000000000000,0.00003911722000000000,1.00740300000000000000,784.00000000000000000000
B,0.01987860000000000000,0.00002857459000000000,1.01792100000000000000,831.00000000000000000000
B,0.02914215000000000000,0.00004818010000000000,1.00035900000000000000,831.00000000000000000000
B,0.02535995000000000000,0.00004186523000000000,0.99964000000000000000,831.00000000000000000000
B,0.01385149000000000000,0.00003938521000000000,1.00611900000000000000,831.00000000000000000000
B,0.02176668000000000000,0.00004227005000000000,1.00035900000000000000,831.00000000000000000000
B,0.01573558000000000000,0.00002913916000000000,1.01487500000000000000,880.00000000000000000000
B,0.02179562000000000000,0.00003798844000000000,1.00950400000000000000,880.00000000000000000000
B,0.01063396000000000000,0.00003100934000000000,1.00880800000000000000,880.00000000000000000000
B,0.02013115000000000000,0.00004847889000000000,1.00000000000000000000,880.00000000000000000000
B,0.01690083000000000000,0.00004909768000000000,0.99830280000000000000,880.00000000000000000000
B,0.01253194000000000000,0.00002550846000000000,1.02009500000000000000,880.00000000000000000000
B,0.03154788000000000000,0.00005992100000000000,0.99855070000000000000,932.00000000000000000000
B,0.02546141000000000000,0.00006054280000000000,1.00000000000000000000,932.00000000000000000000
B,0.02386580000000000000,0.00006286989000000000,1.00144900000000000000,932.00000000000000000000
B,0.02278381000000000000,0.00003460811000000000,1.02384400000000000000,932.00000000000000000000
B,0.04551297000000000000,0.00006101613000000000,1.00144900000000000000,932.00000000000000000000
B,0.01704882000000000000,0.00003430577000000000,1.01956500000000000000,932.00000000000000000000
B,0.02357510000000000000,0.00005173326000000000,1.01229500000000000000,988.00000000000000000000
B,0.03172768000000000000,0.00006562802000000000,1.00000000000000000000,988.00000000000000000000
B,0.02310250000000000000,0.00006496031000000000,1.00136200000000000000,988.00000000000000000000
B,0.02215724000000000000,0.00006733480000000000,0.99863760000000000000,988.00000000000000000000
B,0.01456236000000000000,0.00003534726000000000,1.01634900000000000000,988.00000000000000000000
B,0.01059936000000000000,0.00013509280000000000,1.01335100000000000000,988.00000000000000000000
D,0.01281922000000000000,0.00009112010000000000,1.00233000000000000000,147.00000000000000000000
D,0.00662864100000000000,0.00004751569000000000,0.47019460000000000000,740.00000000000000000000
D,0.01159280000000000000,0.00011715980000000000,0.99970760000000000000,147.00000000000000000000
D,0.00867692900000000000,0.00011146080000000000,0.99761580000000000000,147.00000000000000000000
D,0.01315328000000000000,0.00011613720000000000,0.99905430000000000000,147.00000000000000000000
D,0.01064838000000000000,0.00008454536000000000,1.00314400000000000000,156.00000000000000000000
D,0.01841219000000000000,0.00007506247000000000,1.00761500000000000000,156.00000000000000000000
D,0.01456793000000000000,0.00007603416000000000,1.00062000000000000000,156.00000000000000000000
D,0.00984260500000000000,0.00006313523000000000,1.02258200000000000000,175.00000000000000000000
D,0.01283712000000000000,0.00007793278000000000,0.99654660000000000000,156.00000000000000000000
D,0.01002667000000000000,0.00005004782000000000,0.44585600000000000000,698.00000000000000000000
D,0.00839457800000000000,0.00005086508000000000,0.44404190000000000000,740.00000000000000000000
D,0.01667670000000000000,0.00007705983000000000,0.99781160000000000000,165.00000000000000000000
D,0.01857925000000000000,0.00008386074000000000,0.99199870000000000000,165.00000000000000000000
D,0.01534245000000000000,0.00007805231000000000,0.99839380000000000000,165.00000000000000000000
D,0.02291858000000000000,0.00009773771000000000,0.99885600000000000000,165.00000000000000000000
D,0.01905669000000000000,0.00008178480000000000,0.99885600000000000000,165.00000000000000000000
D,0.00983511600000000000,0.00006307680000000000,0.99523540000000000000,175.00000000000000000000
D,0.01112515000000000000,0.00007729013000000000,0.99301930000000000000,175.00000000000000000000
D,0.01453204000000000000,0.00009822861000000000,1.00061900000000000000,175.00000000000000000000
D,0.01763673000000000000,0.00008301208000000000,0.99924650000000000000,175.00000000000000000000
D,0.01829085000000000000,0.00008141618000000000,1.00071400000000000000,175.00000000000000000000
D,0.01049315000000000000,0.00007548123000000000,0.99082150000000000000,175.00000000000000000000
D,0.01314850000000000000,0.00007025088000000000,1.00205200000000000000,185.00000000000000000000
D,0.01331094000000000000,0.00006898562000000000,1.00568200000000000000,185.00000000000000000000
D,0.01527019000000000000,0.00007952022000000000,0.99842100000000000000,185.00000000000000000000
D,0.01257345000000000000,0.00006726376000000000,0.99938650000000000000,185.00000000000000000000
D,0.01651008000000000000,0.00004631920000000000,1.00989100000000000000,185.00000000000000000000
D,0.01681715000000000000,0.00005159762000000000,0.99341860000000000000,185.00000000000000000000
D,0.01522486000000000000,0.00005074207000000000,1.00783600000000000000,196.00000000000000000000
D,0.02026480000000000000,0.00007650565000000000,0.99687980000000000000,196.00000000000000000000
D,0.01002204000000000000,0.00006214436000000000,1.00308300000000000000,196.00000000000000000000
D,0.01439395000000000000,0.00007363837000000000,0.99973270000000000000,196.00000000000000000000
D,0.01626440000000000000,0.00007808954000000000,1.00082600000000000000,196.00000000000000000000
D,0.01623144000000000000,0.00006133625000000000,0.99973270000000000000,196.00000000000000000000
D,0.01580288000000000000,0.00004555525000000000,0.99730460000000000000,208.00000000000000000000
D,0.01915760000000000000,0.00005268766000000000,0.99884560000000000000,208.00000000000000000000
D,0.01911958000000000000,0.00006089459000000000,0.99861470000000000000,208.00000000000000000000
D,0.01610864000000000000,0.00005976708000000000,1.00039200000000000000,208.00000000000000000000
D,0.01567189000000000000,0.00006839896000000000,0.99861470000000000000,208.00000000000000000000
D,0.02037959000000000000,0.00003307980000000000,0.99965370000000000000,208.00000000000000000000
D,0.01786285000000000000,0.00003322058000000000,1.00004100000000000000,220.00000000000000000000
D,0.02826962000000000000,0.00005071291000000000,0.99697960000000000000,220.00000000000000000000
D,0.02855751000000000000,0.00004998356000000000,0.99697960000000000000,220.00000000000000000000
D,0.01436066000000000000,0.00004003334000000000,0.99705420000000000000,220.00000000000000000000
D,0.01853962000000000000,0.00003751803000000000,0.99699880000000000000,220.00000000000000000000
D,0.02114251000000000000,0.00003503754000000000,1.01026400000000000000,233.00000000000000000000
D,0.02034340000000000000,0.00004256611000000000,1.00072400000000000000,233.00000000000000000000
D,0.01276727000000000000,0.00004458012000000000,0.99746160000000000000,233.00000000000000000000
D,0.01531648000000000000,0.00004275385000000000,0.99746160000000000000,233.00000000000000000000
D,0.02556636000000000000,0.00003373389000000000,0.99652780000000000000,233.00000000000000000000
D,0.02171263000000000000,0.00004822649000000000,0.99990360000000000000,233.00000000000000000000
D,0.01179442000000000000,0.00004053588000000000,0.99767360000000000000,247.00000000000000000000
D,0.02043652000000000000,0.00005007125000000000,1.00064000000000000000,247.00000000000000000000
D,0.02739039000000000000,0.00003760674000000000,1.02256700000000000000,247.00000000000000000000
D,0.02045383000000000000,0.00004243021000000000,0.99730910000000000000,247.00000000000000000000
D,0.01190800000000000000,0.00003038020000000000,1.02459700000000000000,247.00000000000000000000
D,0.02031835000000000000,0.00005052171000000000,0.99736170000000000000,247.00000000000000000000
D,0.01276314000000000000,0.00004120682000000000,1.00767500000000000000,262.00000000000000000000
D,0.02053556000000000000,0.00003690505000000000,1.00337900000000000000,262.00000000000000000000
D,0.00541700000000000000,0.00004613330000000000,1.00034400000000000000,262.00000000000000000000
D,0.01787461000000000000,0.00004872373000000000,0.99994270000000000000,262.00000000000000000000
D,0.01374160000000000000,0.00005018896000000000,0.99805270000000000000,262.00000000000000000000
D,0.02238990000000000000,0.00005535431000000000,0.99889810000000000000,262.00000000000000000000
D,0.03191862000000000000,0.00003510539000000000,1.00735300000000000000,277.00000000000000000000
D,0.06781165000000000000,0.00003974182000000000,0.99785160000000000000,277.00000000000000000000
D,0.01454452000000000000,0.00003759016000000000,0.99604980000000000000,277.00000000000000000000
D,0.07836196000000000000,0.00004881767000000000,0.99634150000000000000,277.00000000000000000000
D,0.01131078000000000000,0.00004452353000000000,0.99604980000000000000,277.00000000000000000000
D,0.02336183000000000000,0.00004682758000000000,0.99829100000000000000,277.00000000000000000000
D,0.01275787000000000000,0.00005939296000000000,0.99609280000000000000,294.00000000000000000000
D,0.03078453000000000000,0.00003713120000000000,1.02573000000000000000,294.00000000000000000000
D,0.02667999000000000000,0.00004908136000000000,0.99694190000000000000,294.00000000000000000000
D,0.02757959000000000000,0.00004997497000000000,1.00038400000000000000,294.00000000000000000000
D,0.03382323000000000000,0.00005176604000000000,0.99694190000000000000,294.00000000000000000000
D,0.02413617000000000000,0.00003529751000000000,1.01376200000000000000,294.00000000000000000000
D,0.01696725000000000000,0.00003382244000000000,1.00691100000000000000,311.00000000000000000000
D,0.03894051000000000000,0.00003938595000000000,0.99976850000000000000,311.00000000000000000000
D,0.03387252000000000000,0.00002735459000000000,1.04311600000000000000,311.00000000000000000000
D,0.02146245000000000000,0.00005689694000000000,0.99710140000000000000,311.00000000000000000000
D,0.02537212000000000000,0.00003756745000000000,1.00092600000000000000,311.00000000000000000000
D,0.02421813000000000000,0.00003800884000000000,0.99629630000000000000,311.00000000000000000000
D,0.02093293000000000000,0.00003161611000000000,1.00646000000000000000,330.00000000000000000000
D,0.02873735000000000000,0.00004505917000000000,0.99829940000000000000,330.00000000000000000000
D,0.03726296000000000000,0.00003991511000000000,0.99829940000000000000,330.00000000000000000000
D,0.02913806000000000000,0.00004292230000000000,0.99829940000000000000,330.00000000000000000000
D,0.03548511000000000000,0.00004544691000000000,0.99829940000000000000,330.00000000000000000000
D,0.03028776000000000000,0.00004206275000000000,0.99693880000000000000,330.00000000000000000000
D,0.02057894000000000000,0.00004733159000000000,0.99967830000000000000,349.00000000000000000000
D,0.03377860000000000000,0.00003267972000000000,1.02659800000000000000,349.00000000000000000000
D,0.01895378000000000000,0.00004717423000000000,0.99967830000000000000,349.00000000000000000000
D,0.09075884000000000000,0.00004593580000000000,0.99570450000000000000,349.00000000000000000000
D,0.04803975000000000000,0.00005379905000000000,1.00085900000000000000,349.00000000000000000000
D,0.02155013000000000000,0.00005312279000000000,1.00258400000000000000,349.00000000000000000000
D,0.02531546000000000000,0.00002578450000000000,1.04106300000000000000,494.00000000000000000000
D,0.05368095000000000000,0.00005056149000000000,1.00080900000000000000,370.00000000000000000000
D,0.03227326000000000000,0.00004017822000000000,1.01294500000000000000,370.00000000000000000000
D,0.04378068000000000000,0.00004789419000000000,1.00080900000000000000,370.00000000000000000000
D,0.03885092000000000000,0.00005643646000000000,1.00080900000000000000,370.00000000000000000000
D,0.03402352000000000000,0.00004929131000000000,1.00080900000000000000,370.00000000000000000000
D,0.01811432000000000000,0.00003860772000000000,0.99971370000000000000,392.00000000000000000000
D,0.03297097000000000000,0.00003807341000000000,0.99799540000000000000,392.00000000000000000000
D,0.02332893000000000000,0.00003634943000000000,0.99971370000000000000,392.00000000000000000000
D,0.01977530000000000000,0.00003264139000000000,1.01460500000000000000,392.00000000000000000000
D,0.01999746000000000000,0.00003844562000000000,1.00684900000000000000,392.00000000000000000000
D,0.01904796000000000000,0.00003962991000000000,0.99971370000000000000,392.00000000000000000000
D,0.02893198000000000000,0.00003124423000000000,1.03290400000000000000,415.00000000000000000000
D,0.05500144000000000000,0.00004541544000000000,1.02145900000000000000,415.00000000000000000000
D,0.06874152000000000000,0.00004512257000000000,0.99928160000000000000,415.00000000000000000000
D,0.05791243000000000000,0.00004482751000000000,0.99712640000000000000,415.00000000000000000000
D,0.02675183000000000000,0.00003813131000000000,1.00715300000000000000,415.00000000000000000000
D,0.06321127000000000000,0.00006569629000000000,0.99784480000000000000,415.00000000000000000000
D,0.02045427000000000000,0.00003849246000000000,1.00680300000000000000,440.00000000000000000000
D,0.05176779000000000000,0.00006546346000000000,1.00000000000000000000,440.00000000000000000000
D,0.03686482000000000000,0.00004580207000000000,0.99796750000000000000,440.00000000000000000000
D,0.03827347000000000000,0.00003874140000000000,1.03688500000000000000,440.00000000000000000000
D,0.08061827000000000000,0.00004320740000000000,0.99796750000000000000,440.00000000000000000000
D,0.02411959000000000000,0.00003885748000000000,1.00680300000000000000,440.00000000000000000000
D,0.04070110000000000000,0.00003819930000000000,1.00641000000000000000,466.00000000000000000000
D,0.03659851000000000000,0.00005023378000000000,1.00064100000000000000,466.00000000000000000000
D,0.03745851000000000000,0.00004607767000000000,1.00064100000000000000,466.00000000000000000000
D,0.03213332000000000000,0.00003074846000000000,1.02682000000000000000,466.00000000000000000000
D,0.05139266000000000000,0.00005960075000000000,1.00000000000000000000,466.00000000000000000000
D,0.05774033000000000000,0.00006249186000000000,1.00000000000000000000,466.00000000000000000000
D,0.03484219000000000000,0.00003603086000000000,1.02105900000000000000,494.00000000000000000000
D,0.02803084000000000000,0.00004491154000000000,1.00000000000000000000,494.00000000000000000000
D,0.03307392000000000000,0.00003068051000000000,1.04333300000000000000,494.00000000000000000000
D,0.01220970000000000000,0.00011815360000000000,1.01648500000000000000,494.00000000000000000000
D,0.02912205000000000000,0.00002985365000000000,1.02969700000000000000,494.00000000000000000000
D,0.02567912000000000000,0.00003905470000000000,1.02242400000000000000,494.00000000000000000000
D,0.03348465000000000000,0.00006707691000000000,1.00000000000000000000,523.00000000000000000000
D,0.03398754000000000000,0.00007047336000000000,1.00000000000000000000,523.00000000000000000000
D,0.01382181000000000000,0.00003337285000000000,1.01997700000000000000,523.00000000000000000000
D,0.02816505000000000000,0.00005395005000000000,0.99942920000000000000,523.00000000000000000000
D,0.01998251000000000000,0.00004912692000000000,0.99942920000000000000,523.00000000000000000000
D,0.04388392000000000000,0.00007500058000000000,0.99743590000000000000,523.00000000000000000000
D,0.04559196000000000000,0.00007082168000000000,1.00243900000000000000,554.00000000000000000000
D,0.01965378000000000000,0.00005718448000000000,0.99784950000000000000,554.00000000000000000000
D,0.01624791000000000000,0.00005042365000000000,1.00000000000000000000,554.00000000000000000000
D,0.02141261000000000000,0.00004048245000000000,1.00000000000000000000,554.00000000000000000000
D,0.05227798000000000000,0.00005620029000000000,1.00000000000000000000,554.00000000000000000000
D,0.02269892000000000000,0.00005034656000000000,1.01213600000000000000,554.00000000000000000000
D,0.02497059000000000000,0.00006790896000000000,0.99771690000000000000,587.00000000000000000000
D,0.04613822000000000000,0.00007250371000000000,0.99771690000000000000,587.00000000000000000000
D,0.03503193000000000000,0.00004989116000000000,1.01369900000000000000,587.00000000000000000000
D,0.04888728000000000000,0.00007469844000000000,0.99771690000000000000,587.00000000000000000000
D,0.01117442000000000000,0.00003702019000000000,1.03462700000000000000,587.00000000000000000000
D,0.03348249000000000000,0.00007043298000000000,1.00228300000000000000,587.00000000000000000000
D,0.00981606400000000000,0.00008618954000000000,0.99917240000000000000,147.00000000000000000000
D,0.01129074000000000000,0.00006199834000000000,0.98416430000000000000,208.00000000000000000000
D,0.00936548700000000000,0.00008940996000000000,1.00405600000000000000,147.00000000000000000000
D,0.00963400900000000000,0.00009793680000000000,1.00024000000000000000,147.00000000000000000000
D,0.00982318300000000000,0.00008835380000000000,1.00405600000000000000,147.00000000000000000000
D,0.00750301000000000000,0.00005185246000000000,0.47810220000000000000,740.00000000000000000000
D,0.01895480000000000000,0.00006782907000000000,0.99412950000000000000,156.00000000000000000000
D,0.01534968000000000000,0.00005104539000000000,0.44593440000000000000,698.00000000000000000000
D,0.01460371000000000000,0.00007424867000000000,0.99953810000000000000,156.00000000000000000000
D,0.01911655000000000000,0.00007413961000000000,1.00040400000000000000,156.00000000000000000000
D,0.01126959000000000000,0.00004321126000000000,0.98572290000000000000,156.00000000000000000000
D,0.01503382000000000000,0.00007126929000000000,0.99991170000000000000,156.00000000000000000000
D,0.01609391000000000000,0.00007531857000000000,0.99781160000000000000,165.00000000000000000000
D,0.01417069000000000000,0.00005807015000000000,1.04695000000000000000,185.00000000000000000000
D,0.01106122000000000000,0.00008823668000000000,0.99885600000000000000,165.00000000000000000000
D,0.01685150000000000000,0.00008265710000000000,0.99885600000000000000,165.00000000000000000000
D,0.02666796000000000000,0.00007602444000000000,1.00530900000000000000,165.00000000000000000000
D,0.01306633000000000000,0.00008584793000000000,0.99885600000000000000,165.00000000000000000000
D,0.01427371000000000000,0.00006664285000000000,1.00328800000000000000,175.00000000000000000000
D,0.01299854000000000000,0.00006330103000000000,1.00181800000000000000,175.00000000000000000000
D,0.01994439000000000000,0.00007483930000000000,1.00474800000000000000,175.00000000000000000000
D,0.01914348000000000000,0.00006881797000000000,0.99997900000000000000,175.00000000000000000000
D,0.01464443000000000000,0.00006349147000000000,1.00549500000000000000,175.00000000000000000000
D,0.02583381000000000000,0.00008655257000000000,1.00046500000000000000,175.00000000000000000000
D,0.01132990000000000000,0.00004670605000000000,1.00583500000000000000,185.00000000000000000000
D,0.01191511000000000000,0.00006296650000000000,1.00837500000000000000,185.00000000000000000000
D,0.01599705000000000000,0.00005955999000000000,0.99938650000000000000,185.00000000000000000000
D,0.01632040000000000000,0.00006372623000000000,1.00091400000000000000,185.00000000000000000000
D,0.01096196000000000000,0.00004309800000000000,1.00011400000000000000,185.00000000000000000000
D,0.01461714000000000000,0.00005633655000000000,1.00582800000000000000,185.00000000000000000000
D,0.01795358000000000000,0.00005566428000000000,1.01042900000000000000,196.00000000000000000000
D,0.02239223000000000000,0.00005415224000000000,0.99948600000000000000,196.00000000000000000000
D,0.03572805000000000000,0.00005637604000000000,0.99642200000000000000,196.00000000000000000000
D,0.02164562000000000000,0.00006983466000000000,1.00908300000000000000,196.00000000000000000000
D,0.01165752000000000000,0.00003370678000000000,0.99216590000000000000,196.00000000000000000000
D,0.02376115000000000000,0.00007361009000000000,0.99807340000000000000,196.00000000000000000000
D,0.02006620000000000000,0.00004964682000000000,0.99514400000000000000,208.00000000000000000000
D,0.02178300000000000000,0.00006363419000000000,0.99861470000000000000,208.00000000000000000000
D,0.03076813000000000000,0.00005888933000000000,0.99861470000000000000,208.00000000000000000000
D,0.01575439000000000000,0.00003348883000000000,1.00063400000000000000,208.00000000000000000000
D,0.02020085000000000000,0.00006705515000000000,0.99861470000000000000,208.00000000000000000000
D,0.01950386000000000000,0.00003053441000000000,1.01938800000000000000,262.00000000000000000000
D,0.01675031000000000000,0.00004780263000000000,1.00024600000000000000,220.00000000000000000000
D,0.04959925000000000000,0.00004138588000000000,1.00010200000000000000,220.00000000000000000000
D,0.01608541000000000000,0.00004329155000000000,1.00187800000000000000,220.00000000000000000000
D,0.02263968000000000000,0.00004483925000000000,1.02356800000000000000,220.00000000000000000000
D,0.02483409000000000000,0.00003903641000000000,1.03081600000000000000,220.00000000000000000000
D,0.02506577000000000000,0.00004264117000000000,0.99879900000000000000,233.00000000000000000000
D,0.02321405000000000000,0.00005000202000000000,1.03487700000000000000,233.00000000000000000000
D,0.02776945000000000000,0.00004419807000000000,0.99976920000000000000,233.00000000000000000000
D,0.02740294000000000000,0.00005948058000000000,0.99990360000000000000,233.00000000000000000000
D,0.02564564000000000000,0.00004723428000000000,1.00285700000000000000,233.00000000000000000000
D,0.02597802000000000000,0.00004208451000000000,1.02523100000000000000,233.00000000000000000000
D,0.03130127000000000000,0.00003686864000000000,1.02059700000000000000,247.00000000000000000000
D,0.01925999000000000000,0.00005053361000000000,1.00000000000000000000,247.00000000000000000000
D,0.01611293000000000000,0.00003592766000000000,1.01109100000000000000,247.00000000000000000000
D,0.02237157000000000000,0.00004306134000000000,0.99736170000000000000,247.00000000000000000000
D,0.01728239000000000000,0.00004326813000000000,0.99730910000000000000,247.00000000000000000000
D,0.02290723000000000000,0.00003155044000000000,1.03303000000000000000,247.00000000000000000000
D,0.02747416000000000000,0.00005920315000000000,0.99561040000000000000,262.00000000000000000000
D,0.02404504000000000000,0.00004543712000000000,1.00727000000000000000,262.00000000000000000000
D,0.02738914000000000000,0.00004620964000000000,1.00075400000000000000,262.00000000000000000000
D,0.02737213000000000000,0.00005127091000000000,1.00109700000000000000,262.00000000000000000000
D,0.02339866000000000000,0.00004000688000000000,0.99805270000000000000,262.00000000000000000000
D,0.01151651000000000000,0.00004606886000000000,1.01122600000000000000,262.00000000000000000000
D,0.01574578000000000000,0.00004188500000000000,1.00891900000000000000,277.00000000000000000000
D,0.02468973000000000000,0.00004332104000000000,0.99604410000000000000,277.00000000000000000000
D,0.01510362000000000000,0.00003143847000000000,1.01066000000000000000,277.00000000000000000000
D,0.01321274000000000000,0.00005072326000000000,0.99604410000000000000,277.00000000000000000000
D,0.02073002000000000000,0.00004090161000000000,0.99707790000000000000,277.00000000000000000000
D,0.02614405000000000000,0.00003341052000000000,1.02421900000000000000,277.00000000000000000000
D,0.03811048000000000000,0.00002841186000000000,1.02566500000000000000,294.00000000000000000000
D,0.03983224000000000000,0.00003613214000000000,1.00806500000000000000,294.00000000000000000000
D,0.03423234000000000000,0.00003307598000000000,1.02188900000000000000,294.00000000000000000000
D,0.02667107000000000000,0.00004906095000000000,1.00038400000000000000,294.00000000000000000000
D,0.02653712000000000000,0.00004694693000000000,0.99694190000000000000,294.00000000000000000000
D,0.05600785000000000000,0.00003546885000000000,1.01070300000000000000,294.00000000000000000000
D,0.03937243000000000000,0.00004511522000000000,0.99963920000000000000,311.00000000000000000000
D,0.03959483000000000000,0.00004252348000000000,0.99963920000000000000,311.00000000000000000000
D,0.01920075000000000000,0.00004288474000000000,0.99901960000000000000,311.00000000000000000000
D,0.03886925000000000000,0.00005369830000000000,1.12893200000000000000,247.00000000000000000000
D,0.02231894000000000000,0.00005097580000000000,0.99963920000000000000,311.00000000000000000000
D,0.02411482000000000000,0.00005274013000000000,0.99963920000000000000,311.00000000000000000000
D,0.02187409000000000000,0.00004002657000000000,0.99693880000000000000,330.00000000000000000000
D,0.03715764000000000000,0.00005280875000000000,1.00000000000000000000,330.00000000000000000000
D,0.04411108000000000000,0.00005293242000000000,1.00000000000000000000,330.00000000000000000000
D,0.02351327000000000000,0.00004046451000000000,1.01639300000000000000,330.00000000000000000000
D,0.01682981000000000000,0.00003289900000000000,1.01190500000000000000,330.00000000000000000000
D,0.02311551000000000000,0.00003916477000000000,0.99738560000000000000,330.00000000000000000000
D,0.01943662000000000000,0.00003696451000000000,0.99669760000000000000,349.00000000000000000000
D,0.05160680000000000000,0.00004292253000000000,1.01727100000000000000,349.00000000000000000000
D,0.02271913000000000000,0.00002407789000000000,1.02989300000000000000,349.00000000000000000000
D,0.03139153000000000000,0.00004368745000000000,0.99741600000000000000,349.00000000000000000000
D,0.01477292000000000000,0.00003107317000000000,1.00598500000000000000,349.00000000000000000000
D,0.06255869000000000000,0.00005684641000000000,0.99913640000000000000,349.00000000000000000000
D,0.03291830000000000000,0.00004146073000000000,0.99969700000000000000,370.00000000000000000000
D,0.08193425000000000000,0.00004850668000000000,0.99838190000000000000,370.00000000000000000000
D,0.04036793000000000000,0.00005078937000000000,0.99918700000000000000,370.00000000000000000000
D,0.04490989000000000000,0.00005924451000000000,0.99918700000000000000,370.00000000000000000000
D,0.02384430000000000000,0.00003698652000000000,1.01399000000000000000,370.00000000000000000000
D,0.04856141000000000000,0.00004342710000000000,1.02357700000000000000,370.00000000000000000000
D,0.03006742000000000000,0.00004799970000000000,1.00000000000000000000,392.00000000000000000000
D,0.03544531000000000000,0.00004968749000000000,0.99923200000000000000,392.00000000000000000000
D,0.02835722000000000000,0.00003790852000000000,1.01305700000000000000,392.00000000000000000000
D,0.03340540000000000000,0.00003653740000000000,0.99627720000000000000,392.00000000000000000000
D,0.09713005000000000000,0.00004587463000000000,1.02637600000000000000,392.00000000000000000000
D,0.04837491000000000000,0.00004742857000000000,0.99617740000000000000,392.00000000000000000000
D,0.02552312000000000000,0.00004874437000000000,1.00000000000000000000,415.00000000000000000000
D,0.03462063000000000000,0.00004695204000000000,1.00000000000000000000,415.00000000000000000000
D,0.02372709000000000000,0.00004701566000000000,1.00000000000000000000,415.00000000000000000000
D,0.05387640000000000000,0.00004486042000000000,1.00000000000000000000,415.00000000000000000000
D,0.01777920000000000000,0.00003907078000000000,1.00865800000000000000,415.00000000000000000000
D,0.04894935000000000000,0.00005000285000000000,1.00000000000000000000,415.00000000000000000000
D,0.02278964000000000000,0.00004738415000000000,0.99726780000000000000,440.00000000000000000000
D,0.02941551000000000000,0.00004975923000000000,0.99726780000000000000,440.00000000000000000000
D,0.04132212000000000000,0.00004888803000000000,0.99931690000000000000,440.00000000000000000000
D,0.02665398000000000000,0.00005817808000000000,0.99931690000000000000,440.00000000000000000000
D,0.03708021000000000000,0.00005136297000000000,0.99931690000000000000,440.00000000000000000000
D,0.02545106000000000000,0.00003037414000000000,1.02852600000000000000,466.00000000000000000000
D,0.03335864000000000000,0.00005069513000000000,0.99679490000000000000,466.00000000000000000000
D,0.05012105000000000000,0.00004681478000000000,0.99679490000000000000,466.00000000000000000000
D,0.04948550000000000000,0.00003326825000000000,1.02756400000000000000,466.00000000000000000000
D,0.02864778000000000000,0.00004966907000000000,0.99679490000000000000,466.00000000000000000000
D,0.04272152000000000000,0.00004509306000000000,0.99935650000000000000,466.00000000000000000000
D,0.02860034000000000000,0.00005007752000000000,1.00000000000000000000,494.00000000000000000000
D,0.07065576000000000000,0.00007593950000000000,0.99726770000000000000,494.00000000000000000000
D,0.04783571000000000000,0.00004047982000000000,1.03846200000000000000,494.00000000000000000000
D,0.01948891000000000000,0.00006373101000000000,1.00060600000000000000,494.00000000000000000000
D,0.03083896000000000000,0.00004306556000000000,1.01912600000000000000,494.00000000000000000000
D,0.04416012000000000000,0.00008392239000000000,0.99726770000000000000,494.00000000000000000000
D,0.03899493000000000000,0.00006844318000000000,0.99743590000000000000,523.00000000000000000000
D,0.02776647000000000000,0.00006070936000000000,0.99715580000000000000,523.00000000000000000000
D,0.03169651000000000000,0.00007549829000000000,1.00000000000000000000,523.00000000000000000000
D,0.02125008000000000000,0.00005836108000000000,0.99715580000000000000,523.00000000000000000000
D,0.06970429000000000000,0.00007780795000000000,1.00000000000000000000,523.00000000000000000000
D,0.02229442000000000000,0.00003404068000000000,1.00796400000000000000,523.00000000000000000000
D,0.03759170000000000000,0.00007388263000000000,0.99758460000000000000,554.00000000000000000000
D,0.01460945000000000000,0.00004251481000000000,0.99543010000000000000,554.00000000000000000000
D,0.04526288000000000000,0.00006984393000000000,1.00000000000000000000,554.00000000000000000000
D,0.04336397000000000000,0.00005384325000000000,1.01699000000000000000,554.00000000000000000000
D,0.05120184000000000000,0.00006878931000000000,1.00000000000000000000,554.00000000000000000000
D,0.03696121000000000000,0.00006904799000000000,1.00000000000000000000,554.00000000000000000000
D,0.08630964000000000000,0.00006288837000000000,0.99771690000000000000,587.00000000000000000000
D,0.06634949000000000000,0.00006829579000000000,0.99771690000000000000,587.00000000000000000000
D,0.03952283000000000000,0.00007208954000000000,1.00228300000000000000,587.00000000000000000000
D,0.03604780000000000000,0.00008211291000000000,0.99771690000000000000,587.00000000000000000000
D,0.03131635000000000000,0.00006847916000000000,0.99771690000000000000,587.00000000000000000000
D,0.04132405000000000000,0.00007641242000000000,1.00228300000000000000,587.00000000000000000000
E,0.01375298000000000000,0.00009164393000000000,0.99607960000000000000,82.00000000000000000000
E,0.01005365000000000000,0.00008599126000000000,0.99607960000000000000,82.00000000000000000000
E,0.01372100000000000000,0.00009065697000000000,1.00155900000000000000,82.00000000000000000000
E,0.01325523000000000000,0.00008841862000000000,0.99614770000000000000,82.00000000000000000000
E,0.00821645100000000000,0.00007953911000000000,1.00685100000000000000,82.00000000000000000000
E,0.01503135000000000000,0.00007789362000000000,1.01706900000000000000,92.00000000000000000000
E,0.01077814000000000000,0.00008492449000000000,0.99550190000000000000,87.00000000000000000000
E,0.01383192000000000000,0.00007985924000000000,0.99772840000000000000,87.00000000000000000000
E,0.00914919400000000000,0.00006600039000000000,0.99550190000000000000,87.00000000000000000000
E,0.00983878900000000000,0.00007075184000000000,0.99550190000000000000,87.00000000000000000000
E,0.01758798000000000000,0.00007421883000000000,1.00490400000000000000,87.00000000000000000000
E,0.01839496000000000000,0.00008080866000000000,0.99550190000000000000,87.00000000000000000000
E,0.01481120000000000000,0.00007687332000000000,1.00126400000000000000,92.00000000000000000000
E,0.01152400000000000000,0.00005993575000000000,0.58382640000000000000,277.00000000000000000000
E,0.01265664000000000000,0.00005729144000000000,0.98492710000000000000,82.00000000000000000000
E,0.00993801700000000000,0.00005530760000000000,1.00541200000000000000,92.00000000000000000000
E,0.01026119000000000000,0.00006002276000000000,0.99849900000000000000,92.00000000000000000000
E,0.00769533400000000000,0.00005830695000000000,1.00126400000000000000,92.00000000000000000000
E,0.01461129000000000000,0.00007565620000000000,0.99673840000000000000,98.00000000000000000000
E,0.01325490000000000000,0.00005550468000000000,0.97191080000000000000,87.00000000000000000000
E,0.01967839000000000000,0.00006504825000000000,0.99517290000000000000,98.00000000000000000000
E,0.01715631000000000000,0.00005954914000000000,0.96216900000000000000,110.00000000000000000000
E,0.02286554000000000000,0.00008992876000000000,1.00039100000000000000,98.00000000000000000000
E,0.01252826000000000000,0.00006447781000000000,0.99986950000000000000,98.00000000000000000000
E,0.01125057000000000000,0.00005095461000000000,1.00740400000000000000,104.00000000000000000000
E,0.01050015000000000000,0.00005752844000000000,0.99593450000000000000,104.00000000000000000000
E,0.01012178000000000000,0.00005691245000000000,0.99593450000000000000,104.00000000000000000000
E,0.01088822000000000000,0.00004806852000000000,1.02494600000000000000,117.00000000000000000000
E,0.02024134000000000000,0.00006508331000000000,0.99593450000000000000,104.00000000000000000000
E,0.01612561000000000000,0.00006457919000000000,0.99593450000000000000,104.00000000000000000000
E,0.02079169000000000000,0.00006603761000000000,0.99415510000000000000,110.00000000000000000000
E,0.01763013000000000000,0.00007629293000000000,0.99415510000000000000,110.00000000000000000000
E,0.01291148000000000000,0.00006365343000000000,0.99462960000000000000,110.00000000000000000000
E,0.01330503000000000000,0.00006358543000000000,1.00018600000000000000,110.00000000000000000000
E,0.01438924000000000000,0.00006493863000000000,1.00018600000000000000,110.00000000000000000000
E,0.02079809000000000000,0.00005957337000000000,1.00018600000000000000,110.00000000000000000000
E,0.01361568000000000000,0.00006396110000000000,0.99609650000000000000,117.00000000000000000000
E,0.01534062000000000000,0.00005497453000000000,1.00024100000000000000,117.00000000000000000000
E,0.02073467000000000000,0.00005178041000000000,0.99653600000000000000,117.00000000000000000000
E,0.02737918000000000000,0.00008143851000000000,0.99719670000000000000,117.00000000000000000000
E,0.01455975000000000000,0.00005914824000000000,0.99986470000000000000,117.00000000000000000000
E,0.00893475200000000000,0.00004579023000000000,0.97295320000000000000,165.00000000000000000000
E,0.02290591000000000000,0.00006237314000000000,0.99463770000000000000,123.00000000000000000000
E,0.01468569000000000000,0.00005372013000000000,0.99506180000000000000,123.00000000000000000000
E,0.02182448000000000000,0.00005111664000000000,1.00000000000000000000,123.00000000000000000000
E,0.01791570000000000000,0.00005977533000000000,1.00000000000000000000,123.00000000000000000000
E,0.02049598000000000000,0.00006446635000000000,1.00000000000000000000,123.00000000000000000000
E,0.01717215000000000000,0.00004525676000000000,1.00869600000000000000,123.00000000000000000000
E,0.02001289000000000000,0.00005953803000000000,0.99578230000000000000,131.00000000000000000000
E,0.01929735000000000000,0.00005583713000000000,0.99578230000000000000,131.00000000000000000000
E,0.01552268000000000000,0.00005289299000000000,0.99782310000000000000,131.00000000000000000000
E,0.02153117000000000000,0.00005186317000000000,0.99782310000000000000,131.00000000000000000000
E,0.01707873000000000000,0.00005263203000000000,0.99782310000000000000,131.00000000000000000000
E,0.01551781000000000000,0.00009614071000000000,0.84128570000000000000,110.00000000000000000000
E,0.02311667000000000000,0.00003462183000000000,1.01711900000000000000,139.00000000000000000000
E,0.02687410000000000000,0.00004960730000000000,0.99522580000000000000,139.00000000000000000000
E,0.01397211000000000000,0.00004281621000000000,0.99895020000000000000,139.00000000000000000000
E,0.01969429000000000000,0.00004844298000000000,0.98562660000000000000,139.00000000000000000000
E,0.01753699000000000000,0.00004315292000000000,0.98562660000000000000,139.00000000000000000000
E,0.01412096000000000000,0.00004377166000000000,0.99522580000000000000,139.00000000000000000000
E,0.01997746000000000000,0.00002882923000000000,0.99171230000000000000,147.00000000000000000000
E,0.01988980000000000000,0.00003245175000000000,1.00032400000000000000,185.00000000000000000000
E,0.04124856000000000000,0.00005387050000000000,0.99330900000000000000,147.00000000000000000000
E,0.02806684000000000000,0.00004382036000000000,1.00851600000000000000,147.00000000000000000000
E,0.02053846000000000000,0.00004286566000000000,0.99437350000000000000,147.00000000000000000000
E,0.02111632000000000000,0.00003015280000000000,1.00235700000000000000,147.00000000000000000000
E,0.04446706000000000000,0.00004173686000000000,0.99580440000000000000,156.00000000000000000000
E,0.04184249000000000000,0.00004342328000000000,0.99363420000000000000,156.00000000000000000000
E,0.05107875000000000000,0.00005407554000000000,0.99613520000000000000,156.00000000000000000000
E,0.03014838000000000000,0.00004087580000000000,0.99580440000000000000,156.00000000000000000000
E,0.01751413000000000000,0.00003210812000000000,1.00448500000000000000,156.00000000000000000000
E,0.03532673000000000000,0.00004738658000000000,0.99580440000000000000,156.00000000000000000000
E,0.03085510000000000000,0.00004670346000000000,0.99638660000000000000,165.00000000000000000000
E,0.04216418000000000000,0.00003788004000000000,1.01264700000000000000,165.00000000000000000000
E,0.01985664000000000000,0.00003780751000000000,0.99404760000000000000,165.00000000000000000000
E,0.02146629000000000000,0.00004240962000000000,0.99607680000000000000,165.00000000000000000000
E,0.03147434000000000000,0.00005606063000000000,0.99638660000000000000,165.00000000000000000000
E,0.02295440000000000000,0.00004317142000000000,0.99827740000000000000,175.00000000000000000000
E,0.03025777000000000000,0.00003800186000000000,0.99827740000000000000,175.00000000000000000000
E,0.02502762000000000000,0.00004309257000000000,0.99483200000000000000,175.00000000000000000000
E,0.03239948000000000000,0.00002683839000000000,0.91763570000000000000,233.00000000000000000000
E,0.03628280000000000000,0.00004163558000000000,1.00170900000000000000,175.00000000000000000000
E,0.04097196000000000000,0.00004488630000000000,0.99829060000000000000,175.00000000000000000000
E,0.02384082000000000000,0.00004420055000000000,0.99680260000000000000,185.00000000000000000000
E,0.02109431000000000000,0.00004827958000000000,0.99680260000000000000,185.00000000000000000000
E,0.03067175000000000000,0.00003287032000000000,0.98389700000000000000,185.00000000000000000000
E,0.02479319000000000000,0.00003543338000000000,1.01288200000000000000,185.00000000000000000000
E,0.03168268000000000000,0.00003846671000000000,0.99838970000000000000,185.00000000000000000000
E,0.02267944000000000000,0.00004558816000000000,0.99540230000000000000,196.00000000000000000000
E,0.02961363000000000000,0.00004186883000000000,0.99540230000000000000,196.00000000000000000000
E,0.02996807000000000000,0.00003875686000000000,0.99540230000000000000,196.00000000000000000000
E,0.02666686000000000000,0.00002852495000000000,0.66206900000000000000,784.00000000000000000000
E,0.04655255000000000000,0.00003916777000000000,0.99846740000000000000,196.00000000000000000000
E,0.02112296000000000000,0.00003065197000000000,0.66068970000000000000,784.00000000000000000000
E,0.02194785000000000000,0.00004797516000000000,0.99713260000000000000,208.00000000000000000000
E,0.07248514000000000000,0.00006415496000000000,1.00000000000000000000,208.00000000000000000000
E,0.07393420000000000000,0.00006213830000000000,1.00000000000000000000,208.00000000000000000000
E,0.01744093000000000000,0.00004232174000000000,0.99855700000000000000,208.00000000000000000000
E,0.01858651000000000000,0.00003243945000000000,1.00577200000000000000,208.00000000000000000000
E,0.01326970000000000000,0.00002509512000000000,0.59523810000000000000,831.00000000000000000000
E,0.01310273000000000000,0.00002769900000000000,1.06492800000000000000,220.00000000000000000000
E,0.02475086000000000000,0.00004733641000000000,0.99727330000000000000,220.00000000000000000000
E,0.02080083000000000000,0.00004810723000000000,0.99727330000000000000,220.00000000000000000000
E,0.02263996000000000000,0.00006599016000000000,0.99795080000000000000,220.00000000000000000000
E,0.01451227000000000000,0.00002554784000000000,0.64857880000000000000,698.00000000000000000000
E,0.03190226000000000000,0.00003857021000000000,1.07923500000000000000,220.00000000000000000000
E,0.02909138000000000000,0.00005007815000000000,0.99615380000000000000,233.00000000000000000000
E,0.03096780000000000000,0.00005307137000000000,1.00000000000000000000,233.00000000000000000000
E,0.02452198000000000000,0.00004449527000000000,0.99746030000000000000,233.00000000000000000000
E,0.01399470000000000000,0.00003746726000000000,1.01915700000000000000,233.00000000000000000000
E,0.02087384000000000000,0.00004002315000000000,1.03717900000000000000,233.00000000000000000000
E,0.02132383000000000000,0.00005370503000000000,0.99615380000000000000,233.00000000000000000000
E,0.02811744000000000000,0.00004387526000000000,0.99817510000000000000,247.00000000000000000000
E,0.02271128000000000000,0.00005902994000000000,0.99817510000000000000,247.00000000000000000000
E,0.02290621000000000000,0.00003110250000000000,1.05978300000000000000,247.00000000000000000000
E,0.02198043000000000000,0.00004156453000000000,1.03771300000000000000,247.00000000000000000000
E,0.03537029000000000000,0.00003719643000000000,1.03260900000000000000,247.00000000000000000000
E,0.02888269000000000000,0.00005509040000000000,0.99817510000000000000,247.00000000000000000000
E,0.02617658000000000000,0.00005580870000000000,0.99429230000000000000,262.00000000000000000000
E,0.03975631000000000000,0.00005301816000000000,1.00000000000000000000,262.00000000000000000000
E,0.02932610000000000000,0.00005290990000000000,1.00000000000000000000,262.00000000000000000000
E,0.04629324000000000000,0.00005424351000000000,1.00114200000000000000,262.00000000000000000000
E,0.02912574000000000000,0.00005557140000000000,0.99429230000000000000,262.00000000000000000000
E,0.01601431000000000000,0.00002795732000000000,1.04623300000000000000,262.00000000000000000000
E,0.02041798000000000000,0.00004923209000000000,0.99575370000000000000,277.00000000000000000000
E,0.03005843000000000000,0.00005238405000000000,0.99679490000000000000,277.00000000000000000000
E,0.02743250000000000000,0.00003557535000000000,1.01851900000000000000,294.00000000000000000000
E,0.01705032000000000000,0.00004082845000000000,1.00961500000000000000,277.00000000000000000000
E,0.01743024000000000000,0.00004153758000000000,1.01282000000000000000,277.00000000000000000000
E,0.01973942000000000000,0.00005384594000000000,1.00000000000000000000,277.00000000000000000000
E,0.05926762000000000000,0.00006593118000000000,0.99549550000000000000,294.00000000000000000000
E,0.01936921000000000000,0.00005655104000000000,1.00000000000000000000,294.00000000000000000000
E,0.02782472000000000000,0.00003383564000000000,1.02309200000000000000,294.00000000000000000000
E,0.03188881000000000000,0.00004403282000000000,0.99598390000000000000,294.00000000000000000000
E,0.03188134000000000000,0.00004070983000000000,1.00000000000000000000,294.00000000000000000000
E,0.03872915000000000000,0.00005563730000000000,1.00000000000000000000,311.00000000000000000000
E,0.02960200000000000000,0.00003955255000000000,1.01293100000000000000,311.00000000000000000000
E,0.04630765000000000000,0.00005452764000000000,0.99137930000000000000,311.00000000000000000000
E,0.02128734000000000000,0.00004034045000000000,0.99518310000000000000,311.00000000000000000000
E,0.01823693000000000000,0.00002742774000000000,1.03853600000000000000,311.00000000000000000000
E,0.02692615000000000000,0.00004078245000000000,0.99229290000000000000,311.00000000000000000000
E,0.02768642000000000000,0.00006599879000000000,1.00000000000000000000,330.00000000000000000000
E,0.01552823000000000000,0.00004870443000000000,1.02016100000000000000,330.00000000000000000000
E,0.02254530000000000000,0.00006851825000000000,0.99593500000000000000,330.00000000000000000000
E,0.04113312000000000000,0.00005890444000000000,1.00406500000000000000,330.00000000000000000000
E,0.02599093000000000000,0.00003752638000000000,1.04742600000000000000,330.00000000000000000000
E,0.02161593000000000000,0.00004818005000000000,1.02016100000000000000,330.00000000000000000000
E,0.01410938000000000000,0.00008431710000000000,0.99607960000000000000,82.00000000000000000000
E,0.04607519000000000000,0.00006741630000000000,0.99614770000000000000,82.00000000000000000000
E,0.00936335500000000000,0.00008072094000000000,0.99607960000000000000,82.00000000000000000000
E,0.01545139000000000000,0.00008429920000000000,0.99975410000000000000,82.00000000000000000000
E,0.01619891000000000000,0.00006089841000000000,1.00023600000000000000,92.00000000000000000000
E,0.01064770000000000000,0.00010592800000000000,0.99530230000000000000,82.00000000000000000000
E,0.00870886800000000000,0.00006280495000000000,0.59311220000000000000,262.00000000000000000000
E,0.01015179000000000000,0.00008399064000000000,0.99805290000000000000,87.00000000000000000000
E,0.01014523000000000000,0.00005715532000000000,0.97719580000000000000,110.00000000000000000000
E,0.01557585000000000000,0.00007243847000000000,0.98888490000000000000,87.00000000000000000000
E,0.00950179900000000000,0.00005985744000000000,1.00526900000000000000,87.00000000000000000000
E,0.01154613000000000000,0.00007349600000000000,0.99695960000000000000,87.00000000000000000000
E,0.01165208000000000000,0.00005465314000000000,0.58241760000000000000,277.00000000000000000000
E,0.01943333000000000000,0.00006922844000000000,0.99664140000000000000,92.00000000000000000000
E,0.02617753000000000000,0.00007417247000000000,0.99986200000000000000,92.00000000000000000000
E,0.01739557000000000000,0.00007805074000000000,0.99576140000000000000,92.00000000000000000000
E,0.01400520000000000000,0.00005963117000000000,1.00041400000000000000,92.00000000000000000000
E,0.01881435000000000000,0.00007120609000000000,0.99576140000000000000,92.00000000000000000000
E,0.01327852000000000000,0.00006918724000000000,0.99378130000000000000,98.00000000000000000000
E,0.01357949000000000000,0.00005581453000000000,0.97476910000000000000,117.00000000000000000000
E,0.01269894000000000000,0.00005746835000000000,0.99073710000000000000,98.00000000000000000000
E,0.01035521000000000000,0.00005389209000000000,1.01065400000000000000,156.00000000000000000000
E,0.02074140000000000000,0.00006129163000000000,1.00748000000000000000,98.00000000000000000000
E,0.01089567000000000000,0.00006468192000000000,0.99986950000000000000,98.00000000000000000000
E,0.00987802600000000000,0.00005983144000000000,0.99888380000000000000,104.00000000000000000000
E,0.01212060000000000000,0.00003538444000000000,0.97495250000000000000,165.00000000000000000000
E,0.01237837000000000000,0.00005567259000000000,0.99765490000000000000,104.00000000000000000000
E,0.01398829000000000000,0.00004265003000000000,0.57903220000000000000,415.00000000000000000000
E,0.00777128500000000000,0.00004941610000000000,1.00310300000000000000,104.00000000000000000000
E,0.00920224000000000000,0.00003774727000000000,0.93559830000000000000,117.00000000000000000000
E,0.00791599100000000000,0.00003430084000000000,1.02974700000000000000,147.00000000000000000000
E,0.01588678000000000000,0.00005674082000000000,0.99935900000000000000,110.00000000000000000000
E,0.01322810000000000000,0.00005273393000000000,1.02521400000000000000,110.00000000000000000000
E,0.01711451000000000000,0.00004865770000000000,1.00018600000000000000,110.00000000000000000000
E,0.02255147000000000000,0.00005002471000000000,1.01724500000000000000,131.00000000000000000000
E,0.02058938000000000000,0.00005923924000000000,0.99773900000000000000,110.00000000000000000000
E,0.00639002500000000000,0.00002782377000000000,0.57631680000000000000,415.00000000000000000000
E,0.01889020000000000000,0.00005956783000000000,1.00019200000000000000,117.00000000000000000000
E,0.01620275000000000000,0.00003754747000000000,0.64265730000000000000,349.00000000000000000000
E,0.02131927000000000000,0.00006447497000000000,1.00019200000000000000,117.00000000000000000000
E,0.03018409000000000000,0.00005203993000000000,0.99730770000000000000,117.00000000000000000000
E,0.02044803000000000000,0.00006178869000000000,1.00019200000000000000,117.00000000000000000000
E,0.01987283000000000000,0.00004289362000000000,1.02318800000000000000,123.00000000000000000000
E,0.02278767000000000000,0.00004514759000000000,1.02230200000000000000,123.00000000000000000000
E,0.02219021000000000000,0.00005786368000000000,1.00000000000000000000,123.00000000000000000000
E,0.04036859000000000000,0.00004775352000000000,1.00000000000000000000,123.00000000000000000000
E,0.03074352000000000000,0.00003282307000000000,1.02182100000000000000,123.00000000000000000000
E,0.02836727000000000000,0.00003643091000000000,0.99365940000000000000,123.00000000000000000000
E,0.01498902000000000000,0.00002609806000000000,0.55858680000000000000,466.00000000000000000000
E,0.02663863000000000000,0.00004955342000000000,0.99880470000000000000,131.00000000000000000000
E,0.05385862000000000000,0.00006318657000000000,0.99931690000000000000,131.00000000000000000000
E,0.01789620000000000000,0.00002618043000000000,0.87041470000000000000,311.00000000000000000000
E,0.02042523000000000000,0.00004345599000000000,0.99712330000000000000,131.00000000000000000000
E,0.01788013000000000000,0.00003893098000000000,0.99810920000000000000,131.00000000000000000000
E,0.03449954000000000000,0.00005145377000000000,1.00215700000000000000,139.00000000000000000000
E,0.02386414000000000000,0.00004591075000000000,0.99531650000000000000,139.00000000000000000000
E,0.02343068000000000000,0.00004436525000000000,0.99522580000000000000,139.00000000000000000000
E,0.01720682000000000000,0.00003813877000000000,0.99522580000000000000,139.00000000000000000000
E,0.03436840000000000000,0.00004607391000000000,0.99531650000000000000,139.00000000000000000000
E,0.02365853000000000000,0.00004810364000000000,0.99531650000000000000,139.00000000000000000000
E,0.01806561000000000000,0.00002567643000000000,1.01228100000000000000,185.00000000000000000000
E,0.01134902000000000000,0.00004580258000000000,0.99597560000000000000,147.00000000000000000000
E,0.01939653000000000000,0.00004280167000000000,0.99984680000000000000,147.00000000000000000000
E,0.02914774000000000000,0.00004144381000000000,0.95545390000000000000,175.00000000000000000000
E,0.01809395000000000000,0.00004546147000000000,0.99984680000000000000,147.00000000000000000000
E,0.02391599000000000000,0.00004761228000000000,0.99984680000000000000,147.00000000000000000000
E,0.01033947000000000000,0.00006491481000000000,0.99580440000000000000,156.00000000000000000000
E,0.02876830000000000000,0.00004603679000000000,0.99580440000000000000,156.00000000000000000000
E,0.01774804000000000000,0.00002532294000000000,1.00976100000000000000,156.00000000000000000000
E,0.01684777000000000000,0.00005122623000000000,0.99580440000000000000,156.00000000000000000000
E,0.02996290000000000000,0.00004287038000000000,0.99580440000000000000,156.00000000000000000000
E,0.02192181000000000000,0.00004003639000000000,0.99580440000000000000,156.00000000000000000000
E,0.00967245800000000000,0.00004179593000000000,1.00248600000000000000,165.00000000000000000000
E,0.03901355000000000000,0.00004679478000000000,0.99638660000000000000,165.00000000000000000000
E,0.03110996000000000000,0.00003743226000000000,0.99891070000000000000,165.00000000000000000000
E,0.01222030000000000000,0.00005893562000000000,0.99618730000000000000,165.00000000000000000000
E,0.01992694000000000000,0.00003625872000000000,0.99618730000000000000,165.00000000000000000000
E,0.02521695000000000000,0.00004043254000000000,0.99827740000000000000,175.00000000000000000000
E,0.02622809000000000000,0.00004716592000000000,0.99483200000000000000,175.00000000000000000000
E,0.02802717000000000000,0.00004508022000000000,0.99827740000000000000,175.00000000000000000000
E,0.00852836800000000000,0.00002549542000000000,1.03703700000000000000,220.00000000000000000000
E,0.02861124000000000000,0.00004236463000000000,0.99827740000000000000,175.00000000000000000000
E,0.03544812000000000000,0.00004856743000000000,0.99829060000000000000,175.00000000000000000000
E,0.01680294000000000000,0.00004941050000000000,0.99838970000000000000,185.00000000000000000000
E,0.03667352000000000000,0.00005077451000000000,0.99514560000000000000,185.00000000000000000000
E,0.00731079300000000000,0.00002455334000000000,0.63043480000000000000,740.00000000000000000000
E,0.02274371000000000000,0.00004286079000000000,0.99837790000000000000,185.00000000000000000000
E,0.02624462000000000000,0.00005121950000000000,0.99837790000000000000,185.00000000000000000000
E,0.00890498000000000000,0.00004297281000000000,1.00096900000000000000,185.00000000000000000000
E,0.01372671000000000000,0.00005045314000000000,0.99846740000000000000,196.00000000000000000000
E,0.02812559000000000000,0.00005238591000000000,0.99846740000000000000,196.00000000000000000000
E,0.02396522000000000000,0.00004745273000000000,0.99540230000000000000,196.00000000000000000000
E,0.02500424000000000000,0.00005315095000000000,0.99846740000000000000,196.00000000000000000000
E,0.01733394000000000000,0.00004275572000000000,0.99846740000000000000,196.00000000000000000000
E,0.02876168000000000000,0.00004674884000000000,0.99713260000000000000,208.00000000000000000000
E,0.02075016000000000000,0.00004466893000000000,0.99713260000000000000,208.00000000000000000000
E,0.03165193000000000000,0.00003795553000000000,0.99784480000000000000,208.00000000000000000000
E,0.02812893000000000000,0.00004481963000000000,0.99713260000000000000,208.00000000000000000000
E,0.04197406000000000000,0.00005139938000000000,0.99784480000000000000,208.00000000000000000000
E,0.01331307000000000000,0.00004582595000000000,0.99713260000000000000,208.00000000000000000000
E,0.03219528000000000000,0.00002776415000000000,0.64890710000000000000,659.00000000000000000000
E,0.03448336000000000000,0.00006308861000000000,0.99693250000000000000,220.00000000000000000000
E,0.01842318000000000000,0.00004156956000000000,0.99322490000000000000,220.00000000000000000000
E,0.02560510000000000000,0.00003935178000000000,0.99322490000000000000,220.00000000000000000000
E,0.02369408000000000000,0.00004275785000000000,0.99727330000000000000,220.00000000000000000000
E,0.02872043000000000000,0.00005872430000000000,0.99795080000000000000,220.00000000000000000000
E,0.01418784000000000000,0.00004975965000000000,0.99746030000000000000,233.00000000000000000000
E,0.04025352000000000000,0.00004905938000000000,0.99809160000000000000,233.00000000000000000000
E,0.05159902000000000000,0.00006056519000000000,1.00000000000000000000,233.00000000000000000000
E,0.05043940000000000000,0.00004520472000000000,1.00192300000000000000,233.00000000000000000000
E,0.01932858000000000000,0.00005141492000000000,0.99615380000000000000,233.00000000000000000000
E,0.01083184000000000000,0.00004567730000000000,0.99489140000000000000,233.00000000000000000000
E,0.01503440000000000000,0.00002826413000000000,0.97323600000000000000,370.00000000000000000000
E,0.02329177000000000000,0.00005446514000000000,0.99817510000000000000,247.00000000000000000000
E,0.03368449000000000000,0.00004884131000000000,0.99817510000000000000,247.00000000000000000000
E,0.01361089000000000000,0.00004718627000000000,0.99757130000000000000,247.00000000000000000000
E,0.02459553000000000000,0.00005896735000000000,0.99817510000000000000,247.00000000000000000000
E,0.01085077000000000000,0.00003387067000000000,1.02413500000000000000,247.00000000000000000000
E,0.01887102000000000000,0.00005432824000000000,1.00000000000000000000,262.00000000000000000000
E,0.67668940000000000000,0.00005449576000000000,1.00000000000000000000,330.00000000000000000000
E,0.01824035000000000000,0.00005426761000000000,1.00000000000000000000,262.00000000000000000000
E,0.02241143000000000000,0.00005238948000000000,1.00000000000000000000,262.00000000000000000000
E,0.03967796000000000000,0.00006519213000000000,1.00000000000000000000,262.00000000000000000000
E,0.02553313000000000000,0.00003485289000000000,1.05215400000000000000,262.00000000000000000000
E,0.02240629000000000000,0.00005504198000000000,1.00000000000000000000,262.00000000000000000000
E,0.02131396000000000000,0.00004364669000000000,1.04081600000000000000,262.00000000000000000000
E,0.02076866000000000000,0.00005123623000000000,1.00000000000000000000,277.00000000000000000000
E,0.01830635000000000000,0.00005314967000000000,1.00000000000000000000,277.00000000000000000000
E,0.01506914000000000000,0.00003005889000000000,1.05591400000000000000,277.00000000000000000000
E,0.02058967000000000000,0.00005441707000000000,1.00000000000000000000,277.00000000000000000000
E,0.02104463000000000000,0.00005059221000000000,0.99679490000000000000,277.00000000000000000000
E,0.01728533000000000000,0.00003397903000000000,1.03792700000000000000,277.00000000000000000000
E,0.01670013000000000000,0.00004969434000000000,0.99899600000000000000,294.00000000000000000000
E,0.02038973000000000000,0.00005654694000000000,0.99598390000000000000,294.00000000000000000000
E,0.01059392000000000000,0.00004352528000000000,1.00909100000000000000,294.00000000000000000000
E,0.01288274000000000000,0.00005374380000000000,0.99598390000000000000,294.00000000000000000000
E,0.01528286000000000000,0.00005109804000000000,1.00000000000000000000,294.00000000000000000000
E,0.01323217000000000000,0.00003748084000000000,1.03434300000000000000,294.00000000000000000000
E,0.01897424000000000000,0.00003131059000000000,0.98924730000000000000,330.00000000000000000000
E,0.02194213000000000000,0.00007096835000000000,1.00000000000000000000,311.00000000000000000000
E,0.06065644000000000000,0.00005918984000000000,1.00000000000000000000,311.00000000000000000000
E,0.01224980000000000000,0.00002679790000000000,0.97398840000000000000,466.00000000000000000000
E,0.03457604000000000000,0.00006218427000000000,1.00434800000000000000,311.00000000000000000000
E,0.02336476000000000000,0.00004494303000000000,0.99518310000000000000,311.00000000000000000000
E,0.01943328000000000000,0.00007343842000000000,1.00000000000000000000,330.00000000000000000000
E,0.01888663000000000000,0.00005231802000000000,1.02845500000000000000,330.00000000000000000000
E,0.02149255000000000000,0.00007295387000000000,0.99593500000000000000,330.00000000000000000000
E,0.04350088000000000000,0.00006278831000000000,1.00406500000000000000,330.00000000000000000000
E,0.02324715000000000000,0.00007293770000000000,0.99593500000000000000,330.00000000000000000000
E,0.02317054000000000000,0.00005382565000000000,1.02419400000000000000,330.00000000000000000000
G,0.00608450400000000000,0.00005331549000000000,0.42363390000000000000,988.00000000000000000000
G,0.00527064500000000000,0.00005459123000000000,1.06701700000000000000,220.00000000000000000000
G,0.00661581300000000000,0.00009619490000000000,0.99664430000000000000,196.00000000000000000000
G,0.00664406000000000000,0.00009862373000000000,0.99664430000000000000,196.00000000000000000000
G,0.00701972100000000000,0.00008696673000000000,0.99664430000000000000,196.00000000000000000000
G,0.00632926200000000000,0.00009079763000000000,0.98497540000000000000,196.00000000000000000000
G,0.00921496700000000000,0.00007645088000000000,0.99648430000000000000,208.00000000000000000000
G,0.00692089700000000000,0.00007074885000000000,0.99685980000000000000,208.00000000000000000000
G,0.00725592200000000000,0.00008838159000000000,0.99378990000000000000,208.00000000000000000000
G,0.00851595600000000000,0.00010320510000000000,0.99655280000000000000,208.00000000000000000000
G,0.00350732800000000000,0.00003780199000000000,1.02439900000000000000,262.00000000000000000000
G,0.00412603900000000000,0.00007449001000000000,0.99524050000000000000,220.00000000000000000000
G,0.00552498000000000000,0.00005070321000000000,0.99209420000000000000,220.00000000000000000000
G,0.00954761000000000000,0.00006375098000000000,1.00049800000000000000,220.00000000000000000000
G,0.00868665000000000000,0.00006015984000000000,0.99739470000000000000,220.00000000000000000000
G,0.00457981800000000000,0.00007651684000000000,0.99671780000000000000,233.00000000000000000000
G,0.00400490800000000000,0.00008209841000000000,0.99671780000000000000,233.00000000000000000000
G,0.00939796300000000000,0.00005787043000000000,0.99212600000000000000,233.00000000000000000000
G,0.00284636700000000000,0.00007497799000000000,1.00425100000000000000,233.00000000000000000000
G,0.00460623100000000000,0.00008827581000000000,0.99632290000000000000,247.00000000000000000000
G,0.00618955000000000000,0.00004257580000000000,1.00779100000000000000,247.00000000000000000000
G,0.00411356500000000000,0.00009727552000000000,0.99811950000000000000,247.00000000000000000000
G,0.00411482300000000000,0.00009131737000000000,1.00000000000000000000,247.00000000000000000000
G,0.00631113000000000000,0.00006079470000000000,1.01221000000000000000,247.00000000000000000000
G,0.00277521600000000000,0.00009581749000000000,0.99923170000000000000,262.00000000000000000000
G,0.00542853200000000000,0.00003964344000000000,1.00025000000000000000,262.00000000000000000000
G,0.00565034800000000000,0.00008439676000000000,0.99366400000000000000,262.00000000000000000000
G,0.00871930600000000000,0.00004441919000000000,0.99531140000000000000,262.00000000000000000000
G,0.00470016200000000000,0.00008932264000000000,0.99813970000000000000,262.00000000000000000000
G,0.00515443400000000000,0.00008294924000000000,0.99622150000000000000,262.00000000000000000000
G,0.00112255300000000000,0.00003941643000000000,0.62069420000000000000,988.00000000000000000000
G,0.01070868000000000000,0.00005413574000000000,0.99836680000000000000,277.00000000000000000000
G,0.00394800400000000000,0.00003661184000000000,1.00929200000000000000,277.00000000000000000000
G,0.00512777200000000000,0.00006533919000000000,0.99767810000000000000,277.00000000000000000000
G,0.00895651400000000000,0.00004725671000000000,1.00211100000000000000,277.00000000000000000000
G,0.00679662500000000000,0.00008321478000000000,0.99666800000000000000,277.00000000000000000000
G,0.00354688200000000000,0.00004540490000000000,1.02306500000000000000,294.00000000000000000000
G,0.00778142700000000000,0.00002878649000000000,1.01840700000000000000,294.00000000000000000000
G,0.00358106400000000000,0.00004140689000000000,1.00548700000000000000,294.00000000000000000000
G,0.01063364000000000000,0.00004753608000000000,1.01732700000000000000,294.00000000000000000000
G,0.00618379400000000000,0.00006193125000000000,1.00574800000000000000,294.00000000000000000000
G,0.00765738800000000000,0.00007389575000000000,0.99845610000000000000,294.00000000000000000000
G,0.00423528100000000000,0.00004656659000000000,1.00016500000000000000,311.00000000000000000000
G,0.01291213000000000000,0.00006329794000000000,0.99947770000000000000,311.00000000000000000000
G,0.00641131400000000000,0.00005269700000000000,1.00215500000000000000,311.00000000000000000000
G,0.00840811400000000000,0.00002998286000000000,1.02121000000000000000,311.00000000000000000000
G,0.00613612600000000000,0.00004312498000000000,1.00260300000000000000,311.00000000000000000000
G,0.00857122900000000000,0.00005581476000000000,0.99601450000000000000,330.00000000000000000000
G,0.00859865400000000000,0.00006384614000000000,0.99601450000000000000,330.00000000000000000000
G,0.01055855000000000000,0.00004051140000000000,1.00803800000000000000,330.00000000000000000000
G,0.00517379900000000000,0.00004546170000000000,1.00348700000000000000,330.00000000000000000000
G,0.00576502000000000000,0.00003661553000000000,1.01798400000000000000,330.00000000000000000000
G,0.00582312500000000000,0.00005111247000000000,0.99836110000000000000,330.00000000000000000000
G,0.00869390000000000000,0.00006374420000000000,0.99670940000000000000,349.00000000000000000000
G,0.00301660000000000000,0.00003381456000000000,1.01972200000000000000,349.00000000000000000000
G,0.00645169200000000000,0.00001968091000000000,1.05041200000000000000,349.00000000000000000000
G,0.00340033900000000000,0.00003558879000000000,1.01901700000000000000,349.00000000000000000000
G,0.00742196800000000000,0.00002646534000000000,1.04250200000000000000,349.00000000000000000000
G,0.00476179000000000000,0.00004563541000000000,1.01710300000000000000,370.00000000000000000000
G,0.00721788800000000000,0.00003115686000000000,1.02402000000000000000,370.00000000000000000000
G,0.00760332000000000000,0.00004721959000000000,0.99701370000000000000,370.00000000000000000000
G,0.00713535200000000000,0.00003014416000000000,1.02265200000000000000,370.00000000000000000000
G,0.00921622800000000000,0.00006423349000000000,0.99507670000000000000,370.00000000000000000000
G,0.00900111000000000000,0.00005287490000000000,0.99810790000000000000,370.00000000000000000000
G,0.01630130000000000000,0.00005092863000000000,0.99415760000000000000,392.00000000000000000000
G,0.01299119000000000000,0.00004832588000000000,0.99781420000000000000,392.00000000000000000000
G,0.00557998700000000000,0.00003377469000000000,1.01636400000000000000,392.00000000000000000000
G,0.01415885000000000000,0.00005114779000000000,0.99781420000000000000,392.00000000000000000000
G,0.01695259000000000000,0.00006620638000000000,0.99771690000000000000,392.00000000000000000000
G,0.01648089000000000000,0.00004811880000000000,0.99713120000000000000,392.00000000000000000000
G,0.00397998000000000000,0.00003871724000000000,1.04065500000000000000,415.00000000000000000000
G,0.01801864000000000000,0.00006931358000000000,0.99576850000000000000,415.00000000000000000000
G,0.00676360200000000000,0.00003106608000000000,1.01699800000000000000,415.00000000000000000000
G,0.00848372500000000000,0.00003250791000000000,1.01774900000000000000,415.00000000000000000000
G,0.00715178200000000000,0.00004612507000000000,1.00865000000000000000,415.00000000000000000000
G,0.01133346000000000000,0.00003434390000000000,1.00159800000000000000,415.00000000000000000000
G,0.01750818000000000000,0.00006336844000000000,0.99795500000000000000,440.00000000000000000000
G,0.01954362000000000000,0.00004970827000000000,0.99795500000000000000,440.00000000000000000000
G,0.01518860000000000000,0.00004941739000000000,0.99554740000000000000,440.00000000000000000000
G,0.01502019000000000000,0.00005869279000000000,0.99871800000000000000,440.00000000000000000000
G,0.01166892000000000000,0.00002888447000000000,1.02675800000000000000,440.00000000000000000000
G,0.01499376000000000000,0.00003971201000000000,0.99750200000000000000,440.00000000000000000000
G,0.00734298400000000000,0.00003439891000000000,1.01269300000000000000,466.00000000000000000000
G,0.01183786000000000000,0.00003643938000000000,1.00073300000000000000,466.00000000000000000000
G,0.01195596000000000000,0.00002620152000000000,1.02777800000000000000,466.00000000000000000000
G,0.01805112000000000000,0.00004712525000000000,0.99782610000000000000,466.00000000000000000000
G,0.00751661100000000000,0.00002967968000000000,1.03912300000000000000,466.00000000000000000000
G,0.01873953000000000000,0.00004061011000000000,0.99637680000000000000,466.00000000000000000000
G,0.00650189000000000000,0.00002585221000000000,1.02785400000000000000,494.00000000000000000000
G,0.02298019000000000000,0.00003996912000000000,1.00925900000000000000,494.00000000000000000000
G,0.01980727000000000000,0.00004835733000000000,0.99501810000000000000,494.00000000000000000000
G,0.01051423000000000000,0.00004158535000000000,1.00386000000000000000,494.00000000000000000000
G,0.01330894000000000000,0.00003421442000000000,1.01426600000000000000,494.00000000000000000000
G,0.02671251000000000000,0.00005288834000000000,0.99661240000000000000,494.00000000000000000000
G,0.01464598000000000000,0.00009376330000000000,0.99615380000000000000,523.00000000000000000000
G,0.01226312000000000000,0.00003848421000000000,1.00064300000000000000,523.00000000000000000000
G,0.01957736000000000000,0.00003647833000000000,1.00064100000000000000,523.00000000000000000000
G,0.01505723000000000000,0.00005001390000000000,0.99892890000000000000,523.00000000000000000000
G,0.01581205000000000000,0.00003939588000000000,1.01740900000000000000,523.00000000000000000000
G,0.01533770000000000000,0.00004599775000000000,0.99892890000000000000,523.00000000000000000000
G,0.01784356000000000000,0.00004552387000000000,1.00752700000000000000,554.00000000000000000000
G,0.01624459000000000000,0.00002965017000000000,1.01127200000000000000,554.00000000000000000000
G,0.01254277000000000000,0.00004204945000000000,0.99718200000000000000,554.00000000000000000000
G,0.02024584000000000000,0.00003977727000000000,1.00696700000000000000,554.00000000000000000000
G,0.00530899500000000000,0.00002900990000000000,1.06418600000000000000,554.00000000000000000000
G,0.02199505000000000000,0.00005213718000000000,0.99838190000000000000,554.00000000000000000000
G,0.02338725000000000000,0.00003990178000000000,1.01114500000000000000,587.00000000000000000000
G,0.02392476000000000000,0.00004459488000000000,0.99746710000000000000,587.00000000000000000000
G,0.02703056000000000000,0.00005370783000000000,0.99796750000000000000,587.00000000000000000000
G,0.01963706000000000000,0.00005662904000000000,0.99847100000000000000,587.00000000000000000000
G,0.01233846000000000000,0.00003266957000000000,1.02293600000000000000,587.00000000000000000000
G,0.01510809000000000000,0.00004493260000000000,1.00664600000000000000,587.00000000000000000000
G,0.01660316000000000000,0.00005430876000000000,0.99855070000000000000,622.00000000000000000000
G,0.01747349000000000000,0.00003353399000000000,1.01050600000000000000,622.00000000000000000000
G,0.03058719000000000000,0.00006808586000000000,0.99783550000000000000,622.00000000000000000000
G,0.01349110000000000000,0.00003264820000000000,1.01364900000000000000,622.00000000000000000000
G,0.01681956000000000000,0.00005025994000000000,0.99856320000000000000,622.00000000000000000000
G,0.03015131000000000000,0.00007870395000000000,1.00216400000000000000,622.00000000000000000000
G,0.02012134000000000000,0.00004589644000000000,1.01639300000000000000,659.00000000000000000000
G,0.02002184000000000000,0.00005148563000000000,0.99590160000000000000,659.00000000000000000000
G,0.01574894000000000000,0.00004892103000000000,0.99637680000000000000,659.00000000000000000000
G,0.01704892000000000000,0.00003274373000000000,1.01226200000000000000,659.00000000000000000000
G,0.01906666000000000000,0.00004571975000000000,0.99637680000000000000,659.00000000000000000000
G,0.02305207000000000000,0.00002954240000000000,1.01716400000000000000,659.00000000000000000000
G,0.03459576000000000000,0.00006108412000000000,1.00000000000000000000,698.00000000000000000000
G,0.05423805000000000000,0.00006080332000000000,1.00000000000000000000,698.00000000000000000000
G,0.03325692000000000000,0.00006435629000000000,1.00000000000000000000,698.00000000000000000000
G,0.05389180000000000000,0.00005838514000000000,1.00000000000000000000,698.00000000000000000000
G,0.03051972000000000000,0.00006192841000000000,0.99808430000000000000,698.00000000000000000000
G,0.09585227000000000000,0.00003168729000000000,1.00576900000000000000,698.00000000000000000000
G,0.03753506000000000000,0.00006282670000000000,1.00000000000000000000,740.00000000000000000000
G,0.25542990000000000000,0.00010000000000000000,1.00000000000000000000,740.00000000000000000000
G,0.13484030000000000000,0.00010000000000000000,1.00000000000000000000,740.00000000000000000000
G,0.12999860000000000000,0.00010000000000000000,1.00000000000000000000,740.00000000000000000000
G,0.08377595000000000000,0.00004213950000000000,1.01268100000000000000,740.00000000000000000000
G,0.02487886000000000000,0.00006715321000000000,0.99828180000000000000,784.00000000000000000000
G,0.03120455000000000000,0.00006683716000000000,0.99655180000000000000,784.00000000000000000000
G,0.03040361000000000000,0.00006892702000000000,1.00000000000000000000,784.00000000000000000000
G,0.02305353000000000000,0.00006684507000000000,1.00000000000000000000,784.00000000000000000000
G,0.02495513000000000000,0.00006565540000000000,1.00000000000000000000,784.00000000000000000000
G,0.02601376000000000000,0.00006714494000000000,0.99828180000000000000,784.00000000000000000000
G,0.01804055000000000000,0.00005358913000000000,0.99124520000000000000,196.00000000000000000000
G,0.00629242600000000000,0.00009607750000000000,0.99800260000000000000,196.00000000000000000000
G,0.00900278100000000000,0.00005203849000000000,1.07495700000000000000,220.00000000000000000000
G,0.01045254000000000000,0.00006743801000000000,0.99238490000000000000,196.00000000000000000000
G,0.01096913000000000000,0.00006797098000000000,0.99694420000000000000,196.00000000000000000000
G,0.00542436200000000000,0.00004510928000000000,0.63028770000000000000,659.00000000000000000000
G,0.00727396500000000000,0.00008927891000000000,0.99662550000000000000,208.00000000000000000000
G,0.00780273200000000000,0.00007897801000000000,0.99655280000000000000,208.00000000000000000000
G,0.00792870500000000000,0.00007383950000000000,0.99662550000000000000,208.00000000000000000000
G,0.00515826300000000000,0.00008508046000000000,0.99662550000000000000,208.00000000000000000000
G,0.00959402400000000000,0.00006648602000000000,0.98856680000000000000,208.00000000000000000000
G,0.00744448000000000000,0.00006156755000000000,0.99393930000000000000,208.00000000000000000000
G,0.00520140400000000000,0.00008016529000000000,0.99656980000000000000,220.00000000000000000000
G,0.00444687900000000000,0.00006988685000000000,0.99801520000000000000,220.00000000000000000000
G,0.00452902700000000000,0.00006998985000000000,0.99801520000000000000,220.00000000000000000000
G,0.02236537000000000000,0.00006379867000000000,1.00000000000000000000,220.00000000000000000000
G,0.00773423900000000000,0.00004925079000000000,1.00435500000000000000,220.00000000000000000000
G,0.00543799800000000000,0.00005961919000000000,0.99801520000000000000,220.00000000000000000000
G,0.00815868800000000000,0.00005770599000000000,1.00006600000000000000,233.00000000000000000000
G,0.00665482400000000000,0.00006195602000000000,0.99752130000000000000,233.00000000000000000000
G,0.00871599600000000000,0.00005354410000000000,1.00353400000000000000,233.00000000000000000000
G,0.00699384900000000000,0.00006633751000000000,0.99259520000000000000,233.00000000000000000000
G,0.00995110400000000000,0.00004515517000000000,0.99998430000000000000,233.00000000000000000000
G,0.00400622900000000000,0.00008055041000000000,0.99671780000000000000,233.00000000000000000000
G,0.00990151700000000000,0.00007250118000000000,0.99767710000000000000,247.00000000000000000000
G,0.00638221200000000000,0.00005908717000000000,1.00060400000000000000,247.00000000000000000000
G,0.00606104800000000000,0.00006381213000000000,0.99380560000000000000,247.00000000000000000000
G,0.00637312400000000000,0.00008451893000000000,0.99651770000000000000,247.00000000000000000000
G,0.00526476300000000000,0.00006394135000000000,1.01367400000000000000,247.00000000000000000000
G,0.00558840000000000000,0.00006530685000000000,1.02274500000000000000,247.00000000000000000000
G,0.00455875500000000000,0.00009495172000000000,1.00647600000000000000,262.00000000000000000000
G,0.01255962000000000000,0.00010111730000000000,0.99817250000000000000,262.00000000000000000000
G,0.00779708000000000000,0.00013299050000000000,0.99805880000000000000,262.00000000000000000000
G,0.01574664000000000000,0.00010070760000000000,0.99817250000000000000,262.00000000000000000000
G,0.01149092000000000000,0.00003415787000000000,1.00981700000000000000,262.00000000000000000000
G,0.00359940800000000000,0.00005555994000000000,1.00509100000000000000,262.00000000000000000000
G,0.00112318100000000000,0.00003618622000000000,0.70899600000000000000,740.00000000000000000000
G,0.00219282500000000000,0.00004904313000000000,1.00618200000000000000,277.00000000000000000000
G,0.00690888500000000000,0.00006564831000000000,0.99876670000000000000,277.00000000000000000000
G,0.00437715600000000000,0.00007766775000000000,0.99824300000000000000,277.00000000000000000000
G,0.00685805100000000000,0.00008534577000000000,0.99902650000000000000,277.00000000000000000000
G,0.00236421500000000000,0.00005197827000000000,1.00110900000000000000,277.00000000000000000000
G,0.00786164600000000000,0.00005705694000000000,1.00343200000000000000,294.00000000000000000000
G,0.00460260500000000000,0.00005276078000000000,1.00310700000000000000,294.00000000000000000000
G,0.00225595900000000000,0.00003311114000000000,1.00137500000000000000,294.00000000000000000000
G,0.01439189000000000000,0.00005148263000000000,0.99765550000000000000,294.00000000000000000000
G,0.00564863600000000000,0.00006255132000000000,1.00647800000000000000,294.00000000000000000000
G,0.00415268600000000000,0.00004781979000000000,1.00813500000000000000,294.00000000000000000000
G,0.00935726400000000000,0.00005556384000000000,0.99761220000000000000,311.00000000000000000000
G,0.01192692000000000000,0.00005391704000000000,0.99610020000000000000,311.00000000000000000000
G,0.00535380500000000000,0.00004149811000000000,1.01727700000000000000,311.00000000000000000000
G,0.00769333400000000000,0.00005311496000000000,0.99523220000000000000,311.00000000000000000000
G,0.01220270000000000000,0.00007575526000000000,0.99901960000000000000,311.00000000000000000000
G,0.01777968000000000000,0.00005716060000000000,0.99626430000000000000,311.00000000000000000000
G,0.00804010400000000000,0.00004581029000000000,0.99995480000000000000,330.00000000000000000000
G,0.01293720000000000000,0.00005432699000000000,0.99498650000000000000,330.00000000000000000000
G,0.00573881700000000000,0.00003331938000000000,1.01752500000000000000,330.00000000000000000000
G,0.00423820000000000000,0.00002674321000000000,1.01519200000000000000,330.00000000000000000000
G,0.01431864000000000000,0.00006137769000000000,0.99820260000000000000,330.00000000000000000000
G,0.00824390500000000000,0.00004398355000000000,1.00688400000000000000,330.00000000000000000000
G,0.00557763600000000000,0.00003770892000000000,1.01404500000000000000,349.00000000000000000000
G,0.00955305200000000000,0.00004083824000000000,1.00518700000000000000,349.00000000000000000000
G,0.00558140500000000000,0.00004436100000000000,1.01390600000000000000,349.00000000000000000000
G,0.01008220000000000000,0.00004875211000000000,0.99838020000000000000,349.00000000000000000000
G,0.01458839000000000000,0.00005601414000000000,0.99689630000000000000,349.00000000000000000000
G,0.01044292000000000000,0.00004360207000000000,1.00157700000000000000,349.00000000000000000000
G,0.00429597600000000000,0.00004482076000000000,1.01115800000000000000,370.00000000000000000000
G,0.00486668900000000000,0.00002284122000000000,1.02229900000000000000,370.00000000000000000000
G,0.00635618100000000000,0.00005914573000000000,1.01532600000000000000,370.00000000000000000000
G,0.01369834000000000000,0.00005980900000000000,0.99689020000000000000,370.00000000000000000000
G,0.00693692500000000000,0.00003560137000000000,1.02271600000000000000,370.00000000000000000000
G,0.00895729300000000000,0.00004631546000000000,1.00334900000000000000,370.00000000000000000000
G,0.01978253000000000000,0.00007851415000000000,0.99744030000000000000,392.00000000000000000000
G,0.01172768000000000000,0.00004093287000000000,0.99513570000000000000,392.00000000000000000000
G,0.00480350200000000000,0.00003082718000000000,1.02497700000000000000,392.00000000000000000000
G,0.01217229000000000000,0.00003405994000000000,1.00170800000000000000,392.00000000000000000000
G,0.01291641000000000000,0.00004823928000000000,0.99781420000000000000,392.00000000000000000000
G,0.00400697700000000000,0.00002310102000000000,1.03816800000000000000,392.00000000000000000000
G,0.01581216000000000000,0.00003855214000000000,1.00038800000000000000,415.00000000000000000000
G,0.01972605000000000000,0.00003769917000000000,0.99477290000000000000,415.00000000000000000000
G,0.02634562000000000000,0.00005873988000000000,0.99973200000000000000,415.00000000000000000000
G,0.01663877000000000000,0.00003718496000000000,1.00375700000000000000,415.00000000000000000000
G,0.00568699500000000000,0.00003201796000000000,1.00941300000000000000,415.00000000000000000000
G,0.01363928000000000000,0.00003657750000000000,1.00742700000000000000,415.00000000000000000000
G,0.01426075000000000000,0.00004800955000000000,0.99491870000000000000,440.00000000000000000000
G,0.02098485000000000000,0.00005840947000000000,0.99339430000000000000,440.00000000000000000000
G,0.01449972000000000000,0.00004805642000000000,0.99298460000000000000,440.00000000000000000000
G,0.01863203000000000000,0.00004123330000000000,0.99686230000000000000,440.00000000000000000000
G,0.01076017000000000000,0.00002973900000000000,1.02579500000000000000,440.00000000000000000000
G,0.01955115000000000000,0.00006715336000000000,0.99566770000000000000,440.00000000000000000000
G,0.01165538000000000000,0.00002605190000000000,1.02097700000000000000,466.00000000000000000000
G,0.01925833000000000000,0.00004690212000000000,1.00264200000000000000,466.00000000000000000000
G,0.02540756000000000000,0.00004859656000000000,0.99687800000000000000,466.00000000000000000000
G,0.01469925000000000000,0.00004214217000000000,0.99975990000000000000,466.00000000000000000000
G,0.01471443000000000000,0.00004270567000000000,1.00408300000000000000,466.00000000000000000000
G,0.01833787000000000000,0.00004705592000000000,0.99903660000000000000,466.00000000000000000000
G,0.02501143000000000000,0.00005773994000000000,1.00000000000000000000,494.00000000000000000000
G,0.02444823000000000000,0.00004950247000000000,1.00634100000000000000,494.00000000000000000000
G,0.02015695000000000000,0.00004178586000000000,1.02264500000000000000,494.00000000000000000000
G,0.02491754000000000000,0.00005560989000000000,0.99696970000000000000,494.00000000000000000000
G,0.01984824000000000000,0.00005247551000000000,0.99773550000000000000,494.00000000000000000000
G,0.01861206000000000000,0.00005330559000000000,0.99864130000000000000,494.00000000000000000000
G,0.02409569000000000000,0.00005540340000000000,0.99771690000000000000,523.00000000000000000000
G,0.02052383000000000000,0.00005507952000000000,1.00000000000000000000,523.00000000000000000000
G,0.01221004000000000000,0.00002603035000000000,1.02713700000000000000,523.00000000000000000000
G,0.01230216000000000000,0.00003071779000000000,1.01410300000000000000,523.00000000000000000000
G,0.01481541000000000000,0.00003885087000000000,1.00471300000000000000,523.00000000000000000000
G,0.01625952000000000000,0.00004781768000000000,0.99700860000000000000,523.00000000000000000000
G,0.02749521000000000000,0.00005105730000000000,0.99838190000000000000,554.00000000000000000000
G,0.02967821000000000000,0.00005366648000000000,1.00000000000000000000,554.00000000000000000000
G,0.02100795000000000000,0.00005083271000000000,0.99838190000000000000,554.00000000000000000000
G,0.01123621000000000000,0.00003886259000000000,1.00833300000000000000,554.00000000000000000000
G,0.01324382000000000000,0.00003288426000000000,1.00563600000000000000,554.00000000000000000000
G,0.02429928000000000000,0.00005790386000000000,0.99746710000000000000,587.00000000000000000000
G,0.01353742000000000000,0.00002761598000000000,1.04179400000000000000,587.00000000000000000000
G,0.01393573000000000000,0.00002365190000000000,1.05487800000000000000,587.00000000000000000000
G,0.01920793000000000000,0.00005475910000000000,0.99746710000000000000,587.00000000000000000000
G,0.01225990000000000000,0.00002605245000000000,1.02866400000000000000,587.00000000000000000000
G,0.01728685000000000000,0.00002809842000000000,1.03333300000000000000,587.00000000000000000000
G,0.02094549000000000000,0.00005148260000000000,0.99568960000000000000,622.00000000000000000000
G,0.01628893000000000000,0.00005003054000000000,0.99808980000000000000,622.00000000000000000000
G,0.01903811000000000000,0.00005533215000000000,0.99568960000000000000,622.00000000000000000000
G,0.01673878000000000000,0.00004529031000000000,0.99808980000000000000,622.00000000000000000000
G,0.01722518000000000000,0.00005747042000000000,0.99856320000000000000,622.00000000000000000000
G,0.01556143000000000000,0.00005003046000000000,0.99808980000000000000,622.00000000000000000000
G,0.01206869000000000000,0.00003869499000000000,1.00225200000000000000,659.00000000000000000000
G,0.02525721000000000000,0.00004706848000000000,0.99773550000000000000,659.00000000000000000000
G,0.01312688000000000000,0.00002548853000000000,1.03346900000000000000,659.00000000000000000000
G,0.01486989000000000000,0.00004523444000000000,0.99637680000000000000,659.00000000000000000000
G,0.01957683000000000000,0.00004941146000000000,0.99637680000000000000,659.00000000000000000000
G,0.02208173000000000000,0.00004926284000000000,0.99818350000000000000,659.00000000000000000000
G,0.02013096000000000000,0.00005172390000000000,0.99829500000000000000,698.00000000000000000000
G,0.02900802000000000000,0.00004637172000000000,0.99615380000000000000,698.00000000000000000000
G,0.02219157000000000000,0.00004540066000000000,1.00512800000000000000,698.00000000000000000000
G,0.01591568000000000000,0.00003901072000000000,1.00852500000000000000,698.00000000000000000000
G,0.01500132000000000000,0.00005543210000000000,0.99829500000000000000,698.00000000000000000000
G,0.01942135000000000000,0.00005437690000000000,0.99829500000000000000,698.00000000000000000000
G,0.01729879000000000000,0.00004469116000000000,0.99474110000000000000,740.00000000000000000000
G,0.00909729300000000000,0.00003867174000000000,1.00282500000000000000,740.00000000000000000000
G,0.02205452000000000000,0.00006804366000000000,0.99818180000000000000,740.00000000000000000000
G,0.01832196000000000000,0.00004956838000000000,0.99637680000000000000,740.00000000000000000000
G,0.03423458000000000000,0.00006596206000000000,0.99818180000000000000,740.00000000000000000000
G,0.01372802000000000000,0.00004685621000000000,0.99677160000000000000,740.00000000000000000000
G,0.01140599000000000000,0.00004901740000000000,1.00684900000000000000,784.00000000000000000000
G,0.01143532000000000000,0.00004635244000000000,1.00856200000000000000,784.00000000000000000000
G,0.01454768000000000000,0.00006813694000000000,1.00000000000000000000,784.00000000000000000000
G,0.02043292000000000000,0.00004781519000000000,1.01883600000000000000,784.00000000000000000000
G,0.02041246000000000000,0.00004933386000000000,1.00687300000000000000,784.00000000000000000000
G,0.01205971000000000000,0.00004683779000000000,1.00856200000000000000,784.00000000000000000000
h_E,0.01492392000000000000,0.00006152636000000000,0.99967720000000000000,330.00000000000000000000
h_E,0.01337120000000000000,0.00004085333000000000,0.99777920000000000000,330.00000000000000000000
h_E,0.01255377000000000000,0.00006483006000000000,1.00240100000000000000,330.00000000000000000000
h_E,0.00898514800000000000,0.00005333079000000000,1.00114700000000000000,330.00000000000000000000
h_E,0.01141321000000000000,0.00007826839000000000,0.99970500000000000000,330.00000000000000000000
h_E,0.00954489100000000000,0.00006897941000000000,0.99963400000000000000,330.00000000000000000000
h_E,0.00712414700000000000,0.00011931700000000000,0.98689460000000000000,349.00000000000000000000
h_E,0.01059147000000000000,0.00005877955000000000,0.99317450000000000000,349.00000000000000000000
h_E,0.00798642700000000000,0.00005355487000000000,1.00209000000000000000,349.00000000000000000000
h_E,0.01224114000000000000,0.00005456769000000000,1.00018000000000000000,349.00000000000000000000
h_E,0.01350085000000000000,0.00006828845000000000,0.99975960000000000000,349.00000000000000000000
h_E,0.01482712000000000000,0.00004338551000000000,0.99407050000000000000,349.00000000000000000000
h_E,0.00874265000000000000,0.00005439970000000000,0.99518300000000000000,370.00000000000000000000
h_E,0.01347918000000000000,0.00004609816000000000,0.99953840000000000000,370.00000000000000000000
h_E,0.01442858000000000000,0.00004844951000000000,0.99941990000000000000,370.00000000000000000000
h_E,0.01024333000000000000,0.00004104407000000000,0.99993330000000000000,370.00000000000000000000
h_E,0.00907342400000000000,0.00005196453000000000,1.00070300000000000000,370.00000000000000000000
h_E,0.00641987100000000000,0.00003982135000000000,1.00780900000000000000,370.00000000000000000000
h_E,0.01520510000000000000,0.00003355595000000000,0.99947140000000000000,392.00000000000000000000
h_E,0.01006611000000000000,0.00004737428000000000,0.99973820000000000000,392.00000000000000000000
h_E,0.01288854000000000000,0.00002895807000000000,1.00341300000000000000,392.00000000000000000000
h_E,0.01690277000000000000,0.00006107848000000000,0.99930860000000000000,392.00000000000000000000
h_E,0.01037148000000000000,0.00009831284000000000,1.00402100000000000000,392.00000000000000000000
h_E,0.02034065000000000000,0.00003964384000000000,0.99885580000000000000,392.00000000000000000000
h_E,0.01218251000000000000,0.00004550163000000000,0.99230160000000000000,415.00000000000000000000
h_E,0.01517099000000000000,0.00005495591000000000,0.99223800000000000000,415.00000000000000000000
h_E,0.00476886200000000000,0.00011574800000000000,0.99343900000000000000,415.00000000000000000000
h_E,0.00725327500000000000,0.00006975154000000000,0.99872330000000000000,415.00000000000000000000
h_E,0.01005040000000000000,0.00004722495000000000,0.99517080000000000000,415.00000000000000000000
h_E,0.01263215000000000000,0.00003666418000000000,0.99872140000000000000,415.00000000000000000000
h_E,0.00659503900000000000,0.00006610107000000000,0.98962430000000000000,440.00000000000000000000
h_E,0.01402822000000000000,0.00005645030000000000,0.99818860000000000000,440.00000000000000000000
h_E,0.00723095800000000000,0.00005885004000000000,1.00019900000000000000,440.00000000000000000000
h_E,0.01323036000000000000,0.00004961489000000000,1.00168800000000000000,440.00000000000000000000
h_E,0.01849232000000000000,0.00003354225000000000,0.99745430000000000000,440.00000000000000000000
h_E,0.01004733000000000000,0.00003192788000000000,1.01238400000000000000,440.00000000000000000000
h_E,0.00700118200000000000,0.00005777473000000000,0.99899530000000000000,466.00000000000000000000
h_E,0.01157263000000000000,0.00002926808000000000,1.01127200000000000000,466.00000000000000000000
h_E,0.01042637000000000000,0.00004587560000000000,1.00265300000000000000,466.00000000000000000000
h_E,0.01216542000000000000,0.00003381730000000000,0.99983840000000000000,466.00000000000000000000
h_E,0.01047534000000000000,0.00004337012000000000,1.00129400000000000000,466.00000000000000000000
h_E,0.01145006000000000000,0.00002987773000000000,1.00315000000000000000,466.00000000000000000000
h_E,0.01128495000000000000,0.00005224795000000000,0.99966540000000000000,494.00000000000000000000
h_E,0.01877272000000000000,0.00003541183000000000,0.99631990000000000000,494.00000000000000000000
h_E,0.00743486100000000000,0.00004147857000000000,1.00077400000000000000,494.00000000000000000000
h_E,0.01226965000000000000,0.00004435570000000000,0.99966540000000000000,494.00000000000000000000
h_E,0.01280496000000000000,0.00004629964000000000,1.00220600000000000000,494.00000000000000000000
h_E,0.01529879000000000000,0.00004341402000000000,0.99860350000000000000,494.00000000000000000000
h_E,0.02017481000000000000,0.00002421081000000000,1.01237100000000000000,523.00000000000000000000
h_E,0.02714700000000000000,0.00004194186000000000,1.00000000000000000000,523.00000000000000000000
h_E,0.01864980000000000000,0.00004395606000000000,1.00000000000000000000,523.00000000000000000000
h_E,0.02505082000000000000,0.00002858855000000000,1.00592800000000000000,523.00000000000000000000
h_E,0.01244221000000000000,0.00004698082000000000,1.00000000000000000000,523.00000000000000000000
h_E,0.01296170000000000000,0.00003421199000000000,1.00000000000000000000,523.00000000000000000000
h_E,0.02322267000000000000,0.00010518140000000000,0.99369720000000000000,554.00000000000000000000
h_E,0.01652556000000000000,0.00004947863000000000,1.00052000000000000000,554.00000000000000000000
h_E,0.02447007000000000000,0.00003911529000000000,0.99868850000000000000,554.00000000000000000000
h_E,0.01329325000000000000,0.00003493011000000000,1.01255400000000000000,554.00000000000000000000
h_E,0.00757943300000000000,0.00004361087000000000,1.00531200000000000000,554.00000000000000000000
h_E,0.01332869000000000000,0.00003874331000000000,0.99875340000000000000,554.00000000000000000000
h_E,0.00901577700000000000,0.00002634584000000000,1.00040700000000000000,587.00000000000000000000
h_E,0.03789660000000000000,0.00003689626000000000,0.99885320000000000000,587.00000000000000000000
h_E,0.01074414000000000000,0.00004107297000000000,1.00000000000000000000,587.00000000000000000000
h_E,0.01583957000000000000,0.00004020419000000000,1.00101100000000000000,587.00000000000000000000
h_E,0.02606166000000000000,0.00003808559000000000,0.99938840000000000000,587.00000000000000000000
h_E,0.01643526000000000000,0.00004326566000000000,1.00101100000000000000,587.00000000000000000000
h_E,0.08943542000000000000,0.00004104866000000000,1.00048400000000000000,622.00000000000000000000
h_E,0.01590799000000000000,0.00003228120000000000,1.00418500000000000000,622.00000000000000000000
h_E,0.02722968000000000000,0.00004018228000000000,0.99949190000000000000,622.00000000000000000000
h_E,0.03889656000000000000,0.00003939275000000000,1.00054500000000000000,622.00000000000000000000
h_E,0.03279208000000000000,0.00004413775000000000,1.00629800000000000000,622.00000000000000000000
h_E,0.01079405000000000000,0.00003946889000000000,0.99934690000000000000,622.00000000000000000000
h_E,0.08256346000000000000,0.00006681980000000000,0.99795920000000000000,659.00000000000000000000
h_E,0.05054357000000000000,0.00003833987000000000,0.99846630000000000000,659.00000000000000000000
h_E,0.01144470000000000000,0.00004180756000000000,1.00000000000000000000,659.00000000000000000000
h_E,0.01928251000000000000,0.00003168710000000000,1.01448100000000000000,659.00000000000000000000
h_E,0.03673459000000000000,0.00005724883000000000,1.00000000000000000000,659.00000000000000000000
h_E,0.01289393000000000000,0.00004013386000000000,0.99964540000000000000,659.00000000000000000000
h_E,0.01885031000000000000,0.00004094861000000000,1.00257900000000000000,698.00000000000000000000
h_E,0.01734580000000000000,0.00004409252000000000,1.00016100000000000000,698.00000000000000000000
h_E,0.01947951000000000000,0.00003994890000000000,0.99958780000000000000,698.00000000000000000000
h_E,0.02996114000000000000,0.00003339985000000000,1.00579200000000000000,698.00000000000000000000
h_E,0.02321651000000000000,0.00003705268000000000,0.99879300000000000000,698.00000000000000000000
h_E,0.00995793200000000000,0.00004358647000000000,1.00298400000000000000,698.00000000000000000000
h_E,0.01579180000000000000,0.00004507428000000000,0.99924100000000000000,740.00000000000000000000
h_E,0.03003877000000000000,0.00004306026000000000,1.00152100000000000000,740.00000000000000000000
h_E,0.01863955000000000000,0.00003937655000000000,1.00288400000000000000,740.00000000000000000000
h_E,0.03355295000000000000,0.00004784743000000000,1.00000000000000000000,740.00000000000000000000
h_E,0.03140447000000000000,0.00004186478000000000,0.99863390000000000000,740.00000000000000000000
h_E,0.02044249000000000000,0.00004022778000000000,1.00834800000000000000,740.00000000000000000000
h_E,0.02916641000000000000,0.00003982088000000000,0.99942730000000000000,784.00000000000000000000
h_E,0.03758902000000000000,0.00004372572000000000,1.00248500000000000000,784.00000000000000000000
h_E,0.02598219000000000000,0.00004205018000000000,0.99928280000000000000,784.00000000000000000000
h_E,0.06196371000000000000,0.00006701254000000000,1.00000000000000000000,784.00000000000000000000
h_E,0.01883129000000000000,0.00004163720000000000,0.99928280000000000000,784.00000000000000000000
h_E,0.03937430000000000000,0.00007202559000000000,1.00000000000000000000,831.00000000000000000000
h_E,0.05240390000000000000,0.00004429539000000000,1.00288000000000000000,831.00000000000000000000
h_E,0.01630951000000000000,0.00003823190000000000,1.00309600000000000000,831.00000000000000000000
h_E,0.01601644000000000000,0.00003515064000000000,1.00418700000000000000,831.00000000000000000000
h_E,0.02160363000000000000,0.00003364516000000000,1.01105700000000000000,831.00000000000000000000
h_E,0.06473298000000000000,0.00004478046000000000,0.99856010000000000000,831.00000000000000000000
h_E,0.05442377000000000000,0.00006532920000000000,1.00000000000000000000,880.00000000000000000000
h_E,0.04563054000000000000,0.00003021506000000000,1.01707600000000000000,880.00000000000000000000
h_E,0.03569638000000000000,0.00004479010000000000,1.00000000000000000000,880.00000000000000000000
h_E,0.02978583000000000000,0.00004454068000000000,1.00000000000000000000,880.00000000000000000000
h_E,0.02457833000000000000,0.00004438222000000000,1.00000000000000000000,880.00000000000000000000
h_E,0.04311543000000000000,0.00004501725000000000,1.00000000000000000000,880.00000000000000000000
h_E,0.03183753000000000000,0.00004606577000000000,1.00722600000000000000,932.00000000000000000000
h_E,0.05763543000000000000,0.00003423047000000000,1.00641000000000000000,932.00000000000000000000
h_E,0.05519037000000000000,0.00005659199000000000,1.00000000000000000000,932.00000000000000000000
h_E,0.03999700000000000000,0.00003031602000000000,1.02456600000000000000,932.00000000000000000000
h_E,0.03980564000000000000,0.00004240601000000000,1.00032200000000000000,932.00000000000000000000
h_E,0.03014663000000000000,0.00004535812000000000,1.00032200000000000000,932.00000000000000000000
h_E,0.03830832000000000000,0.00006631739000000000,1.00000000000000000000,988.00000000000000000000
h_E,0.03391863000000000000,0.00003728057000000000,1.00637500000000000000,988.00000000000000000000
h_E,0.02687095000000000000,0.00004535073000000000,0.99878790000000000000,988.00000000000000000000
h_E,0.02788894000000000000,0.00003964426000000000,0.99878790000000000000,988.00000000000000000000
h_E,0.03544475000000000000,0.00004941214000000000,1.00819700000000000000,988.00000000000000000000
h_E,0.04184432000000000000,0.00005769540000000000,0.99909090000000000000,988.00000000000000000000
h_E,0.04336282000000000000,0.00005610915000000000,1.00000000000000000000,1047.00000000000000000000
h_E,0.01406833000000000000,0.00009636692000000000,1.01055900000000000000,1047.00000000000000000000
h_E,0.03784873000000000000,0.00004378641000000000,1.00000000000000000000,1047.00000000000000000000
h_E,0.02249647000000000000,0.00004513517000000000,1.00000000000000000000,1047.00000000000000000000
h_E,0.04176111000000000000,0.00005957862000000000,0.99914240000000000000,1047.00000000000000000000
h_E,0.03533094000000000000,0.00004785765000000000,1.00142900000000000000,1047.00000000000000000000
h_E,0.02059377000000000000,0.00006322934000000000,0.99987750000000000000,330.00000000000000000000
h_E,0.01042379000000000000,0.00006272757000000000,0.99963400000000000000,330.00000000000000000000
h_E,0.01123100000000000000,0.00005768932000000000,0.99940710000000000000,330.00000000000000000000
h_E,0.01353670000000000000,0.00005539714000000000,0.99880190000000000000,330.00000000000000000000
h_E,0.01991910000000000000,0.00005761323000000000,0.99872840000000000000,330.00000000000000000000
h_E,0.00989995400000000000,0.00006208509000000000,0.99963400000000000000,330.00000000000000000000
h_E,0.01197326000000000000,0.00006022165000000000,1.00011500000000000000,349.00000000000000000000
h_E,0.01108985000000000000,0.00006249835000000000,1.00011500000000000000,349.00000000000000000000
h_E,0.02708478000000000000,0.00005972438000000000,1.00011500000000000000,349.00000000000000000000
h_E,0.01682453000000000000,0.00005317505000000000,1.00011500000000000000,349.00000000000000000000
h_E,0.02428820000000000000,0.00004921203000000000,0.99947330000000000000,349.00000000000000000000
h_E,0.01756622000000000000,0.00005724387000000000,1.00011500000000000000,349.00000000000000000000
h_E,0.01083047000000000000,0.00004273627000000000,0.99925930000000000000,349.00000000000000000000
h_E,0.01174269000000000000,0.00006294465000000000,0.99935930000000000000,370.00000000000000000000
h_E,0.00911726300000000000,0.00005859296000000000,1.00050900000000000000,370.00000000000000000000
h_E,0.01701269000000000000,0.00006608056000000000,0.99957950000000000000,370.00000000000000000000
h_E,0.00816646600000000000,0.00005492738000000000,1.00050900000000000000,370.00000000000000000000
h_E,0.00970795700000000000,0.00005386340000000000,1.00087500000000000000,370.00000000000000000000
h_E,0.01211580000000000000,0.00005373534000000000,1.00095200000000000000,370.00000000000000000000
h_E,0.00881191900000000000,0.00005016893000000000,1.00058400000000000000,392.00000000000000000000
h_E,0.01474938000000000000,0.00005567956000000000,1.00059700000000000000,392.00000000000000000000
h_E,0.01842776000000000000,0.00003850896000000000,0.99632980000000000000,392.00000000000000000000
h_E,0.01345538000000000000,0.00003416142000000000,1.00238400000000000000,392.00000000000000000000
h_E,0.02283235000000000000,0.00007538257000000000,0.99960260000000000000,392.00000000000000000000
h_E,0.01336814000000000000,0.00004493604000000000,0.99960260000000000000,392.00000000000000000000
h_E,0.01306975000000000000,0.00011532850000000000,0.99296530000000000000,415.00000000000000000000
h_E,0.01737445000000000000,0.00005483830000000000,1.00000000000000000000,415.00000000000000000000
h_E,0.01146178000000000000,0.00008551737000000000,0.98888630000000000000,415.00000000000000000000
h_E,0.02574952000000000000,0.00005431141000000000,1.00000000000000000000,415.00000000000000000000
h_E,0.01526468000000000000,0.00006046056000000000,1.00000000000000000000,415.00000000000000000000
h_E,0.01491313000000000000,0.00005927141000000000,1.00000000000000000000,415.00000000000000000000
h_E,0.02526214000000000000,0.00002617005000000000,0.99069730000000000000,440.00000000000000000000
h_E,0.02179907000000000000,0.00004209573000000000,1.00038800000000000000,440.00000000000000000000
h_E,0.01900332000000000000,0.00006852249000000000,0.99858920000000000000,440.00000000000000000000
h_E,0.01440953000000000000,0.00005769150000000000,1.00059200000000000000,440.00000000000000000000
h_E,0.02122482000000000000,0.00005315568000000000,1.00059200000000000000,440.00000000000000000000
h_E,0.01688009000000000000,0.00005218992000000000,1.00088400000000000000,440.00000000000000000000
h_E,0.02538832000000000000,0.00006239071000000000,0.99976830000000000000,466.00000000000000000000
h_E,0.03828905000000000000,0.00005653291000000000,0.99976830000000000000,466.00000000000000000000
h_E,0.02407447000000000000,0.00006314163000000000,0.99976830000000000000,466.00000000000000000000
h_E,0.01410081000000000000,0.00005615118000000000,0.99888890000000000000,466.00000000000000000000
h_E,0.02570403000000000000,0.00006300469000000000,0.99976830000000000000,466.00000000000000000000
h_E,0.01591580000000000000,0.00005720599000000000,0.99888890000000000000,466.00000000000000000000
h_E,0.01903028000000000000,0.00005542197000000000,0.99978100000000000000,494.00000000000000000000
h_E,0.03458884000000000000,0.00005698306000000000,0.99832420000000000000,494.00000000000000000000
h_E,0.02079282000000000000,0.00006232804000000000,0.99832420000000000000,494.00000000000000000000
h_E,0.01324024000000000000,0.00004030807000000000,0.99996960000000000000,494.00000000000000000000
h_E,0.02333920000000000000,0.00004553424000000000,1.00270200000000000000,494.00000000000000000000
h_E,0.01573740000000000000,0.00005302471000000000,0.99860350000000000000,494.00000000000000000000
h_E,0.06822466000000000000,0.00005588961000000000,1.00000000000000000000,523.00000000000000000000
h_E,0.02194383000000000000,0.00003775875000000000,1.00000000000000000000,523.00000000000000000000
h_E,0.02155463000000000000,0.00003916623000000000,1.00000000000000000000,523.00000000000000000000
h_E,0.03316922000000000000,0.00003901809000000000,0.99587630000000000000,523.00000000000000000000
h_E,0.01437346000000000000,0.00003602225000000000,1.00000000000000000000,523.00000000000000000000
h_E,0.02581212000000000000,0.00003889713000000000,1.00000000000000000000,523.00000000000000000000
h_E,0.02646349000000000000,0.00002777556000000000,1.00977900000000000000,554.00000000000000000000
h_E,0.01947420000000000000,0.00003142335000000000,1.00295700000000000000,554.00000000000000000000
h_E,0.03312829000000000000,0.00004225718000000000,1.00042200000000000000,554.00000000000000000000
h_E,0.02321984000000000000,0.00005415688000000000,1.00089300000000000000,554.00000000000000000000
h_E,0.03460284000000000000,0.00004130819000000000,1.00100700000000000000,554.00000000000000000000
h_E,0.02475250000000000000,0.00004240520000000000,1.00042200000000000000,554.00000000000000000000
h_E,0.01743143000000000000,0.00004329479000000000,1.00095200000000000000,587.00000000000000000000
h_E,0.02355570000000000000,0.00003910301000000000,1.00654900000000000000,587.00000000000000000000
h_E,0.03044929000000000000,0.00004596326000000000,1.00080400000000000000,587.00000000000000000000
h_E,0.02601752000000000000,0.00003523061000000000,1.00540000000000000000,587.00000000000000000000
h_E,0.01548546000000000000,0.00004058900000000000,1.00000000000000000000,587.00000000000000000000
h_E,0.01453338000000000000,0.00004422086000000000,1.00101100000000000000,587.00000000000000000000
h_E,0.02029662000000000000,0.00003910515000000000,0.99904510000000000000,622.00000000000000000000
h_E,0.04059032000000000000,0.00004533653000000000,0.99924050000000000000,622.00000000000000000000
h_E,0.03754991000000000000,0.00003793808000000000,0.99909620000000000000,622.00000000000000000000
h_E,0.03165339000000000000,0.00004010097000000000,0.99982660000000000000,622.00000000000000000000
h_E,0.03127887000000000000,0.00003485374000000000,1.00049200000000000000,622.00000000000000000000
h_E,0.02637766000000000000,0.00003949736000000000,0.99964540000000000000,659.00000000000000000000
h_E,0.02308223000000000000,0.00002266202000000000,1.03116500000000000000,659.00000000000000000000
h_E,0.03029308000000000000,0.00004396243000000000,1.00000000000000000000,659.00000000000000000000
h_E,0.03798911000000000000,0.00003407344000000000,1.01141800000000000000,659.00000000000000000000
h_E,0.02083898000000000000,0.00004404051000000000,0.99846630000000000000,659.00000000000000000000
h_E,0.02116689000000000000,0.00003920980000000000,0.99909980000000000000,659.00000000000000000000
h_E,0.01024473000000000000,0.00002247672000000000,1.02161300000000000000,698.00000000000000000000
h_E,0.01871427000000000000,0.00003843660000000000,1.00369300000000000000,698.00000000000000000000
h_E,0.01716511000000000000,0.00003473541000000000,1.00889900000000000000,698.00000000000000000000
h_E,0.02297182000000000000,0.00004167674000000000,1.00016100000000000000,698.00000000000000000000
h_E,0.05158830000000000000,0.00005433316000000000,1.00000000000000000000,698.00000000000000000000
h_E,0.02022064000000000000,0.00004248546000000000,0.99919400000000000000,698.00000000000000000000
h_E,0.03087014000000000000,0.00004079410000000000,1.00000000000000000000,740.00000000000000000000
h_E,0.01613149000000000000,0.00004165235000000000,1.00000000000000000000,740.00000000000000000000
h_E,0.02125566000000000000,0.00003677587000000000,1.00729900000000000000,740.00000000000000000000
h_E,0.06226870000000000000,0.00003758187000000000,0.99787100000000000000,740.00000000000000000000
h_E,0.06763431000000000000,0.00006074856000000000,1.00000000000000000000,740.00000000000000000000
h_E,0.05125479000000000000,0.00005267630000000000,1.00000000000000000000,784.00000000000000000000
h_E,0.01770015000000000000,0.00004016337000000000,1.00000000000000000000,784.00000000000000000000
h_E,0.02281429000000000000,0.00003199701000000000,0.99956970000000000000,784.00000000000000000000
h_E,0.02350817000000000000,0.00004483083000000000,0.99892130000000000000,831.00000000000000000000
h_E,0.01355929000000000000,0.00002629579000000000,1.01539700000000000000,831.00000000000000000000
h_E,0.01350272000000000000,0.00004363375000000000,0.99932470000000000000,831.00000000000000000000
h_E,0.01307033000000000000,0.00003689093000000000,1.00337600000000000000,831.00000000000000000000
h_E,0.02303363000000000000,0.00004208673000000000,0.99932470000000000000,831.00000000000000000000
h_E,0.01908149000000000000,0.00004266822000000000,0.99932470000000000000,831.00000000000000000000
h_E,0.04234728000000000000,0.00005179226000000000,1.00000000000000000000,880.00000000000000000000
h_E,0.01648815000000000000,0.00003819852000000000,1.00000000000000000000,880.00000000000000000000
h_E,0.02782411000000000000,0.00002807715000000000,1.01112000000000000000,880.00000000000000000000
h_E,0.01535112000000000000,0.00004056259000000000,1.00000000000000000000,880.00000000000000000000
h_E,0.03363156000000000000,0.00003200361000000000,1.01482600000000000000,880.00000000000000000000
h_E,0.02034599000000000000,0.00004338234000000000,0.99898060000000000000,880.00000000000000000000
h_E,0.03462929000000000000,0.00004508776000000000,1.00160300000000000000,932.00000000000000000000
h_E,0.02720715000000000000,0.00003860830000000000,0.99939870000000000000,932.00000000000000000000
h_E,0.02988876000000000000,0.00004748315000000000,0.99967950000000000000,932.00000000000000000000
h_E,0.02660971000000000000,0.00003712926000000000,1.00544900000000000000,932.00000000000000000000
h_E,0.04062480000000000000,0.00004289745000000000,0.99967950000000000000,932.00000000000000000000
h_E,0.03054142000000000000,0.00003654612000000000,1.00641000000000000000,932.00000000000000000000
h_E,0.03133631000000000000,0.00003329569000000000,1.01335800000000000000,988.00000000000000000000
h_E,0.01823281000000000000,0.00003536000000000000,1.00424200000000000000,988.00000000000000000000
h_E,0.03280039000000000000,0.00010671480000000000,1.01427700000000000000,988.00000000000000000000
h_E,0.02928034000000000000,0.00004511854000000000,1.00151500000000000000,988.00000000000000000000
h_E,0.03808660000000000000,0.00003507763000000000,1.00937700000000000000,988.00000000000000000000
h_E,0.02178803000000000000,0.00004643176000000000,0.99969700000000000000,988.00000000000000000000
h_E,0.02543984000000000000,0.00003337920000000000,1.00571800000000000000,1047.00000000000000000000
h_E,0.01829545000000000000,0.00002443085000000000,1.02197500000000000000,1047.00000000000000000000
h_E,0.02974987000000000000,0.00004221504000000000,1.00028500000000000000,1047.00000000000000000000
h_E,0.02141422000000000000,0.00002552205000000000,1.01895000000000000000,1047.00000000000000000000
h_E,0.02733479000000000000,0.00003796271000000000,1.00371000000000000000,1047.00000000000000000000
