A,0.95272770000000000000,0.00013038380000000000,0.99404690000000000000,110.30000000000000000000
A,0.93550110000000000000,0.00011936460000000000,0.99467250000000000000,110.30000000000000000000
A,0.89668820000000000000,0.00012216650000000000,0.99467250000000000000,110.30000000000000000000
A,1.00035100000000000000,0.00011104850000000000,0.99679170000000000000,110.00000000000000000000
A,0.88030650000000000000,0.00014089040000000000,0.99679170000000000000,110.00000000000000000000
A,1.12562200000000000000,0.00011810230000000000,0.99679170000000000000,110.00000000000000000000
A,0.73661290000000000000,0.00011048730000000000,0.99641170000000000000,117.22220000000000000000
A,0.89884830000000000000,0.00010216540000000000,0.99584140000000000000,117.22220000000000000000
A,0.93400670000000000000,0.00010003300000000000,1.00030600000000000000,116.55560000000000000000
A,0.89975600000000000000,0.00009666921000000000,1.00090200000000000000,116.55560000000000000000
A,1.07516300000000000000,0.00008809272000000000,1.00030600000000000000,116.55560000000000000000
A,0.82711400000000000000,0.00010669770000000000,1.00072600000000000000,116.55560000000000000000
A,0.82797250000000000000,0.00007681444000000000,0.99883600000000000000,123.75000000000000000000
A,1.04554000000000000000,0.00007201127000000000,0.99883600000000000000,123.75000000000000000000
A,0.74855790000000000000,0.00007918062000000000,0.99883600000000000000,123.75000000000000000000
A,0.87081920000000000000,0.00007926670000000000,0.99883600000000000000,123.75000000000000000000
A,1.12079100000000000000,0.00006950215000000000,0.99883600000000000000,123.75000000000000000000
A,0.95195660000000000000,0.00007466907000000000,0.99895800000000000000,123.71430000000000000000
A,0.71967430000000000000,0.00007544437000000000,0.99691060000000000000,131.12500000000000000000
A,0.86516080000000000000,0.00006272132000000000,0.99493090000000000000,130.88890000000000000000
A,0.87924570000000000000,0.00006073655000000000,0.99336450000000000000,131.12500000000000000000
A,0.92852680000000000000,0.00005552797000000000,0.99493090000000000000,130.88890000000000000000
A,0.93265170000000000000,0.00006053632000000000,0.99463120000000000000,130.88890000000000000000
A,1.15027500000000000000,0.00005952858000000000,0.99553480000000000000,130.71430000000000000000
A,0.74041380000000000000,0.00007353672000000000,0.99974410000000000000,138.28570000000000000000
A,0.90570690000000000000,0.00007066494000000000,1.00060500000000000000,138.28570000000000000000
A,0.76210280000000000000,0.00007658030000000000,1.00060500000000000000,138.28570000000000000000
A,0.84653130000000000000,0.00006344579000000000,1.00060500000000000000,138.28570000000000000000
A,0.92716900000000000000,0.00007854855000000000,0.99944320000000000000,138.28570000000000000000
A,0.85990670000000000000,0.00006952829000000000,0.99716930000000000000,138.66670000000000000000
A,0.86749880000000000000,0.00005841615000000000,0.99421770000000000000,147.00000000000000000000
A,0.81746930000000000000,0.00005808987000000000,0.99893580000000000000,146.16670000000000000000
A,0.92733360000000000000,0.00005249525000000000,0.99641130000000000000,146.62500000000000000000
A,0.79777460000000000000,0.00005401126000000000,0.99641130000000000000,146.62500000000000000000
A,0.80088200000000000000,0.00005959612000000000,0.99641130000000000000,146.62500000000000000000
A,0.81778680000000000000,0.00005451926000000000,0.99641130000000000000,146.62500000000000000000
A,0.71251760000000000000,0.00005536780000000000,1.00205900000000000000,155.16670000000000000000
A,0.95449900000000000000,0.00005064410000000000,1.00205900000000000000,155.16670000000000000000
A,0.83268190000000000000,0.00004967820000000000,1.00205900000000000000,155.16670000000000000000
A,0.85562420000000000000,0.00005030159000000000,1.00205900000000000000,155.16670000000000000000
A,0.91340120000000000000,0.00004445048000000000,1.00110600000000000000,155.28570000000000000000
A,0.86716040000000000000,0.00003733427000000000,0.99752940000000000000,156.00000000000000000000
A,0.70718670000000000000,0.00005127906000000000,0.99334910000000000000,164.57140000000000000000
A,0.67124950000000000000,0.00006345799000000000,0.99366330000000000000,164.57140000000000000000
A,0.76101510000000000000,0.00005238305000000000,0.99421710000000000000,164.57140000000000000000
A,0.66672560000000000000,0.00007452001000000000,0.99222360000000000000,164.60000000000000000000
A,0.60971160000000000000,0.00007084638000000000,0.99430560000000000000,164.57140000000000000000
A,0.67045660000000000000,0.00005015316000000000,0.99537950000000000000,164.75000000000000000000
A,0.68034520000000000000,0.00003642574000000000,0.99383910000000000000,174.57140000000000000000
A,0.71814400000000000000,0.00004347883000000000,0.99574470000000000000,174.57140000000000000000
A,0.61169300000000000000,0.00005406437000000000,0.99587150000000000000,174.40000000000000000000
A,0.75789890000000000000,0.00004706305000000000,0.99574470000000000000,174.57140000000000000000
A,0.66774340000000000000,0.00004187202000000000,0.99574470000000000000,174.57140000000000000000
A,0.83362920000000000000,0.00003962481000000000,0.99588500000000000000,174.57140000000000000000
A,0.60491560000000000000,0.00004086989000000000,0.99701090000000000000,184.00000000000000000000
A,0.52612120000000000000,0.00004550207000000000,0.99882250000000000000,184.00000000000000000000
A,0.62229100000000000000,0.00004505181000000000,0.99882250000000000000,184.00000000000000000000
A,0.62247600000000000000,0.00004215244000000000,0.99882250000000000000,184.00000000000000000000
A,0.61420170000000000000,0.00004619800000000000,0.99882250000000000000,184.00000000000000000000
A,0.57792480000000000000,0.00004315661000000000,0.99882250000000000000,184.00000000000000000000
A,0.49304490000000000000,0.00004589065000000000,0.99605040000000000000,195.80000000000000000000
A,0.51096230000000000000,0.00004535498000000000,0.99605040000000000000,195.80000000000000000000
A,0.59466260000000000000,0.00004071588000000000,0.99471440000000000000,195.50000000000000000000
A,0.38751750000000000000,0.00004709799000000000,0.99798240000000000000,195.50000000000000000000
A,0.51849050000000000000,0.00004827403000000000,0.99914530000000000000,195.00000000000000000000
A,0.50167060000000000000,0.00004406926000000000,0.99605040000000000000,195.80000000000000000000
A,0.60616700000000000000,0.00003522978000000000,0.99625900000000000000,207.16670000000000000000
A,0.53113900000000000000,0.00004203652000000000,0.99605790000000000000,207.16670000000000000000
A,0.51759720000000000000,0.00004170126000000000,0.99605790000000000000,207.16670000000000000000
A,1.62948500000000000000,0.00004564685000000000,0.99730750000000000000,206.33330000000000000000
A,0.54905640000000000000,0.00004175009000000000,0.99605790000000000000,207.16670000000000000000
A,0.69389840000000000000,0.00004256034000000000,0.99605790000000000000,207.16670000000000000000
A,0.41934550000000000000,0.00005664878000000000,0.99467230000000000000,207.25000000000000000000
A,0.47516410000000000000,0.00004754120000000000,0.99876480000000000000,219.25000000000000000000
A,0.47129950000000000000,0.00003864635000000000,0.99773820000000000000,219.60000000000000000000
A,0.40604160000000000000,0.00004207723000000000,0.99773820000000000000,219.60000000000000000000
A,0.53394640000000000000,0.00004348531000000000,0.99876480000000000000,219.25000000000000000000
A,0.47359680000000000000,0.00003954388000000000,0.99773820000000000000,219.60000000000000000000
A,0.57802100000000000000,0.00004105985000000000,0.99876480000000000000,219.25000000000000000000
A,0.37988280000000000000,0.00006206958000000000,0.99927960000000000000,231.33330000000000000000
A,0.43973370000000000000,0.00004000739000000000,0.99471900000000000000,232.75000000000000000000
A,0.40368150000000000000,0.00004755989000000000,0.99650910000000000000,232.75000000000000000000
A,0.52909260000000000000,0.00004401517000000000,0.99471900000000000000,232.75000000000000000000
A,0.50517240000000000000,0.00004038371000000000,0.99471900000000000000,232.75000000000000000000
A,0.52079080000000000000,0.00003947174000000000,0.99471900000000000000,232.75000000000000000000
A,0.43640100000000000000,0.00004622345000000000,0.99839260000000000000,246.25000000000000000000
A,0.46822340000000000000,0.00004181423000000000,0.99839260000000000000,246.25000000000000000000
A,0.34057130000000000000,0.00005178304000000000,1.00022600000000000000,245.66670000000000000000
A,0.30056850000000000000,0.00004382578000000000,0.99822790000000000000,246.40000000000000000000
A,0.35338920000000000000,0.00005211819000000000,1.00022600000000000000,245.66670000000000000000
A,0.32441520000000000000,0.00005120186000000000,0.99839260000000000000,246.25000000000000000000
A,0.24040610000000000000,0.00004731438000000000,0.99897310000000000000,263.75000000000000000000
A,0.40740060000000000000,0.00004201934000000000,0.99896730000000000000,262.25000000000000000000
A,0.27766330000000000000,0.00005282402000000000,0.99810870000000000000,262.60000000000000000000
A,0.27481240000000000000,0.00005337265000000000,0.99810870000000000000,262.60000000000000000000
A,0.39595700000000000000,0.00004580477000000000,0.99776500000000000000,261.00000000000000000000
A,0.27421480000000000000,0.00005892069000000000,0.99420080000000000000,262.25000000000000000000
A,0.24704170000000000000,0.00004676771000000000,0.99669080000000000000,277.00000000000000000000
A,0.39601100000000000000,0.00003792178000000000,0.99669080000000000000,277.00000000000000000000
A,0.34099820000000000000,0.00004061866000000000,0.99669080000000000000,277.00000000000000000000
A,0.22346260000000000000,0.00005467859000000000,0.99497380000000000000,276.33330000000000000000
A,0.22657590000000000000,0.00004820995000000000,0.99669080000000000000,277.00000000000000000000
A,0.34428940000000000000,0.00003959781000000000,0.99669080000000000000,277.00000000000000000000
A,0.21424600000000000000,0.00004530323000000000,0.99586190000000000000,292.00000000000000000000
A,0.19096140000000000000,0.00004581323000000000,0.99728880000000000000,292.00000000000000000000
A,0.20523800000000000000,0.00004424321000000000,0.99728880000000000000,292.00000000000000000000
A,0.21398650000000000000,0.00004422124000000000,0.99728880000000000000,292.00000000000000000000
A,0.22290140000000000000,0.00004305010000000000,0.99728880000000000000,292.00000000000000000000
A,0.21577380000000000000,0.00004353108000000000,0.99728880000000000000,292.00000000000000000000
A,0.22575410000000000000,0.00004566993000000000,0.99966480000000000000,310.75000000000000000000
A,0.22100790000000000000,0.00005094107000000000,0.99966480000000000000,310.75000000000000000000
A,0.22829650000000000000,0.00005455252000000000,0.99966480000000000000,310.75000000000000000000
A,0.23340300000000000000,0.00005261905000000000,0.99483780000000000000,310.75000000000000000000
A,0.24901400000000000000,0.00006618816000000000,0.99445040000000000000,310.33330000000000000000
A,0.23288150000000000000,0.00004699754000000000,0.99966480000000000000,310.75000000000000000000
A,0.26419730000000000000,0.00005569706000000000,1.00085100000000000000,326.33330000000000000000
A,0.17673940000000000000,0.00004812265000000000,0.99932320000000000000,328.33330000000000000000
A,0.29467920000000000000,0.00004440339000000000,0.99932320000000000000,328.33330000000000000000
A,0.23885860000000000000,0.00004216650000000000,0.99932320000000000000,328.33330000000000000000
A,0.21400230000000000000,0.00004416667000000000,0.99932320000000000000,328.33330000000000000000
A,0.21085490000000000000,0.00004478222000000000,0.99932320000000000000,328.33330000000000000000
A,0.15197040000000000000,0.00004671016000000000,0.99920560000000000000,349.66670000000000000000
A,0.14518740000000000000,0.00004874481000000000,0.99920560000000000000,349.66670000000000000000
A,0.25533060000000000000,0.00005959968000000000,0.99904670000000000000,349.66670000000000000000
A,0.14336210000000000000,0.00005085658000000000,0.99920560000000000000,349.66670000000000000000
A,0.20918030000000000000,0.00004672874000000000,0.99920560000000000000,349.66670000000000000000
A,0.14881810000000000000,0.00005306758000000000,0.99920560000000000000,349.66670000000000000000
A,0.18663270000000000000,0.00004659762000000000,0.99924450000000000000,367.66670000000000000000
A,0.18367210000000000000,0.00005526301000000000,0.99623950000000000000,369.33330000000000000000
A,0.18520820000000000000,0.00004936522000000000,0.99940160000000000000,371.33330000000000000000
A,0.17311940000000000000,0.00005582853000000000,0.99623950000000000000,369.33330000000000000000
A,0.16128280000000000000,0.00005626056000000000,0.99623950000000000000,369.33330000000000000000
A,0.17847110000000000000,0.00005087295000000000,0.99924450000000000000,367.66670000000000000000
A,0.14453210000000000000,0.00005401768000000000,0.99929260000000000000,392.66670000000000000000
A,0.12991060000000000000,0.00007092132000000000,0.99936310000000000000,392.50000000000000000000
A,0.14207640000000000000,0.00006907476000000000,0.99936310000000000000,392.50000000000000000000
A,0.14654780000000000000,0.00005367644000000000,0.99929260000000000000,392.66670000000000000000
A,0.15856980000000000000,0.00007016319000000000,0.99936310000000000000,392.50000000000000000000
A,0.12437630000000000000,0.00007712301000000000,0.99936310000000000000,392.50000000000000000000
A,0.14138710000000000000,0.00005697238000000000,0.99986580000000000000,414.33330000000000000000
A,0.15757770000000000000,0.00005594082000000000,0.99919870000000000000,416.00000000000000000000
A,0.11892590000000000000,0.00005942448000000000,0.99719550000000000000,416.00000000000000000000
A,0.15704500000000000000,0.00005595070000000000,0.99719550000000000000,416.00000000000000000000
A,0.11668020000000000000,0.00006435018000000000,0.99719550000000000000,416.00000000000000000000
A,0.13684340000000000000,0.00007070701000000000,0.99601270000000000000,418.00000000000000000000
A,0.17390570000000000000,0.00006008106000000000,0.99625470000000000000,445.00000000000000000000
A,0.13200010000000000000,0.00005868588000000000,0.99699020000000000000,443.00000000000000000000
A,0.16422810000000000000,0.00005831383000000000,0.99699020000000000000,443.00000000000000000000
A,0.13142550000000000000,0.00005866389000000000,0.99625470000000000000,445.00000000000000000000
A,0.70664350000000000000,0.00016656280000000000,0.99404690000000000000,110.30000000000000000000
A,0.74871970000000000000,0.00014903740000000000,0.99595330000000000000,110.30000000000000000000
A,0.72230430000000000000,0.00016708080000000000,0.99320250000000000000,110.55560000000000000000
A,0.77512990000000000000,0.00014691140000000000,0.99467250000000000000,110.30000000000000000000
A,0.77880380000000000000,0.00014729290000000000,0.99679170000000000000,110.00000000000000000000
A,0.99515850000000000000,0.00012863630000000000,0.99679170000000000000,110.00000000000000000000
A,0.71903960000000000000,0.00011308730000000000,0.99584140000000000000,117.22220000000000000000
A,0.76423230000000000000,0.00011101870000000000,0.99584140000000000000,117.22220000000000000000
A,0.78544760000000000000,0.00010133330000000000,0.99584140000000000000,117.22220000000000000000
A,1.06262300000000000000,0.00009548160000000000,1.00072600000000000000,116.55560000000000000000
A,0.90831250000000000000,0.00009466264000000000,1.00139600000000000000,116.55560000000000000000
A,0.89371140000000000000,0.00009776694000000000,0.99903960000000000000,116.80000000000000000000
A,0.79759000000000000000,0.00007511897000000000,0.99732080000000000000,123.75000000000000000000
A,0.83929450000000000000,0.00006994517000000000,0.99883600000000000000,123.75000000000000000000
A,0.77719500000000000000,0.00007225292000000000,0.99883600000000000000,123.75000000000000000000
A,0.75966570000000000000,0.00006926659000000000,0.99883600000000000000,123.75000000000000000000
A,0.77058740000000000000,0.00007138676000000000,0.99876610000000000000,123.77780000000000000000
A,0.70488990000000000000,0.00007730415000000000,0.99876610000000000000,123.77780000000000000000
A,0.79619960000000000000,0.00007191004000000000,0.99336450000000000000,131.12500000000000000000
A,0.95096170000000000000,0.00005773136000000000,0.99516400000000000000,130.88890000000000000000
A,2.02870300000000000000,0.00007235476000000000,0.99317200000000000000,130.83330000000000000000
A,0.84641480000000000000,0.00006781633000000000,0.99553480000000000000,130.71430000000000000000
A,0.94564910000000000000,0.00006157530000000000,0.99569460000000000000,130.88890000000000000000
A,0.83681380000000000000,0.00006358659000000000,0.99493090000000000000,130.88890000000000000000
A,0.93002550000000000000,0.00006579077000000000,0.99493090000000000000,130.88890000000000000000
A,0.77270140000000000000,0.00007045361000000000,0.99532130000000000000,139.14290000000000000000
A,0.88165420000000000000,0.00005807050000000000,0.99722990000000000000,139.33330000000000000000
A,0.74456900000000000000,0.00005836626000000000,0.99748010000000000000,139.25000000000000000000
A,0.94459370000000000000,0.00006309638000000000,0.99523620000000000000,139.33330000000000000000
A,0.75178800000000000000,0.00005210781000000000,0.99523620000000000000,139.33330000000000000000
A,0.99469320000000000000,0.00005838036000000000,0.99523620000000000000,139.33330000000000000000
A,0.73601280000000000000,0.00004773612000000000,0.99776820000000000000,146.62500000000000000000
A,0.91516100000000000000,0.00005219574000000000,0.99406380000000000000,147.25000000000000000000
A,0.79344070000000000000,0.00004900176000000000,0.99406380000000000000,147.25000000000000000000
A,0.71492450000000000000,0.00005349259000000000,0.99587270000000000000,146.85710000000000000000
A,0.82711650000000000000,0.00005235612000000000,0.99506200000000000000,146.85710000000000000000
A,0.93267610000000000000,0.00005337740000000000,0.99776820000000000000,146.62500000000000000000
A,0.58467290000000000000,0.00004496177000000000,0.99885550000000000000,155.37500000000000000000
A,0.60259780000000000000,0.00004747905000000000,0.99926620000000000000,155.28570000000000000000
A,0.84224390000000000000,0.00004778050000000000,0.99926620000000000000,155.28570000000000000000
A,0.69072690000000000000,0.00004915232000000000,0.99926620000000000000,155.28570000000000000000
A,0.87872180000000000000,0.00004621894000000000,0.99885550000000000000,155.37500000000000000000
A,0.67413590000000000000,0.00004467072000000000,0.99885550000000000000,155.37500000000000000000
A,0.69687750000000000000,0.00005277966000000000,0.99334910000000000000,164.57140000000000000000
A,0.73445770000000000000,0.00006998677000000000,0.99430560000000000000,164.57140000000000000000
A,0.57481200000000000000,0.00007487954000000000,1.00038200000000000000,164.57140000000000000000
A,0.87937990000000000000,0.00004971507000000000,0.99421710000000000000,164.57140000000000000000
A,0.81030020000000000000,0.00004752719000000000,0.99551450000000000000,164.75000000000000000000
A,0.82356800000000000000,0.00004395544000000000,0.99551450000000000000,164.75000000000000000000
A,0.68539450000000000000,0.00004197120000000000,0.99693800000000000000,174.57140000000000000000
A,0.73649540000000000000,0.00004385383000000000,0.99758980000000000000,174.57140000000000000000
A,0.71052380000000000000,0.00003884664000000000,0.99758980000000000000,174.57140000000000000000
A,0.74395300000000000000,0.00004895629000000000,0.99574470000000000000,174.57140000000000000000
A,0.68116380000000000000,0.00004681668000000000,0.99693800000000000000,174.57140000000000000000
A,0.66083820000000000000,0.00005222386000000000,0.99569430000000000000,174.83330000000000000000
A,0.54775920000000000000,0.00004937283000000000,0.99720730000000000000,185.00000000000000000000
A,0.79200450000000000000,0.00004024821000000000,0.99487970000000000000,186.00000000000000000000
A,0.54693510000000000000,0.00004877396000000000,0.99855860000000000000,185.00000000000000000000
A,0.80961950000000000000,0.00004055432000000000,0.99468880000000000000,185.66670000000000000000
A,0.48319920000000000000,0.00005218176000000000,0.99720730000000000000,185.00000000000000000000
A,0.59415180000000000000,0.00004652924000000000,0.99720730000000000000,185.00000000000000000000
A,0.43906320000000000000,0.00004665104000000000,0.99551500000000000000,196.33330000000000000000
A,0.60104880000000000000,0.00004682664000000000,0.99732710000000000000,195.80000000000000000000
A,0.52638050000000000000,0.00004423630000000000,0.99551500000000000000,196.33330000000000000000
A,0.66634260000000000000,0.00004796714000000000,0.99551500000000000000,196.33330000000000000000
A,0.50767170000000000000,0.00004594079000000000,0.99732710000000000000,195.80000000000000000000
A,0.55088410000000000000,0.00004498378000000000,0.99732710000000000000,195.80000000000000000000
A,0.41239890000000000000,0.00004501821000000000,0.99625900000000000000,207.16670000000000000000
A,0.54259220000000000000,0.00004030169000000000,0.99678930000000000000,206.60000000000000000000
A,0.39380110000000000000,0.00005101670000000000,0.99824130000000000000,206.60000000000000000000
A,0.65365910000000000000,0.00003725463000000000,0.99625900000000000000,207.16670000000000000000
A,0.50124140000000000000,0.00004315144000000000,0.99824130000000000000,206.60000000000000000000
A,0.50497620000000000000,0.00003988191000000000,0.99625900000000000000,207.16670000000000000000
A,0.32423070000000000000,0.00005567696000000000,1.00212200000000000000,218.40000000000000000000
A,0.40672440000000000000,0.00004464114000000000,0.99773820000000000000,219.60000000000000000000
A,0.47602020000000000000,0.00004789573000000000,0.99876480000000000000,219.25000000000000000000
A,0.41648750000000000000,0.00004738280000000000,0.99876480000000000000,219.25000000000000000000
A,0.53910590000000000000,0.00003748971000000000,0.99773820000000000000,219.60000000000000000000
A,0.41936950000000000000,0.00004995790000000000,0.99876480000000000000,219.25000000000000000000
A,0.32944560000000000000,0.00005224001000000000,0.99572650000000000000,234.00000000000000000000
A,0.36906640000000000000,0.00004879407000000000,0.99700340000000000000,233.60000000000000000000
A,0.43682860000000000000,0.00004803462000000000,0.99650910000000000000,232.75000000000000000000
A,0.36601320000000000000,0.00004506786000000000,0.99650910000000000000,232.75000000000000000000
A,0.39920250000000000000,0.00003582384000000000,0.99430640000000000000,233.60000000000000000000
A,0.38325520000000000000,0.00004353265000000000,0.99650910000000000000,232.75000000000000000000
A,0.36482840000000000000,0.00004076162000000000,0.99839260000000000000,246.25000000000000000000
A,0.34908440000000000000,0.00005172332000000000,0.99932660000000000000,247.50000000000000000000
A,0.35292220000000000000,0.00004060300000000000,1.00313000000000000000,246.25000000000000000000
A,0.42482190000000000000,0.00003851741000000000,0.99839260000000000000,246.25000000000000000000
A,0.36737030000000000000,0.00004732497000000000,0.99839260000000000000,246.25000000000000000000
A,0.42034700000000000000,0.00003338452000000000,0.99570540000000000000,247.60000000000000000000
A,0.34477050000000000000,0.00004241634000000000,0.99616860000000000000,261.00000000000000000000
A,0.29470930000000000000,0.00005321261000000000,0.99871800000000000000,260.00000000000000000000
A,0.28180180000000000000,0.00004617677000000000,0.99759150000000000000,259.50000000000000000000
A,0.40539980000000000000,0.00003725681000000000,0.99759150000000000000,259.50000000000000000000
A,0.30124720000000000000,0.00004369344000000000,1.00048200000000000000,259.50000000000000000000
A,0.26720850000000000000,0.00005339105000000000,0.99487180000000000000,260.00000000000000000000
A,0.25474150000000000000,0.00005573094000000000,0.99798950000000000000,276.33330000000000000000
A,0.32412360000000000000,0.00004158004000000000,0.99599580000000000000,275.75000000000000000000
A,0.37136180000000000000,0.00004464541000000000,0.99669080000000000000,277.00000000000000000000
A,0.27977780000000000000,0.00004869291000000000,0.99669080000000000000,277.00000000000000000000
A,0.30326910000000000000,0.00004810081000000000,0.99669080000000000000,277.00000000000000000000
A,0.28712080000000000000,0.00004780792000000000,0.99669080000000000000,277.00000000000000000000
A,0.25034680000000000000,0.00005261514000000000,0.99524900000000000000,292.33330000000000000000
A,0.32403240000000000000,0.00004831328000000000,0.99524900000000000000,292.33330000000000000000
A,0.24866090000000000000,0.00005121114000000000,0.99524900000000000000,292.33330000000000000000
A,0.30677850000000000000,0.00004998982000000000,0.99524900000000000000,292.33330000000000000000
A,0.22951040000000000000,0.00005268447000000000,0.99524900000000000000,292.33330000000000000000
A,0.27304310000000000000,0.00004529287000000000,0.99728880000000000000,292.00000000000000000000
A,0.20452080000000000000,0.00004638076000000000,0.99966480000000000000,310.75000000000000000000
A,0.31548600000000000000,0.00004969550000000000,0.99445040000000000000,310.33330000000000000000
A,0.30024430000000000000,0.00005427114000000000,0.99445040000000000000,310.33330000000000000000
A,0.37313090000000000000,0.00004562054000000000,0.99483780000000000000,310.75000000000000000000
A,0.24135350000000000000,0.00004660206000000000,0.99966480000000000000,310.75000000000000000000
A,0.38785640000000000000,0.00004213879000000000,0.99966480000000000000,310.75000000000000000000
A,0.18340120000000000000,0.00005012323000000000,0.99595960000000000000,330.00000000000000000000
A,0.25341780000000000000,0.00004694339000000000,0.99595960000000000000,330.00000000000000000000
A,0.19843090000000000000,0.00004965675000000000,0.99932320000000000000,328.33330000000000000000
A,0.18439250000000000000,0.00005114746000000000,0.99932320000000000000,328.33330000000000000000
A,0.26722480000000000000,0.00004695475000000000,0.99932320000000000000,328.33330000000000000000
A,0.16548700000000000000,0.00005177703000000000,0.99932320000000000000,328.33330000000000000000
A,0.19993760000000000000,0.00005154008000000000,1.00000000000000000000,348.00000000000000000000
A,0.16852690000000000000,0.00005653239000000000,1.00000000000000000000,348.00000000000000000000
A,0.16047160000000000000,0.00006271408000000000,0.99521070000000000000,348.00000000000000000000
A,0.19198890000000000000,0.00005325107000000000,1.00000000000000000000,348.00000000000000000000
A,0.19843930000000000000,0.00005658973000000000,1.00000000000000000000,348.00000000000000000000
A,0.19927140000000000000,0.00005560146000000000,1.00000000000000000000,348.00000000000000000000
A,0.17608830000000000000,0.00006031946000000000,0.99623950000000000000,369.33330000000000000000
A,0.23140100000000000000,0.00005316738000000000,0.99623950000000000000,369.33330000000000000000
A,0.18461340000000000000,0.00005722254000000000,0.99623950000000000000,369.33330000000000000000
A,0.17207880000000000000,0.00006236626000000000,0.99623950000000000000,369.33330000000000000000
A,0.16257530000000000000,0.00006143213000000000,0.99623950000000000000,369.33330000000000000000
A,0.15968480000000000000,0.00006410031000000000,0.99623950000000000000,369.33330000000000000000
A,0.14916430000000000000,0.00007308539000000000,0.99936310000000000000,392.50000000000000000000
A,0.11278490000000000000,0.00007324718000000000,0.99936310000000000000,392.50000000000000000000
A,0.12643900000000000000,0.00005315857000000000,0.99929260000000000000,392.66670000000000000000
A,0.14575210000000000000,0.00005239724000000000,0.99929260000000000000,392.66670000000000000000
A,0.12380290000000000000,0.00005354251000000000,0.99929260000000000000,392.66670000000000000000
A,0.15533280000000000000,0.00005193657000000000,0.99929260000000000000,392.66670000000000000000
A,0.10437770000000000000,0.00008791772000000000,0.99640290000000000000,417.00000000000000000000
A,0.09722649000000000000,0.00006572751000000000,0.99640290000000000000,417.00000000000000000000
A,0.10181080000000000000,0.00006888916000000000,0.99939690000000000000,414.50000000000000000000
A,0.12313420000000000000,0.00006325965000000000,0.99640290000000000000,417.00000000000000000000
A,0.10771200000000000000,0.00006555434000000000,0.99939690000000000000,414.50000000000000000000
A,0.09348537000000000000,0.00006846437000000000,0.99939690000000000000,414.50000000000000000000
A,0.10125020000000000000,0.00007095148000000000,0.99662160000000000000,444.00000000000000000000
A,0.12072220000000000000,0.00006540097000000000,1.00225200000000000000,444.00000000000000000000
A,0.08647561000000000000,0.00006653354000000000,0.99662160000000000000,444.00000000000000000000
A,0.08947073000000000000,0.00007699315000000000,0.99662160000000000000,444.00000000000000000000
A,0.07321957000000000000,0.00007583591000000000,1.00000000000000000000,441.00000000000000000000
A,0.08490717000000000000,0.00007572919000000000,1.00000000000000000000,441.00000000000000000000
B,0.85846060000000000000,0.00007975011000000000,0.99897770000000000000,246.87500000000000000000
B,0.57725360000000000000,0.00008921840000000000,1.00077600000000000000,246.87500000000000000000
B,0.71128260000000000000,0.00007757534000000000,0.99909650000000000000,246.87500000000000000000
B,0.66858990000000000000,0.00008487114000000000,1.00005200000000000000,246.87500000000000000000
B,0.73697630000000000000,0.00007481597000000000,0.99909650000000000000,246.87500000000000000000
B,0.64268460000000000000,0.00008636441000000000,1.00005200000000000000,246.87500000000000000000
B,0.71568880000000000000,0.00010174710000000000,0.99844380000000000000,262.14290000000000000000
B,0.64544680000000000000,0.00009880384000000000,1.00083500000000000000,261.42860000000000000000
B,0.57203470000000000000,0.00012673530000000000,1.00071700000000000000,261.42860000000000000000
B,0.72955700000000000000,0.00008542347000000000,1.00083500000000000000,261.42860000000000000000
B,0.50440080000000000000,0.00011314790000000000,1.00071700000000000000,261.42860000000000000000
B,0.77195850000000000000,0.00008674730000000000,0.99849750000000000000,262.14290000000000000000
B,0.48912050000000000000,0.00010424120000000000,1.00068600000000000000,277.57140000000000000000
B,0.75604560000000000000,0.00009214102000000000,0.99618290000000000000,277.57140000000000000000
B,0.56849740000000000000,0.00010725270000000000,1.00018600000000000000,277.57140000000000000000
B,0.73193450000000000000,0.00009501060000000000,1.00018600000000000000,277.57140000000000000000
B,0.50250980000000000000,0.00011602000000000000,1.00018600000000000000,277.57140000000000000000
B,0.68200680000000000000,0.00013064130000000000,1.00018600000000000000,277.57140000000000000000
B,0.46456990000000000000,0.00007685266000000000,0.99955620000000000000,294.16670000000000000000
B,0.67203860000000000000,0.00009896722000000000,0.99955620000000000000,294.16670000000000000000
B,0.47600050000000000000,0.00008252847000000000,1.00026400000000000000,294.16670000000000000000
B,0.51050790000000000000,0.00009727204000000000,0.99971680000000000000,294.16670000000000000000
B,0.48892250000000000000,0.00008221276000000000,0.99955620000000000000,294.16670000000000000000
B,0.46356310000000000000,0.00008227192000000000,0.99955620000000000000,294.16670000000000000000
B,0.50534520000000000000,0.00004622890000000000,1.00189100000000000000,311.33330000000000000000
B,0.64211780000000000000,0.00005852951000000000,0.99968770000000000000,311.33330000000000000000
B,0.50888140000000000000,0.00005668039000000000,1.00058000000000000000,311.33330000000000000000
B,0.66835540000000000000,0.00006103621000000000,1.00091000000000000000,311.33330000000000000000
B,0.44060130000000000000,0.00006011579000000000,0.99968770000000000000,311.33330000000000000000
B,0.53008540000000000000,0.00006324433000000000,0.99968770000000000000,311.33330000000000000000
B,0.40709150000000000000,0.00005512647000000000,0.99700490000000000000,330.16670000000000000000
B,0.44339300000000000000,0.00005352831000000000,0.99700490000000000000,330.16670000000000000000
B,0.55742910000000000000,0.00006332911000000000,0.99821780000000000000,329.16670000000000000000
B,0.47227690000000000000,0.00005379546000000000,0.99952750000000000000,329.16670000000000000000
B,0.45849150000000000000,0.00006778308000000000,0.99821780000000000000,329.16670000000000000000
B,0.34022090000000000000,0.00005474081000000000,0.99926630000000000000,349.80000000000000000000
B,0.67948610000000000000,0.00005627669000000000,0.99926630000000000000,349.80000000000000000000
B,0.34841120000000000000,0.00005580567000000000,0.99926630000000000000,349.80000000000000000000
B,0.54981990000000000000,0.00005567129000000000,0.99988540000000000000,348.80000000000000000000
B,0.54253310000000000000,0.00005760425000000000,1.00060200000000000000,348.80000000000000000000
B,0.55430280000000000000,0.00005707935000000000,0.99988540000000000000,348.80000000000000000000
B,0.38177640000000000000,0.00005741421000000000,1.00042400000000000000,369.20000000000000000000
B,0.42609100000000000000,0.00006446549000000000,1.00042400000000000000,369.20000000000000000000
B,0.40466660000000000000,0.00006843278000000000,1.00042400000000000000,369.20000000000000000000
B,0.46556490000000000000,0.00006109529000000000,1.00042400000000000000,369.20000000000000000000
B,0.29554700000000000000,0.00007259144000000000,1.00110100000000000000,369.20000000000000000000
B,0.43881410000000000000,0.00006049147000000000,1.00042400000000000000,369.20000000000000000000
B,0.35097650000000000000,0.00004549009000000000,0.99767340000000000000,394.00000000000000000000
B,0.47487380000000000000,0.00004301898000000000,0.99989800000000000000,391.80000000000000000000
B,0.39510100000000000000,0.00004709404000000000,0.99862180000000000000,391.80000000000000000000
B,0.48759150000000000000,0.00004462723000000000,0.99989800000000000000,391.80000000000000000000
B,0.42104440000000000000,0.00004385339000000000,0.99989800000000000000,391.80000000000000000000
B,0.44385950000000000000,0.00004363352000000000,0.99989800000000000000,391.80000000000000000000
B,0.32894030000000000000,0.00005149848000000000,1.00131200000000000000,413.00000000000000000000
B,0.49618820000000000000,0.00005097688000000000,1.00131200000000000000,413.00000000000000000000
B,0.35375780000000000000,0.00004921336000000000,1.00131200000000000000,413.00000000000000000000
B,0.38766500000000000000,0.00005033907000000000,1.00131200000000000000,413.00000000000000000000
B,0.37681400000000000000,0.00004853372000000000,1.00131200000000000000,413.00000000000000000000
B,0.30853480000000000000,0.00005538018000000000,1.00131200000000000000,413.00000000000000000000
B,0.37868590000000000000,0.00004953791000000000,0.99933710000000000000,440.00000000000000000000
B,0.44228600000000000000,0.00005421634000000000,1.00190000000000000000,438.50000000000000000000
B,0.28899710000000000000,0.00005877992000000000,0.99933710000000000000,440.00000000000000000000
B,0.26939090000000000000,0.00006973126000000000,1.00190000000000000000,438.50000000000000000000
B,0.27104490000000000000,0.00006106126000000000,0.99933710000000000000,440.00000000000000000000
B,0.31444460000000000000,0.00006395101000000000,1.00190000000000000000,438.50000000000000000000
B,0.23709770000000000000,0.00005175971000000000,0.99977760000000000000,468.25000000000000000000
B,0.32846830000000000000,0.00004817189000000000,0.99767280000000000000,465.50000000000000000000
B,0.25933980000000000000,0.00005664644000000000,0.99767280000000000000,465.50000000000000000000
B,0.32638420000000000000,0.00004854169000000000,0.99968590000000000000,464.25000000000000000000
B,0.29401510000000000000,0.00004997747000000000,0.99767280000000000000,465.50000000000000000000
B,0.28474500000000000000,0.00006365167000000000,0.99856780000000000000,465.50000000000000000000
B,0.27563740000000000000,0.00005148290000000000,0.99978900000000000000,493.75000000000000000000
B,0.30236690000000000000,0.00005437355000000000,0.99875710000000000000,491.66670000000000000000
B,0.28579540000000000000,0.00004424257000000000,0.99780040000000000000,492.50000000000000000000
B,0.33258500000000000000,0.00004556753000000000,0.99753900000000000000,491.00000000000000000000
B,0.37414400000000000000,0.00003921752000000000,0.99627750000000000000,492.50000000000000000000
B,0.26340870000000000000,0.00004491664000000000,0.99780040000000000000,492.50000000000000000000
B,0.26520610000000000000,0.00005381699000000000,1.00021400000000000000,520.33330000000000000000
B,0.52098540000000000000,0.00005107391000000000,0.99616860000000000000,522.00000000000000000000
B,0.29296900000000000000,0.00004797994000000000,1.00000000000000000000,522.00000000000000000000
B,0.31860880000000000000,0.00004981402000000000,1.00000000000000000000,522.00000000000000000000
B,0.30996890000000000000,0.00005043830000000000,1.00021400000000000000,520.33330000000000000000
B,0.33997650000000000000,0.00004993992000000000,1.00021400000000000000,520.33330000000000000000
B,0.31940520000000000000,0.00004741022000000000,0.99949550000000000000,550.66670000000000000000
B,0.36954700000000000000,0.00004558454000000000,0.99949550000000000000,550.66670000000000000000
B,0.32462660000000000000,0.00004921248000000000,0.99949550000000000000,550.66670000000000000000
B,0.38051110000000000000,0.00004462512000000000,0.99949550000000000000,550.66670000000000000000
B,0.26739360000000000000,0.00005280154000000000,0.99949550000000000000,550.66670000000000000000
B,0.35554700000000000000,0.00004481919000000000,1.00010000000000000000,552.66670000000000000000
B,0.29054080000000000000,0.00005047559000000000,1.00018800000000000000,590.33330000000000000000
B,0.27635910000000000000,0.00004847844000000000,0.99763940000000000000,588.33330000000000000000
B,0.20635550000000000000,0.00004944822000000000,0.99952650000000000000,586.66670000000000000000
B,0.26313900000000000000,0.00005081746000000000,0.99952650000000000000,586.66670000000000000000
B,0.25046200000000000000,0.00005140222000000000,0.99952650000000000000,586.66670000000000000000
B,0.25901630000000000000,0.00004533826000000000,0.99952650000000000000,586.66670000000000000000
B,0.22047390000000000000,0.00004360698000000000,0.99964410000000000000,624.33330000000000000000
B,0.28167850000000000000,0.00004268810000000000,0.99964410000000000000,624.33330000000000000000
B,0.22842760000000000000,0.00004467822000000000,0.99964410000000000000,624.33330000000000000000
B,0.24427730000000000000,0.00004320324000000000,0.99787010000000000000,626.00000000000000000000
B,0.20777460000000000000,0.00004544256000000000,0.99787010000000000000,626.00000000000000000000
B,0.27689160000000000000,0.00004211197000000000,0.99964410000000000000,624.33330000000000000000
B,0.13307850000000000000,0.00006304152000000000,1.00000000000000000000,662.00000000000000000000
B,0.25622130000000000000,0.00004585121000000000,0.99713950000000000000,660.33330000000000000000
B,0.22165690000000000000,0.00005276553000000000,1.00016800000000000000,660.33330000000000000000
B,0.22260500000000000000,0.00004953249000000000,0.99713950000000000000,660.33330000000000000000
B,0.22275330000000000000,0.00004322694000000000,0.99915620000000000000,658.33330000000000000000
B,0.15730750000000000000,0.00005083331000000000,0.99789030000000000000,658.33330000000000000000
B,0.13214470000000000000,0.00005878244000000000,0.99964260000000000000,699.50000000000000000000
B,0.11419220000000000000,0.00010000000000000000,1.00000000000000000000,699.00000000000000000000
B,0.15340420000000000000,0.00005641722000000000,0.99964260000000000000,699.50000000000000000000
B,0.13196510000000000000,0.00010000000000000000,1.00000000000000000000,694.00000000000000000000
B,0.18562860000000000000,0.00005657201000000000,0.99784790000000000000,697.00000000000000000000
B,0.15463130000000000000,0.00010000000000000000,1.00000000000000000000,699.00000000000000000000
B,0.14892320000000000000,0.00010000000000000000,1.00000000000000000000,742.00000000000000000000
B,0.12105710000000000000,0.00010000000000000000,1.00000000000000000000,742.00000000000000000000
B,0.13820380000000000000,0.00005526180000000000,1.00135100000000000000,740.00000000000000000000
B,0.17111980000000000000,0.00005529843000000000,1.00135100000000000000,740.00000000000000000000
B,0.15020410000000000000,0.00005558264000000000,1.00135100000000000000,740.00000000000000000000
B,0.16762100000000000000,0.00006192523000000000,1.00135100000000000000,740.00000000000000000000
B,0.15248530000000000000,0.00006100188000000000,0.99778060000000000000,788.50000000000000000000
B,0.15823850000000000000,0.00005932250000000000,1.00158500000000000000,788.50000000000000000000
B,0.16273080000000000000,0.00005458150000000000,0.99778060000000000000,788.50000000000000000000
B,0.09638935000000000000,0.00010000000000000000,1.00000000000000000000,785.00000000000000000000
B,0.14999880000000000000,0.00005782120000000000,0.99778060000000000000,788.50000000000000000000
B,0.14665560000000000000,0.00005411862000000000,0.99849670000000000000,831.50000000000000000000
B,0.10224570000000000000,0.00010000000000000000,1.00000000000000000000,829.00000000000000000000
B,0.12250910000000000000,0.00005503775000000000,1.00000000000000000000,829.00000000000000000000
B,0.11426660000000000000,0.00006242569000000000,0.99849670000000000000,831.50000000000000000000
B,0.14051680000000000000,0.00005619336000000000,0.99849670000000000000,831.50000000000000000000
B,0.14422230000000000000,0.00005807847000000000,0.99849670000000000000,831.50000000000000000000
B,0.16049540000000000000,0.00005692574000000000,1.00113600000000000000,880.00000000000000000000
B,0.17522320000000000000,0.00005803210000000000,0.99971670000000000000,882.50000000000000000000
B,0.14307870000000000000,0.00005737923000000000,1.00113600000000000000,880.00000000000000000000
B,0.12483890000000000000,0.00006015833000000000,0.99971670000000000000,882.50000000000000000000
B,0.11260370000000000000,0.00006024456000000000,0.99971670000000000000,882.50000000000000000000
B,0.16664320000000000000,0.00006429120000000000,1.00113600000000000000,880.00000000000000000000
B,0.14140900000000000000,0.00005563454000000000,1.00000000000000000000,931.00000000000000000000
B,0.11104820000000000000,0.00005962358000000000,1.00000000000000000000,931.00000000000000000000
B,0.10968110000000000000,0.00005634288000000000,1.00000000000000000000,931.00000000000000000000
B,0.11050390000000000000,0.00005912988000000000,1.00000000000000000000,931.00000000000000000000
B,0.16239570000000000000,0.00005750345000000000,1.00134600000000000000,928.50000000000000000000
B,0.12072160000000000000,0.00005934722000000000,1.00000000000000000000,931.00000000000000000000
B,0.11413430000000000000,0.00005856702000000000,1.00126600000000000000,987.50000000000000000000
B,0.11029000000000000000,0.00006334336000000000,1.00126600000000000000,987.50000000000000000000
B,0.08762117000000000000,0.00006523914000000000,0.99873420000000000000,987.50000000000000000000
B,0.11198200000000000000,0.00006660157000000000,0.99873420000000000000,987.50000000000000000000
B,0.10014410000000000000,0.00005824851000000000,0.99974760000000000000,990.50000000000000000000
B,0.07980339000000000000,0.00006236915000000000,0.99974760000000000000,990.50000000000000000000
B,0.71860490000000000000,0.00006874617000000000,0.99909650000000000000,246.87500000000000000000
B,0.74152230000000000000,0.00007424553000000000,0.99908790000000000000,246.87500000000000000000
B,0.66188450000000000000,0.00007707178000000000,0.99908790000000000000,246.87500000000000000000
B,0.68629780000000000000,0.00007528378000000000,0.99908790000000000000,246.87500000000000000000
B,0.75172750000000000000,0.00007395448000000000,0.99908790000000000000,246.87500000000000000000
B,0.64766400000000000000,0.00008234679000000000,0.99908790000000000000,246.87500000000000000000
B,0.57726250000000000000,0.00011289540000000000,1.00022300000000000000,261.83330000000000000000
B,0.41734890000000000000,0.00013444810000000000,1.00115900000000000000,261.60000000000000000000
B,0.90424610000000000000,0.00007441347000000000,1.00480200000000000000,262.14290000000000000000
B,0.52766920000000000000,0.00010833040000000000,1.00115900000000000000,261.60000000000000000000
B,0.45308950000000000000,0.00010151110000000000,0.99923860000000000000,262.14290000000000000000
B,0.48406200000000000000,0.00009884605000000000,0.99923860000000000000,262.14290000000000000000
B,0.48304470000000000000,0.00009919223000000000,0.99923860000000000000,262.14290000000000000000
B,0.48651940000000000000,0.00009442904000000000,0.99840130000000000000,278.28570000000000000000
B,0.45499850000000000000,0.00010689300000000000,1.00044600000000000000,277.57140000000000000000
B,0.62018320000000000000,0.00010592380000000000,1.00017400000000000000,277.57140000000000000000
B,0.51074200000000000000,0.00011103250000000000,0.99744370000000000000,277.57140000000000000000
B,0.55313330000000000000,0.00009413034000000000,0.99708590000000000000,277.57140000000000000000
B,0.52730500000000000000,0.00009429770000000000,0.99965920000000000000,277.57140000000000000000
B,0.39441650000000000000,0.00011566350000000000,0.99663040000000000000,293.80000000000000000000
B,0.52476220000000000000,0.00009871401000000000,0.99794510000000000000,293.33330000000000000000
B,0.51994850000000000000,0.00010141370000000000,0.99789770000000000000,293.33330000000000000000
B,0.52288630000000000000,0.00010574430000000000,0.99789770000000000000,293.33330000000000000000
B,0.50696160000000000000,0.00011037420000000000,0.99789770000000000000,293.33330000000000000000
B,0.53864780000000000000,0.00009334549000000000,1.00192200000000000000,293.33330000000000000000
B,0.53129380000000000000,0.00006015685000000000,0.99968770000000000000,311.33330000000000000000
B,0.43784640000000000000,0.00006279314000000000,0.99968770000000000000,311.33330000000000000000
B,0.45594320000000000000,0.00007116505000000000,0.99823340000000000000,311.33330000000000000000
B,0.44687100000000000000,0.00007142135000000000,0.99823340000000000000,311.33330000000000000000
B,0.65046290000000000000,0.00007029060000000000,0.99823340000000000000,311.33330000000000000000
B,0.50725010000000000000,0.00005831671000000000,0.99968770000000000000,311.33330000000000000000
B,0.48250700000000000000,0.00005137526000000000,0.99952750000000000000,329.16670000000000000000
B,0.47060240000000000000,0.00005327319000000000,0.99952750000000000000,329.16670000000000000000
B,0.54299010000000000000,0.00005327417000000000,0.99868360000000000000,329.16670000000000000000
B,0.53156370000000000000,0.00005103067000000000,0.99952750000000000000,329.16670000000000000000
B,0.54260210000000000000,0.00005009913000000000,0.99952750000000000000,329.16670000000000000000
B,0.47730960000000000000,0.00005996032000000000,0.99700490000000000000,330.16670000000000000000
B,0.48204320000000000000,0.00005828002000000000,1.00007200000000000000,348.80000000000000000000
B,0.54693510000000000000,0.00005724387000000000,0.99988540000000000000,348.80000000000000000000
B,0.45619190000000000000,0.00005439649000000000,0.99988540000000000000,348.80000000000000000000
B,0.50870750000000000000,0.00005682072000000000,0.99988540000000000000,348.80000000000000000000
B,0.45596520000000000000,0.00005838297000000000,0.99988540000000000000,348.80000000000000000000
B,0.45091280000000000000,0.00005432523000000000,0.99988540000000000000,348.80000000000000000000
B,0.54471960000000000000,0.00006955169000000000,1.00042400000000000000,369.20000000000000000000
B,0.40169140000000000000,0.00006271718000000000,1.00042400000000000000,369.20000000000000000000
B,0.50663410000000000000,0.00008009938000000000,1.00042400000000000000,369.20000000000000000000
B,0.41248460000000000000,0.00006542859000000000,1.00083500000000000000,369.20000000000000000000
B,0.51921920000000000000,0.00008046516000000000,1.00042400000000000000,369.20000000000000000000
B,0.43483990000000000000,0.00007078639000000000,1.00042400000000000000,369.20000000000000000000
B,0.74260180000000000000,0.00004863118000000000,0.99989800000000000000,391.80000000000000000000
B,0.35639910000000000000,0.00008207577000000000,0.99611910000000000000,390.80000000000000000000
B,0.42025060000000000000,0.00005148296000000000,1.00066500000000000000,390.80000000000000000000
B,0.39847110000000000000,0.00007990104000000000,1.00038400000000000000,390.80000000000000000000
B,0.49915090000000000000,0.00006050432000000000,0.99862180000000000000,391.80000000000000000000
B,0.37739410000000000000,0.00005048504000000000,0.99862180000000000000,391.80000000000000000000
B,0.48265360000000000000,0.00028721610000000000,0.99296340000000000000,414.50000000000000000000
B,0.36935750000000000000,0.00004933871000000000,0.99734410000000000000,415.75000000000000000000
B,0.29021160000000000000,0.00006267522000000000,0.99986580000000000000,414.33330000000000000000
B,0.43263720000000000000,0.00005475819000000000,0.99959790000000000000,414.50000000000000000000
B,0.34660090000000000000,0.00005110871000000000,0.99959790000000000000,414.50000000000000000000
B,0.42785490000000000000,0.00005616276000000000,0.99959790000000000000,414.50000000000000000000
B,0.29797070000000000000,0.00005831464000000000,0.99962120000000000000,440.00000000000000000000
B,0.44570950000000000000,0.00004913453000000000,0.99933710000000000000,440.00000000000000000000
B,0.47237080000000000000,0.00004344656000000000,0.99933710000000000000,440.00000000000000000000
B,0.37638030000000000000,0.00005588609000000000,0.99933710000000000000,440.00000000000000000000
B,0.37116380000000000000,0.00004830967000000000,0.99933710000000000000,440.00000000000000000000
B,0.42482910000000000000,0.00004586695000000000,0.99933710000000000000,440.00000000000000000000
B,0.32058360000000000000,0.00004947914000000000,0.99767280000000000000,465.50000000000000000000
B,0.47576790000000000000,0.00004519222000000000,0.99767280000000000000,465.50000000000000000000
B,0.28017440000000000000,0.00005634498000000000,0.99767280000000000000,465.50000000000000000000
B,0.42768120000000000000,0.00004799816000000000,0.99767280000000000000,465.50000000000000000000
B,0.29468530000000000000,0.00005753299000000000,0.99767280000000000000,465.50000000000000000000
B,0.38909670000000000000,0.00005760526000000000,0.99937550000000000000,467.00000000000000000000
B,0.28467220000000000000,0.00004666365000000000,0.99978900000000000000,493.75000000000000000000
B,0.41840960000000000000,0.00004341144000000000,0.99978900000000000000,493.75000000000000000000
B,0.23896630000000000000,0.00005401779000000000,0.99978900000000000000,493.75000000000000000000
B,0.37977170000000000000,0.00004634355000000000,0.99978900000000000000,493.75000000000000000000
B,0.27992550000000000000,0.00004949503000000000,0.99978900000000000000,493.75000000000000000000
B,0.40546630000000000000,0.00004857225000000000,0.99864640000000000000,492.50000000000000000000
B,0.23554010000000000000,0.00006081557000000000,0.99946950000000000000,523.66670000000000000000
B,0.30977340000000000000,0.00004659476000000000,0.99787830000000000000,523.66670000000000000000
B,0.26240090000000000000,0.00004725905000000000,1.00000000000000000000,522.00000000000000000000
B,0.28108330000000000000,0.00004906605000000000,1.00000000000000000000,522.00000000000000000000
B,0.26576220000000000000,0.00004813094000000000,1.00000000000000000000,522.00000000000000000000
B,0.26074070000000000000,0.00006591616000000000,1.00010600000000000000,525.66670000000000000000
B,0.17661980000000000000,0.00005674977000000000,0.99959920000000000000,554.33330000000000000000
B,0.34476180000000000000,0.00004403890000000000,0.99959920000000000000,554.33330000000000000000
B,0.28312110000000000000,0.00004646411000000000,0.99959920000000000000,554.33330000000000000000
B,0.25602580000000000000,0.00005004734000000000,0.99959920000000000000,554.33330000000000000000
B,0.24867680000000000000,0.00004873105000000000,0.99959920000000000000,554.33330000000000000000
B,0.25678150000000000000,0.00005485297000000000,0.99959920000000000000,554.33330000000000000000
B,0.19664020000000000000,0.00005408403000000000,1.00038000000000000000,584.66670000000000000000
B,0.30242780000000000000,0.00004262471000000000,0.99952650000000000000,586.66670000000000000000
B,0.20675790000000000000,0.00005537095000000000,1.00038000000000000000,584.66670000000000000000
B,0.18935660000000000000,0.00004925484000000000,0.99952650000000000000,586.66670000000000000000
B,0.16608620000000000000,0.00005430104000000000,0.99952650000000000000,586.66670000000000000000
B,0.17170320000000000000,0.00005455030000000000,0.99952650000000000000,586.66670000000000000000
B,0.14733490000000000000,0.00007106412000000000,1.00008900000000000000,622.66670000000000000000
B,0.13959130000000000000,0.00006447816000000000,1.00008900000000000000,622.66670000000000000000
B,0.20310850000000000000,0.00005541636000000000,0.99741250000000000000,622.66670000000000000000
B,0.18987860000000000000,0.00006150462000000000,0.99741250000000000000,622.66670000000000000000
B,0.20339940000000000000,0.00005911311000000000,0.99741250000000000000,622.66670000000000000000
B,0.20583760000000000000,0.00006041087000000000,0.99741250000000000000,622.66670000000000000000
B,0.21833880000000000000,0.00004704648000000000,1.00033900000000000000,654.66670000000000000000
B,0.27328980000000000000,0.00005961182000000000,1.00418900000000000000,656.50000000000000000000
B,0.19468800000000000000,0.00006062393000000000,1.00000000000000000000,662.00000000000000000000
B,0.16153870000000000000,0.00005222033000000000,1.00016800000000000000,660.33330000000000000000
B,0.14341410000000000000,0.00005554239000000000,0.99789030000000000000,658.33330000000000000000
B,0.18363960000000000000,0.00005082926000000000,1.00016800000000000000,660.33330000000000000000
B,0.14950020000000000000,0.00005990376000000000,0.99964260000000000000,699.50000000000000000000
B,0.10840560000000000000,0.00006813194000000000,0.99964260000000000000,699.50000000000000000000
B,0.12766770000000000000,0.00010000000000000000,1.00000000000000000000,699.00000000000000000000
B,0.13087050000000000000,0.00006019077000000000,0.99964260000000000000,699.50000000000000000000
B,0.14980360000000000000,0.00006130149000000000,0.99964260000000000000,699.50000000000000000000
B,0.14157970000000000000,0.00006072461000000000,0.99750890000000000000,702.50000000000000000000
B,0.14572890000000000000,0.00005839071000000000,0.99966330000000000000,742.50000000000000000000
B,0.12022990000000000000,0.00006075901000000000,0.99966330000000000000,742.50000000000000000000
B,0.10634920000000000000,0.00005947936000000000,0.99968170000000000000,785.50000000000000000000
B,0.16247930000000000000,0.00005955878000000000,1.00127700000000000000,783.00000000000000000000
B,0.16719270000000000000,0.00005634956000000000,1.00127700000000000000,783.00000000000000000000
B,0.10460050000000000000,0.00010000000000000000,1.00000000000000000000,785.00000000000000000000
B,0.09654571000000000000,0.00010000000000000000,1.00000000000000000000,785.00000000000000000000
B,0.10492310000000000000,0.00010000000000000000,1.00000000000000000000,785.00000000000000000000
B,0.07589244000000000000,0.00010000000000000000,1.00000000000000000000,834.00000000000000000000
B,0.12808260000000000000,0.00006568147000000000,0.99849670000000000000,831.50000000000000000000
B,0.12320260000000000000,0.00005571930000000000,1.00000000000000000000,829.00000000000000000000
B,0.11157330000000000000,0.00006133028000000000,0.99849670000000000000,831.50000000000000000000
B,0.16200760000000000000,0.00005906045000000000,1.00150300000000000000,831.50000000000000000000
B,0.10090420000000000000,0.00005993957000000000,1.00000000000000000000,829.00000000000000000000
B,0.11086440000000000000,0.00005730576000000000,0.99971670000000000000,882.50000000000000000000
B,0.12820520000000000000,0.00006711029000000000,0.99829540000000000000,880.00000000000000000000
B,0.13191010000000000000,0.00005928519000000000,1.00113600000000000000,880.00000000000000000000
B,0.10464770000000000000,0.00006627641000000000,0.99971670000000000000,882.50000000000000000000
B,0.13583250000000000000,0.00006467717000000000,0.99829540000000000000,880.00000000000000000000
B,0.12526380000000000000,0.00006377676000000000,0.99829540000000000000,880.00000000000000000000
B,0.09234286000000000000,0.00005848707000000000,1.00000000000000000000,931.00000000000000000000
B,0.09117670000000000000,0.00006246321000000000,1.00134600000000000000,928.50000000000000000000
B,0.10461070000000000000,0.00006149894000000000,1.00134600000000000000,928.50000000000000000000
B,0.17554040000000000000,0.00006141690000000000,1.00134600000000000000,928.50000000000000000000
B,0.09800937000000000000,0.00006358083000000000,1.00134600000000000000,928.50000000000000000000
B,0.07925308000000000000,0.00007021376000000000,0.99873420000000000000,987.50000000000000000000
B,0.09007031000000000000,0.00006188308000000000,1.00126600000000000000,987.50000000000000000000
B,0.08142386000000000000,0.00006540998000000000,1.00126600000000000000,987.50000000000000000000
B,0.08888962000000000000,0.00006723204000000000,0.99873420000000000000,987.50000000000000000000
B,0.09946335000000000000,0.00006838444000000000,0.99873420000000000000,987.50000000000000000000
B,0.08396061000000000000,0.00006651280000000000,0.99873420000000000000,987.50000000000000000000
D,0.87303720000000000000,0.00010480040000000000,0.99556930000000000000,147.50000000000000000000
D,0.80065950000000000000,0.00010812760000000000,0.99635140000000000000,147.50000000000000000000
D,0.78488750000000000000,0.00010515170000000000,0.99556930000000000000,147.50000000000000000000
D,0.70568110000000000000,0.00011308900000000000,0.99556930000000000000,147.50000000000000000000
D,0.84178500000000000000,0.00011494380000000000,0.99711470000000000000,147.11110000000000000000
D,0.81371250000000000000,0.00010470700000000000,0.99870910000000000000,146.90000000000000000000
D,0.91335360000000000000,0.00008801129000000000,1.00090900000000000000,155.44440000000000000000
D,1.14855100000000000000,0.00007571380000000000,0.99782100000000000000,156.11110000000000000000
D,1.15565100000000000000,0.00007345089000000000,1.00090900000000000000,155.44440000000000000000
D,0.84307000000000000000,0.00008362740000000000,0.99710920000000000000,156.11110000000000000000
D,0.98035470000000000000,0.00007346823000000000,1.00090900000000000000,155.44440000000000000000
D,1.02686500000000000000,0.00007308536000000000,1.00090900000000000000,155.44440000000000000000
D,0.71579650000000000000,0.00008274242000000000,0.99908130000000000000,165.00000000000000000000
D,0.82700730000000000000,0.00007787559000000000,0.99860030000000000000,165.00000000000000000000
D,0.82966250000000000000,0.00010090770000000000,1.00006200000000000000,164.75000000000000000000
D,0.87574490000000000000,0.00008749538000000000,0.99860030000000000000,165.00000000000000000000
D,0.98382840000000000000,0.00011066890000000000,0.99994040000000000000,164.75000000000000000000
D,0.87622200000000000000,0.00008895199000000000,0.99994040000000000000,164.75000000000000000000
D,0.65484720000000000000,0.00009320953000000000,0.99637580000000000000,174.87500000000000000000
D,0.67703110000000000000,0.00009188602000000000,0.99637580000000000000,174.87500000000000000000
D,0.71266370000000000000,0.00009891206000000000,0.99833690000000000000,174.25000000000000000000
D,0.80109180000000000000,0.00008541223000000000,0.99800680000000000000,174.25000000000000000000
D,0.83487750000000000000,0.00008630276000000000,0.99578020000000000000,174.87500000000000000000
D,0.57551530000000000000,0.00009879090000000000,0.99637580000000000000,174.87500000000000000000
D,0.65161960000000000000,0.00008034781000000000,0.99642940000000000000,185.28570000000000000000
D,0.71278560000000000000,0.00007761067000000000,0.99642940000000000000,185.28570000000000000000
D,0.74365230000000000000,0.00007961188000000000,0.99642940000000000000,185.28570000000000000000
D,0.77881530000000000000,0.00006815109000000000,0.99764320000000000000,185.00000000000000000000
D,0.84092630000000000000,0.00005215725000000000,0.99632500000000000000,184.77780000000000000000
D,0.71116780000000000000,0.00007040390000000000,1.00039600000000000000,184.42860000000000000000
D,0.59982370000000000000,0.00006012766000000000,0.99570870000000000000,196.37500000000000000000
D,0.68273850000000000000,0.00008913143000000000,0.99798240000000000000,195.50000000000000000000
D,0.53571460000000000000,0.00006962477000000000,0.99608840000000000000,196.00000000000000000000
D,0.69208240000000000000,0.00007377943000000000,0.99717810000000000000,195.75000000000000000000
D,0.55365410000000000000,0.00007879949000000000,0.99798240000000000000,195.50000000000000000000
D,0.76586770000000000000,0.00006217788000000000,0.99717810000000000000,195.75000000000000000000
D,0.66812090000000000000,0.00005599339000000000,0.99512830000000000000,207.57140000000000000000
D,0.93515690000000000000,0.00006190843000000000,0.99645010000000000000,207.25000000000000000000
D,0.65940670000000000000,0.00006234957000000000,0.99625900000000000000,207.16670000000000000000
D,0.79154630000000000000,0.00005992312000000000,0.99807120000000000000,206.85710000000000000000
D,0.56071720000000000000,0.00006928042000000000,0.99625900000000000000,207.16670000000000000000
D,0.71420400000000000000,0.00006646252000000000,0.99645010000000000000,207.25000000000000000000
D,0.57230140000000000000,0.00004401414000000000,1.00102800000000000000,218.83330000000000000000
D,0.57525490000000000000,0.00004868789000000000,1.00102800000000000000,218.83330000000000000000
D,0.53666160000000000000,0.00004743192000000000,1.00102800000000000000,218.83330000000000000000
D,0.48232070000000000000,0.00005114047000000000,1.00011400000000000000,218.83330000000000000000
D,0.74908350000000000000,0.00003873003000000000,0.99888710000000000000,219.14290000000000000000
D,0.60891010000000000000,0.00004077439000000000,0.99966940000000000000,219.14290000000000000000
D,0.54263450000000000000,0.00004067157000000000,0.99593760000000000000,233.16670000000000000000
D,0.63469150000000000000,0.00004725826000000000,0.99593760000000000000,233.16670000000000000000
D,0.45768540000000000000,0.00004455876000000000,0.99808200000000000000,233.16670000000000000000
D,0.51553160000000000000,0.00004425080000000000,0.99593760000000000000,233.16670000000000000000
D,0.78288250000000000000,0.00004156046000000000,0.99771640000000000000,232.33330000000000000000
D,0.56028470000000000000,0.00004268648000000000,0.99593760000000000000,233.16670000000000000000
D,0.58245460000000000000,0.00004071260000000000,0.99834500000000000000,246.00000000000000000000
D,0.54680670000000000000,0.00004275699000000000,0.99976270000000000000,245.83330000000000000000
D,0.61520720000000000000,0.00004450394000000000,0.99976270000000000000,245.83330000000000000000
D,0.47024560000000000000,0.00005015869000000000,0.99822790000000000000,246.40000000000000000000
D,0.50902550000000000000,0.00004674916000000000,0.99762390000000000000,246.66670000000000000000
D,0.36114800000000000000,0.00005151848000000000,0.99822790000000000000,246.40000000000000000000
D,0.36680490000000000000,0.00005119401000000000,0.99706260000000000000,261.00000000000000000000
D,0.57658230000000000000,0.00005052255000000000,0.99706260000000000000,261.00000000000000000000
D,0.25176290000000000000,0.00007000711000000000,0.99782890000000000000,261.00000000000000000000
D,0.69962900000000000000,0.00005680495000000000,0.99706260000000000000,261.00000000000000000000
D,0.49715060000000000000,0.00005007847000000000,0.99782890000000000000,261.00000000000000000000
D,0.55888220000000000000,0.00005574388000000000,0.99877120000000000000,260.40000000000000000000
D,0.58459570000000000000,0.00004273359000000000,0.99939280000000000000,274.50000000000000000000
D,1.64088900000000000000,0.00003937848000000000,0.99723020000000000000,275.60000000000000000000
D,0.50304190000000000000,0.00003813032000000000,0.99548650000000000000,276.33330000000000000000
D,1.26333000000000000000,0.00004881934000000000,0.99599580000000000000,275.75000000000000000000
D,0.39247780000000000000,0.00004499460000000000,0.99548650000000000000,276.33330000000000000000
D,0.37056590000000000000,0.00004648375000000000,0.99768690000000000000,275.60000000000000000000
D,0.29967020000000000000,0.00006009912000000000,0.99549580000000000000,293.80000000000000000000
D,0.30122340000000000000,0.00006372503000000000,0.99623470000000000000,293.25000000000000000000
D,0.41588100000000000000,0.00004990214000000000,0.99623470000000000000,293.25000000000000000000
D,0.44576870000000000000,0.00005001629000000000,0.99942920000000000000,292.00000000000000000000
D,0.53895340000000000000,0.00005113494000000000,0.99623470000000000000,293.25000000000000000000
D,0.49311930000000000000,0.00004754428000000000,0.99623470000000000000,293.25000000000000000000
D,0.46512180000000000000,0.00003826564000000000,0.99730310000000000000,309.00000000000000000000
D,0.62027780000000000000,0.00004810092000000000,0.99623050000000000000,309.50000000000000000000
D,0.39895380000000000000,0.00005176685000000000,0.99623050000000000000,309.50000000000000000000
D,0.34410170000000000000,0.00005685185000000000,0.99623050000000000000,309.50000000000000000000
D,0.61585780000000000000,0.00003867108000000000,1.00086000000000000000,310.00000000000000000000
D,0.57655320000000000000,0.00003886803000000000,0.99569890000000000000,310.00000000000000000000
D,0.41735370000000000000,0.00005457294000000000,0.99898990000000000000,330.00000000000000000000
D,0.31933680000000000000,0.00004227364000000000,0.99810310000000000000,329.50000000000000000000
D,0.60763140000000000000,0.00003954314000000000,0.99810310000000000000,329.50000000000000000000
D,0.41678270000000000000,0.00004105827000000000,0.99810310000000000000,329.50000000000000000000
D,0.51490530000000000000,0.00004373577000000000,0.99810310000000000000,329.50000000000000000000
D,0.42461600000000000000,0.00004057356000000000,0.99683860000000000000,329.50000000000000000000
D,0.29575560000000000000,0.00004875376000000000,0.99892400000000000000,348.50000000000000000000
D,0.36166880000000000000,0.00006901896000000000,1.00143700000000000000,348.00000000000000000000
D,0.26715190000000000000,0.00004874144000000000,0.99892400000000000000,348.50000000000000000000
D,0.47280230000000000000,0.00005329350000000000,1.00000000000000000000,348.00000000000000000000
D,0.41262490000000000000,0.00005442250000000000,1.00000000000000000000,348.00000000000000000000
D,0.34799590000000000000,0.00005348137000000000,1.00216100000000000000,347.00000000000000000000
D,0.30761440000000000000,0.00004021631000000000,0.99921170000000000000,370.00000000000000000000
D,0.28152870000000000000,0.00004872839000000000,1.00075200000000000000,369.33330000000000000000
D,0.33453220000000000000,0.00004798128000000000,1.00075200000000000000,369.33330000000000000000
D,0.32969140000000000000,0.00004735679000000000,1.00075200000000000000,369.33330000000000000000
D,0.32406020000000000000,0.00005733619000000000,1.00075200000000000000,369.33330000000000000000
D,0.29798760000000000000,0.00004946172000000000,1.00075200000000000000,369.33330000000000000000
D,0.29166700000000000000,0.00003847124000000000,0.99904220000000000000,391.50000000000000000000
D,0.32782420000000000000,0.00004030445000000000,0.99904220000000000000,391.50000000000000000000
D,0.26719640000000000000,0.00004460397000000000,1.00000000000000000000,391.00000000000000000000
D,0.32162620000000000000,0.00005300769000000000,1.00000000000000000000,391.00000000000000000000
D,0.23858020000000000000,0.00004522624000000000,0.99717040000000000000,392.66670000000000000000
D,0.30114690000000000000,0.00003969602000000000,0.99904220000000000000,391.50000000000000000000
D,0.22677390000000000000,0.00004159887000000000,0.99910400000000000000,418.50000000000000000000
D,0.32445300000000000000,0.00004659309000000000,0.99919870000000000000,416.00000000000000000000
D,0.29903600000000000000,0.00004725688000000000,0.99919870000000000000,416.00000000000000000000
D,0.20740240000000000000,0.00006497629000000000,0.99759610000000000000,416.00000000000000000000
D,0.32087220000000000000,0.00004730561000000000,1.00000000000000000000,418.00000000000000000000
D,0.21210820000000000000,0.00006502571000000000,0.99759610000000000000,416.00000000000000000000
D,0.24115120000000000000,0.00004424597000000000,1.00063200000000000000,439.33330000000000000000
D,0.25841270000000000000,0.00004632007000000000,1.00252900000000000000,439.33330000000000000000
D,0.22558600000000000000,0.00004403168000000000,0.99949650000000000000,441.33330000000000000000
D,0.23032540000000000000,0.00006361784000000000,1.00000000000000000000,441.00000000000000000000
D,0.28696510000000000000,0.00004202954000000000,0.99949650000000000000,441.33330000000000000000
D,0.27975360000000000000,0.00004668592000000000,1.00063200000000000000,439.33330000000000000000
D,0.28268170000000000000,0.00004806572000000000,1.00059600000000000000,466.33330000000000000000
D,0.25965420000000000000,0.00004800154000000000,1.00059600000000000000,466.33330000000000000000
D,0.32455070000000000000,0.00004643905000000000,1.00059600000000000000,466.33330000000000000000
D,0.28972930000000000000,0.00004645060000000000,0.99952550000000000000,468.33330000000000000000
D,0.17789540000000000000,0.00005824332000000000,0.99964420000000000000,468.33330000000000000000
D,0.19033830000000000000,0.00006127700000000000,0.99964420000000000000,468.33330000000000000000
D,0.21972370000000000000,0.00004297290000000000,0.99731730000000000000,497.00000000000000000000
D,0.24345640000000000000,0.00004516216000000000,1.00000000000000000000,495.00000000000000000000
D,0.19450970000000000000,0.00004588320000000000,1.00056300000000000000,493.33330000000000000000
D,0.15589970000000000000,0.00005250093000000000,1.00000000000000000000,495.00000000000000000000
D,0.17119600000000000000,0.00006263265000000000,1.00000000000000000000,495.00000000000000000000
D,0.18286570000000000000,0.00004629594000000000,1.00225200000000000000,493.33330000000000000000
D,0.12703250000000000000,0.00006471179000000000,1.00000000000000000000,522.00000000000000000000
D,0.13141570000000000000,0.00006977787000000000,1.00000000000000000000,522.00000000000000000000
D,0.14399810000000000000,0.00005256058000000000,0.99693510000000000000,525.66670000000000000000
D,0.17608850000000000000,0.00005267896000000000,0.99946950000000000000,523.66670000000000000000
D,0.17403260000000000000,0.00004813867000000000,0.99946950000000000000,523.66670000000000000000
D,0.15491100000000000000,0.00007689327000000000,0.99761680000000000000,524.50000000000000000000
D,0.14859810000000000000,0.00006790046000000000,1.00226700000000000000,551.50000000000000000000
D,0.13962490000000000000,0.00005606143000000000,0.99760190000000000000,556.00000000000000000000
D,0.12965100000000000000,0.00005130211000000000,0.99959920000000000000,554.33330000000000000000
D,0.18877370000000000000,0.00004023025000000000,0.99959920000000000000,554.33330000000000000000
D,0.20487400000000000000,0.00005598249000000000,1.00000000000000000000,554.00000000000000000000
D,0.10873170000000000000,0.00007117382000000000,1.00000000000000000000,554.00000000000000000000
D,0.09948166000000000000,0.00006782535000000000,0.99745330000000000000,589.00000000000000000000
D,0.13676200000000000000,0.00007479708000000000,0.99745330000000000000,589.00000000000000000000
D,0.11161230000000000000,0.00006929132000000000,0.99745330000000000000,589.00000000000000000000
D,0.18412490000000000000,0.00007509711000000000,0.99745330000000000000,589.00000000000000000000
D,0.10291380000000000000,0.00007205401000000000,0.99745330000000000000,589.00000000000000000000
D,0.13264980000000000000,0.00007012062000000000,1.00254700000000000000,589.00000000000000000000
D,0.72976180000000000000,0.00008472929000000000,0.99735130000000000000,147.11110000000000000000
D,0.94440720000000000000,0.00009960208000000000,0.99870910000000000000,146.90000000000000000000
D,0.76549120000000000000,0.00009884469000000000,0.99870910000000000000,146.90000000000000000000
D,0.76190570000000000000,0.00009753108000000000,0.99870910000000000000,146.90000000000000000000
D,0.81365220000000000000,0.00009732127000000000,0.99870910000000000000,146.90000000000000000000
D,0.78004100000000000000,0.00010093810000000000,0.99870910000000000000,146.90000000000000000000
D,1.25962400000000000000,0.00006784008000000000,1.00090900000000000000,155.44440000000000000000
D,1.13614900000000000000,0.00007078007000000000,1.00001600000000000000,155.44440000000000000000
D,1.09532400000000000000,0.00007031364000000000,1.00001600000000000000,155.44440000000000000000
D,1.07430900000000000000,0.00006800472000000000,1.00001600000000000000,155.44440000000000000000
D,0.98038590000000000000,0.00007245435000000000,1.00037500000000000000,155.44440000000000000000
D,0.98301680000000000000,0.00007147411000000000,1.00037500000000000000,155.44440000000000000000
D,0.93560730000000000000,0.00007872374000000000,0.99860030000000000000,165.00000000000000000000
D,0.79339860000000000000,0.00007932264000000000,0.99860030000000000000,165.00000000000000000000
D,0.74472400000000000000,0.00007914037000000000,0.99860030000000000000,165.00000000000000000000
D,0.93046840000000000000,0.00008629697000000000,0.99994040000000000000,164.75000000000000000000
D,1.03455300000000000000,0.00009317017000000000,0.99994040000000000000,164.75000000000000000000
D,0.82569270000000000000,0.00008512526000000000,0.99994040000000000000,164.75000000000000000000
D,0.92605940000000000000,0.00007826781000000000,0.99800680000000000000,174.25000000000000000000
D,0.73089980000000000000,0.00008911294000000000,0.99588500000000000000,174.57140000000000000000
D,0.76486780000000000000,0.00008948811000000000,0.99588500000000000000,174.57140000000000000000
D,0.77202310000000000000,0.00007466687000000000,0.99800680000000000000,174.25000000000000000000
D,0.99128940000000000000,0.00007218273000000000,0.99800680000000000000,174.25000000000000000000
D,0.72501180000000000000,0.00008393468000000000,0.99588500000000000000,174.57140000000000000000
D,0.77800280000000000000,0.00005212619000000000,0.99632500000000000000,184.77780000000000000000
D,0.68210870000000000000,0.00007077802000000000,0.99788560000000000000,185.00000000000000000000
D,0.99260020000000000000,0.00005911943000000000,0.99764320000000000000,185.00000000000000000000
D,0.78157510000000000000,0.00006334787000000000,0.99962190000000000000,184.42860000000000000000
D,0.95115140000000000000,0.00005550344000000000,0.99527830000000000000,185.00000000000000000000
D,0.76367860000000000000,0.00005775060000000000,0.99696750000000000000,185.00000000000000000000
D,0.80692680000000000000,0.00005668989000000000,0.99586440000000000000,195.55560000000000000000
D,0.75796990000000000000,0.00005365491000000000,0.99847760000000000000,195.28570000000000000000
D,0.91129550000000000000,0.00006222810000000000,0.99712990000000000000,195.50000000000000000000
D,0.66348080000000000000,0.00005893424000000000,0.99717810000000000000,195.75000000000000000000
D,0.90207920000000000000,0.00005843769000000000,0.99644830000000000000,195.75000000000000000000
D,0.60239110000000000000,0.00006040049000000000,0.99717810000000000000,195.75000000000000000000
D,0.81828600000000000000,0.00006113621000000000,0.99512830000000000000,207.57140000000000000000
D,0.59612630000000000000,0.00007244101000000000,0.99625900000000000000,207.16670000000000000000
D,1.38758400000000000000,0.00004470189000000000,0.99505230000000000000,207.16670000000000000000
D,0.73752460000000000000,0.00007501667000000000,0.99625900000000000000,207.16670000000000000000
D,0.82625040000000000000,0.00006112991000000000,0.99512830000000000000,207.57140000000000000000
D,0.67913660000000000000,0.00006960330000000000,0.99625900000000000000,207.16670000000000000000
D,0.68817250000000000000,0.00004620168000000000,0.99846880000000000000,219.25000000000000000000
D,0.57336380000000000000,0.00004950727000000000,1.00102800000000000000,218.83330000000000000000
D,0.90498020000000000000,0.00006834359000000000,0.99984970000000000000,219.14290000000000000000
D,0.55447070000000000000,0.00004527781000000000,0.99786290000000000000,219.66670000000000000000
D,0.86088940000000000000,0.00004931120000000000,0.99742720000000000000,219.85710000000000000000
D,0.62313960000000000000,0.00004118045000000000,0.99786290000000000000,219.66670000000000000000
D,0.67744150000000000000,0.00004168173000000000,0.99771640000000000000,232.33330000000000000000
D,0.43547550000000000000,0.00005288888000000000,0.99697360000000000000,232.40000000000000000000
D,0.71143020000000000000,0.00003992928000000000,0.99593760000000000000,233.16670000000000000000
D,0.49575500000000000000,0.00004809890000000000,0.99697360000000000000,232.40000000000000000000
D,0.68261310000000000000,0.00004023942000000000,0.99559580000000000000,233.00000000000000000000
D,0.55311050000000000000,0.00004512602000000000,0.99697360000000000000,232.40000000000000000000
D,0.79891750000000000000,0.00004599755000000000,1.00143800000000000000,246.25000000000000000000
D,0.45424150000000000000,0.00004968206000000000,0.99913840000000000000,247.60000000000000000000
D,0.62456350000000000000,0.00003932950000000000,0.99965090000000000000,246.66670000000000000000
D,0.51634790000000000000,0.00004272543000000000,0.99822790000000000000,246.40000000000000000000
D,0.57899580000000000000,0.00004286929000000000,0.99762390000000000000,246.66670000000000000000
D,0.46964410000000000000,0.00004430855000000000,0.99762390000000000000,246.66670000000000000000
D,0.49636060000000000000,0.00006635302000000000,0.99510700000000000000,261.60000000000000000000
D,0.50490770000000000000,0.00006626972000000000,0.99510700000000000000,261.60000000000000000000
D,0.60037820000000000000,0.00006152946000000000,0.99892960000000000000,261.60000000000000000000
D,0.40857740000000000000,0.00005976974000000000,0.99510700000000000000,261.60000000000000000000
D,0.58636950000000000000,0.00004774430000000000,0.99782890000000000000,261.00000000000000000000
D,0.31702070000000000000,0.00006986796000000000,0.99892960000000000000,261.60000000000000000000
D,0.40905340000000000000,0.00004539174000000000,0.99868170000000000000,275.60000000000000000000
D,0.48313510000000000000,0.00005013645000000000,0.99780900000000000000,275.75000000000000000000
D,0.57781540000000000000,0.00003504795000000000,0.99669280000000000000,276.33330000000000000000
D,0.31758190000000000000,0.00004955878000000000,0.99579410000000000000,276.60000000000000000000
D,0.49552210000000000000,0.00004081552000000000,0.99656210000000000000,276.33330000000000000000
D,0.34570760000000000000,0.00004278775000000000,0.99729590000000000000,276.33330000000000000000
D,0.44998760000000000000,0.00004682247000000000,0.99942920000000000000,292.00000000000000000000
D,0.44010160000000000000,0.00004698630000000000,0.99942920000000000000,292.00000000000000000000
D,0.59588680000000000000,0.00004092665000000000,0.99735890000000000000,292.80000000000000000000
D,0.43188950000000000000,0.00004881105000000000,0.99942920000000000000,292.00000000000000000000
D,0.47605910000000000000,0.00003908722000000000,0.99821270000000000000,292.80000000000000000000
D,0.58289950000000000000,0.00004012346000000000,0.99676130000000000000,293.33330000000000000000
D,0.44893850000000000000,0.00003882992000000000,1.00167600000000000000,310.75000000000000000000
D,0.50567140000000000000,0.00004297170000000000,0.99966480000000000000,310.75000000000000000000
D,0.37013680000000000000,0.00004399385000000000,0.99908890000000000000,311.00000000000000000000
D,1.06683300000000000000,0.00008061375000000000,1.04386000000000000000,310.33330000000000000000
D,0.35876210000000000000,0.00005117580000000000,0.99966480000000000000,310.75000000000000000000
D,0.36597390000000000000,0.00005375699000000000,0.99966480000000000000,310.75000000000000000000
D,0.34930800000000000000,0.00004011187000000000,0.99683860000000000000,329.50000000000000000000
D,0.33336200000000000000,0.00005287077000000000,0.99932320000000000000,328.33330000000000000000
D,0.31597940000000000000,0.00005066644000000000,0.99932320000000000000,328.33330000000000000000
D,0.30204990000000000000,0.00005790736000000000,0.99932320000000000000,328.33330000000000000000
D,0.32837500000000000000,0.00004225143000000000,0.99683860000000000000,329.50000000000000000000
D,0.33623830000000000000,0.00004163696000000000,0.99711820000000000000,347.00000000000000000000
D,0.46330440000000000000,0.00005125593000000000,0.99903660000000000000,346.00000000000000000000
D,0.43532550000000000000,0.00003457131000000000,0.99631760000000000000,347.60000000000000000000
D,0.49634900000000000000,0.00004338143000000000,0.99711820000000000000,347.00000000000000000000
D,0.42709060000000000000,0.00003555743000000000,0.99631760000000000000,347.60000000000000000000
D,0.41281070000000000000,0.00005932100000000000,0.99903660000000000000,346.00000000000000000000
D,0.32838880000000000000,0.00004380926000000000,0.99921170000000000000,370.00000000000000000000
D,0.37011470000000000000,0.00005529797000000000,0.99924450000000000000,367.66670000000000000000
D,0.36115100000000000000,0.00005051408000000000,0.99924450000000000000,367.66670000000000000000
D,0.33886020000000000000,0.00005950363000000000,0.99924450000000000000,367.66670000000000000000
D,0.36250670000000000000,0.00004359326000000000,0.99723170000000000000,368.75000000000000000000
D,0.39436550000000000000,0.00005437385000000000,0.99924450000000000000,367.66670000000000000000
D,0.26787180000000000000,0.00004797708000000000,0.99985650000000000000,387.33330000000000000000
D,0.31036080000000000000,0.00004965276000000000,0.99857310000000000000,389.33330000000000000000
D,0.33215910000000000000,0.00004865845000000000,0.99857310000000000000,389.33330000000000000000
D,0.42285040000000000000,0.00003828752000000000,0.99584930000000000000,391.50000000000000000000
D,0.30522660000000000000,0.00006113185000000000,0.99488490000000000000,391.00000000000000000000
D,0.40898000000000000000,0.00004884081000000000,0.99573740000000000000,391.00000000000000000000
D,0.19907710000000000000,0.00004814501000000000,0.99986580000000000000,414.33330000000000000000
D,0.29845510000000000000,0.00004739150000000000,0.99986580000000000000,414.33330000000000000000
D,0.19336370000000000000,0.00004727615000000000,0.99986580000000000000,414.33330000000000000000
D,0.20986230000000000000,0.00004850447000000000,0.99986580000000000000,414.33330000000000000000
D,0.28640050000000000000,0.00004790366000000000,0.99986580000000000000,414.33330000000000000000
D,0.20122510000000000000,0.00004743785000000000,0.99746130000000000000,437.66670000000000000000
D,0.25574680000000000000,0.00004910515000000000,0.99746130000000000000,437.66670000000000000000
D,0.31067790000000000000,0.00004822650000000000,0.99683860000000000000,439.33330000000000000000
D,0.23715280000000000000,0.00005832763000000000,0.99936530000000000000,437.66670000000000000000
D,0.24117060000000000000,0.00005119531000000000,0.99936530000000000000,437.66670000000000000000
D,0.23429230000000000000,0.00007078881000000000,0.99714930000000000000,438.50000000000000000000
D,0.19825550000000000000,0.00005168851000000000,1.00059600000000000000,466.33330000000000000000
D,0.30596810000000000000,0.00005024569000000000,0.99630690000000000000,466.33330000000000000000
D,0.31511930000000000000,0.00004584812000000000,0.99630690000000000000,466.33330000000000000000
D,0.33046430000000000000,0.00005008880000000000,0.99630690000000000000,466.33330000000000000000
D,0.25966780000000000000,0.00004947984000000000,0.99630690000000000000,466.33330000000000000000
D,0.28170650000000000000,0.00006245543000000000,0.99624060000000000000,465.50000000000000000000
D,0.16325790000000000000,0.00004820274000000000,0.99672320000000000000,491.66670000000000000000
D,0.13202960000000000000,0.00007458252000000000,0.99948930000000000000,489.50000000000000000000
D,0.18179140000000000000,0.00007537452000000000,0.99644670000000000000,492.50000000000000000000
D,0.17115100000000000000,0.00006450506000000000,1.00056300000000000000,493.33330000000000000000
D,0.23577320000000000000,0.00007769030000000000,0.99644670000000000000,492.50000000000000000000
D,0.17228030000000000000,0.00008435769000000000,0.99644670000000000000,492.50000000000000000000
D,0.14742130000000000000,0.00006633633000000000,0.99761680000000000000,524.50000000000000000000
D,0.16260990000000000000,0.00005773491000000000,0.99946950000000000000,523.66670000000000000000
D,0.15838640000000000000,0.00005287596000000000,0.99787830000000000000,523.66670000000000000000
D,0.19025990000000000000,0.00005891406000000000,0.99693510000000000000,525.66670000000000000000
D,0.22085070000000000000,0.00004960159000000000,0.99787830000000000000,523.66670000000000000000
D,0.16924790000000000000,0.00006582599000000000,0.99693510000000000000,525.66670000000000000000
D,0.14362090000000000000,0.00007138795000000000,0.99730700000000000000,557.00000000000000000000
D,0.15426740000000000000,0.00005291995000000000,0.99760190000000000000,556.00000000000000000000
D,0.10562800000000000000,0.00006945404000000000,1.00000000000000000000,554.00000000000000000000
D,0.11740000000000000000,0.00007510681000000000,1.00000000000000000000,554.00000000000000000000
D,0.11077070000000000000,0.00006832799000000000,1.00000000000000000000,554.00000000000000000000
D,0.14125040000000000000,0.00006837974000000000,1.00000000000000000000,554.00000000000000000000
D,0.12465830000000000000,0.00006511347000000000,1.00000000000000000000,592.00000000000000000000
D,0.10252960000000000000,0.00006984051000000000,1.00000000000000000000,592.00000000000000000000
D,0.16821980000000000000,0.00007320165000000000,1.00254700000000000000,589.00000000000000000000
D,0.14319650000000000000,0.00008224521000000000,0.99745330000000000000,589.00000000000000000000
D,0.10868270000000000000,0.00006819237000000000,0.99745330000000000000,589.00000000000000000000
D,0.13274410000000000000,0.00006988220000000000,1.00254700000000000000,589.00000000000000000000
E,0.75445550000000000000,0.00010496360000000000,0.99130270000000000000,83.11111000000000000000
E,0.79381600000000000000,0.00008855478000000000,0.99277860000000000000,82.90000000000000000000
E,0.73028910000000000000,0.00009672560000000000,0.99251240000000000000,82.90000000000000000000
E,0.97885750000000000000,0.00009077271000000000,0.99251240000000000000,82.90000000000000000000
E,0.78487010000000000000,0.00009751161000000000,0.99251240000000000000,82.90000000000000000000
E,0.97607310000000000000,0.00009208720000000000,0.99251240000000000000,82.90000000000000000000
E,0.83554740000000000000,0.00008713285000000000,0.99108980000000000000,87.88889000000000000000
E,0.96850610000000000000,0.00008929215000000000,0.99586250000000000000,87.88889000000000000000
E,0.86189070000000000000,0.00008709924000000000,0.99124020000000000000,87.88889000000000000000
E,0.87935910000000000000,0.00008318017000000000,0.99309150000000000000,87.88889000000000000000
E,0.89202080000000000000,0.00008542753000000000,0.99124020000000000000,87.88889000000000000000
E,0.83947490000000000000,0.00007362110000000000,0.99108980000000000000,87.88889000000000000000
E,0.79520210000000000000,0.00007217006000000000,0.99559750000000000000,92.75000000000000000000
E,0.86649600000000000000,0.00007155672000000000,0.99559750000000000000,92.75000000000000000000
E,0.80104390000000000000,0.00006944389000000000,0.99559750000000000000,92.75000000000000000000
E,0.92020920000000000000,0.00005909891000000000,0.99688260000000000000,92.66666000000000000000
E,0.81933680000000000000,0.00005943115000000000,0.99488410000000000000,92.66666000000000000000
E,0.70502600000000000000,0.00006164768000000000,0.99688260000000000000,92.66666000000000000000
E,0.75659380000000000000,0.00006735414000000000,0.99259480000000000000,98.12500000000000000000
E,13.57596000000000000000,0.00004032123000000000,1.05489200000000000000,146.50000000000000000000
E,0.70786130000000000000,0.00006021928000000000,0.99514260000000000000,98.12500000000000000000
E,0.88644610000000000000,0.00006607305000000000,0.99076220000000000000,98.12500000000000000000
E,0.71427360000000000000,0.00006798805000000000,0.99492180000000000000,98.12500000000000000000
E,0.68537220000000000000,0.00007651153000000000,0.99492180000000000000,98.12500000000000000000
E,0.69987390000000000000,0.00006004265000000000,0.99514260000000000000,98.12500000000000000000
E,0.72652750000000000000,0.00005774740000000000,0.99120420000000000000,104.25000000000000000000
E,0.67274580000000000000,0.00005875543000000000,0.99120420000000000000,104.25000000000000000000
E,0.61913700000000000000,0.00005552067000000000,0.99120420000000000000,104.25000000000000000000
E,0.66707950000000000000,0.00005631508000000000,0.99120420000000000000,104.25000000000000000000
E,0.72233950000000000000,0.00005800173000000000,0.99420180000000000000,104.25000000000000000000
E,0.68985030000000000000,0.00005715236000000000,0.99420180000000000000,104.25000000000000000000
E,0.59405670000000000000,0.00008060631000000000,0.98930470000000000000,110.71430000000000000000
E,0.61255750000000000000,0.00007723240000000000,0.98930470000000000000,110.71430000000000000000
E,0.63076120000000000000,0.00006405831000000000,0.99023350000000000000,110.71430000000000000000
E,0.62107200000000000000,0.00006639675000000000,0.99684510000000000000,109.85710000000000000000
E,0.67347450000000000000,0.00006459413000000000,0.99684510000000000000,109.85710000000000000000
E,0.60533410000000000000,0.00006283490000000000,0.99684510000000000000,109.85710000000000000000
E,0.60238980000000000000,0.00006268790000000000,0.99619870000000000000,116.85710000000000000000
E,0.70755020000000000000,0.00005358315000000000,0.99925490000000000000,116.85710000000000000000
E,1.04091200000000000000,0.00004963069000000000,0.99830470000000000000,117.57140000000000000000
E,0.74984080000000000000,0.00007219067000000000,0.99247910000000000000,118.37500000000000000000
E,0.67435970000000000000,0.00006616129000000000,0.99553100000000000000,118.42860000000000000000
E,0.58029400000000000000,0.00008356440000000000,1.00047700000000000000,116.85710000000000000000
E,0.61102740000000000000,0.00006364349000000000,0.99866880000000000000,123.71430000000000000000
E,0.60991310000000000000,0.00006614078000000000,0.99916890000000000000,123.66670000000000000000
E,0.60824290000000000000,0.00006294178000000000,0.99886800000000000000,123.66670000000000000000
E,0.65922910000000000000,0.00005958105000000000,0.99916890000000000000,123.66670000000000000000
E,0.53191390000000000000,0.00006488850000000000,0.99886800000000000000,123.66670000000000000000
E,0.45543730000000000000,0.00005427729000000000,0.99916890000000000000,123.66670000000000000000
E,0.55299200000000000000,0.00006016379000000000,0.99203540000000000000,131.83330000000000000000
E,0.51724920000000000000,0.00006764920000000000,0.99246520000000000000,131.83330000000000000000
E,0.56449450000000000000,0.00005294192000000000,0.99361570000000000000,131.83330000000000000000
E,0.74503540000000000000,0.00005253985000000000,0.99361570000000000000,131.83330000000000000000
E,18.69824000000000000000,0.00010000000000000000,1.00000000000000000000,559.00000000000000000000
E,0.58967630000000000000,0.00005386239000000000,0.99361570000000000000,131.83330000000000000000
E,0.58343660000000000000,0.00004927703000000000,0.99834390000000000000,130.83330000000000000000
E,0.58882400000000000000,0.00006063589000000000,0.99610950000000000000,138.80000000000000000000
E,0.57909330000000000000,0.00006014641000000000,0.99610950000000000000,138.80000000000000000000
E,0.43902200000000000000,0.00005683400000000000,0.99610950000000000000,138.80000000000000000000
E,0.56825350000000000000,0.00005613400000000000,0.99610950000000000000,138.80000000000000000000
E,0.57884200000000000000,0.00005748093000000000,0.99610950000000000000,138.80000000000000000000
E,0.47814340000000000000,0.00004559642000000000,0.99556350000000000000,139.00000000000000000000
E,0.54545350000000000000,0.00004366388000000000,0.99579380000000000000,147.40000000000000000000
E,0.50103880000000000000,0.00004376734000000000,0.99579380000000000000,147.40000000000000000000
E,0.52088690000000000000,0.00005072381000000000,0.99033250000000000000,147.40000000000000000000
E,0.49740720000000000000,0.00005063968000000000,0.99033250000000000000,147.40000000000000000000
E,0.48700450000000000000,0.00004346106000000000,0.99172320000000000000,147.40000000000000000000
E,0.54094210000000000000,0.00004141554000000000,0.99172320000000000000,147.40000000000000000000
E,0.54826690000000000000,0.00005349302000000000,0.99798060000000000000,154.75000000000000000000
E,0.56612790000000000000,0.00004593570000000000,0.99709680000000000000,155.00000000000000000000
E,0.53865010000000000000,0.00005725702000000000,0.99798060000000000000,154.75000000000000000000
E,0.52317290000000000000,0.00004234128000000000,0.99709680000000000000,155.00000000000000000000
E,0.49038270000000000000,0.00004265801000000000,0.99709680000000000000,155.00000000000000000000
E,0.69773970000000000000,0.00004942099000000000,0.99709680000000000000,155.00000000000000000000
E,0.47482220000000000000,0.00004804959000000000,0.99773410000000000000,165.50000000000000000000
E,0.48324330000000000000,0.00004804970000000000,0.99773410000000000000,165.50000000000000000000
E,0.52701400000000000000,0.00004577406000000000,1.00072900000000000000,164.60000000000000000000
E,0.47685330000000000000,0.00004298133000000000,0.99674300000000000000,165.80000000000000000000
E,0.49011960000000000000,0.00005670703000000000,0.99773410000000000000,165.50000000000000000000
E,0.36425970000000000000,0.00004333604000000000,0.99639770000000000000,173.50000000000000000000
E,0.48432030000000000000,0.00003720230000000000,0.99639770000000000000,173.50000000000000000000
E,0.39427850000000000000,0.00004247342000000000,0.99351580000000000000,173.50000000000000000000
E,0.47312520000000000000,0.00003988330000000000,0.99639770000000000000,173.50000000000000000000
E,0.42607290000000000000,0.00005273186000000000,0.99701950000000000000,174.75000000000000000000
E,0.43601440000000000000,0.00004414867000000000,0.99463520000000000000,174.75000000000000000000
E,0.37912480000000000000,0.00004427272000000000,0.99844030000000000000,187.00000000000000000000
E,0.34802990000000000000,0.00004760430000000000,0.99844030000000000000,187.00000000000000000000
E,0.29745540000000000000,0.00005563968000000000,0.99775390000000000000,185.50000000000000000000
E,0.36036980000000000000,0.00004730544000000000,0.99550770000000000000,185.50000000000000000000
E,0.32050210000000000000,0.00004943232000000000,0.99550770000000000000,185.50000000000000000000
E,0.34088960000000000000,0.00004550126000000000,0.99550770000000000000,185.50000000000000000000
E,0.26481040000000000000,0.00004305727000000000,0.99380340000000000000,195.00000000000000000000
E,0.37324660000000000000,0.00003976808000000000,0.99380340000000000000,195.00000000000000000000
E,0.43023490000000000000,0.00003728993000000000,0.99380340000000000000,195.00000000000000000000
E,0.36796400000000000000,0.00003686458000000000,0.99594020000000000000,195.00000000000000000000
E,0.41152170000000000000,0.00003654872000000000,0.99594020000000000000,195.00000000000000000000
E,0.27976100000000000000,0.00004298157000000000,0.99594020000000000000,195.00000000000000000000
E,0.28126560000000000000,0.00004869078000000000,0.99220620000000000000,208.50000000000000000000
E,0.23969140000000000000,0.00006355635000000000,0.99434570000000000000,206.33330000000000000000
E,0.28555210000000000000,0.00006177498000000000,0.99434570000000000000,206.33330000000000000000
E,0.26533800000000000000,0.00004303634000000000,0.99467230000000000000,207.25000000000000000000
E,0.27497430000000000000,0.00004337379000000000,0.99467230000000000000,207.25000000000000000000
E,0.23864910000000000000,0.00004660234000000000,0.99467230000000000000,207.25000000000000000000
E,0.23556790000000000000,0.00005065930000000000,0.99876480000000000000,219.25000000000000000000
E,0.19767710000000000000,0.00006558318000000000,0.99339430000000000000,218.66670000000000000000
E,0.25622590000000000000,0.00005183592000000000,0.99306340000000000000,219.25000000000000000000
E,0.19676450000000000000,0.00006728783000000000,0.99339430000000000000,218.66670000000000000000
E,0.20068030000000000000,0.00006726870000000000,0.99339430000000000000,218.66670000000000000000
E,0.27265960000000000000,0.00004773344000000000,0.99876480000000000000,219.25000000000000000000
E,0.19777660000000000000,0.00005049050000000000,0.99427750000000000000,233.00000000000000000000
E,0.18564330000000000000,0.00005164251000000000,0.99882630000000000000,236.66670000000000000000
E,0.26388620000000000000,0.00004925962000000000,0.99309980000000000000,235.50000000000000000000
E,0.21717300000000000000,0.00004220349000000000,0.99572650000000000000,234.00000000000000000000
E,0.22823020000000000000,0.00004849703000000000,0.99856940000000000000,233.00000000000000000000
E,0.18164950000000000000,0.00005362914000000000,0.99427750000000000000,233.00000000000000000000
E,0.24485230000000000000,0.00004421339000000000,0.99573230000000000000,247.33330000000000000000
E,0.20156370000000000000,0.00005973333000000000,0.99344190000000000000,245.66670000000000000000
E,0.20213040000000000000,0.00004963072000000000,0.99977540000000000000,247.33330000000000000000
E,0.22874790000000000000,0.00005085768000000000,1.00022600000000000000,245.66670000000000000000
E,0.36173520000000000000,0.00004504165000000000,0.99573230000000000000,247.33330000000000000000
E,0.26670750000000000000,0.00005375820000000000,1.00022600000000000000,245.66670000000000000000
E,0.21454500000000000000,0.00005599907000000000,0.99447980000000000000,261.66670000000000000000
E,0.18655780000000000000,0.00005034709000000000,0.99894650000000000000,263.66670000000000000000
E,0.17957910000000000000,0.00005146822000000000,0.99894650000000000000,263.66670000000000000000
E,0.23655780000000000000,0.00005955430000000000,0.99447980000000000000,261.66670000000000000000
E,0.24205540000000000000,0.00005683927000000000,0.99447980000000000000,261.66670000000000000000
E,0.23646800000000000000,0.00005123683000000000,0.99578600000000000000,263.66670000000000000000
E,0.15949570000000000000,0.00004949811000000000,0.99900670000000000000,279.66670000000000000000
E,0.24482950000000000000,0.00005238952000000000,0.99602700000000000000,279.66670000000000000000
E,0.22846890000000000000,0.00007884940000000000,1.00361000000000000000,277.00000000000000000000
E,0.20891100000000000000,0.00005076738000000000,0.99602700000000000000,279.66670000000000000000
E,0.21360750000000000000,0.00005036530000000000,0.99900670000000000000,279.66670000000000000000
E,0.17354020000000000000,0.00005401900000000000,0.99900670000000000000,279.66670000000000000000
E,0.17531520000000000000,0.00005624558000000000,1.00000000000000000000,296.00000000000000000000
E,0.13944370000000000000,0.00005823295000000000,1.00000000000000000000,296.00000000000000000000
E,0.16552600000000000000,0.00005590307000000000,1.00000000000000000000,296.00000000000000000000
E,0.14479150000000000000,0.00005560065000000000,1.00000000000000000000,312.00000000000000000000
E,0.25515230000000000000,0.00003932463000000000,0.99091880000000000000,312.00000000000000000000
E,0.18628350000000000000,0.00005451990000000000,0.99038460000000000000,312.00000000000000000000
E,0.49552730000000000000,0.00010000000000000000,1.00000000000000000000,306.00000000000000000000
E,0.18717300000000000000,0.00004029176000000000,0.99445040000000000000,310.33330000000000000000
E,0.15758610000000000000,0.00005692279000000000,0.99434570000000000000,309.50000000000000000000
E,0.18124360000000000000,0.00003929157000000000,0.99445040000000000000,310.33330000000000000000
E,0.09149924000000000000,0.00006621833000000000,1.00302100000000000000,331.00000000000000000000
E,0.08006027000000000000,0.00006696709000000000,0.99925040000000000000,333.50000000000000000000
E,0.08550457000000000000,0.00006815575000000000,0.99546830000000000000,331.00000000000000000000
E,0.15129680000000000000,0.00005896686000000000,0.99925040000000000000,333.50000000000000000000
E,0.09925551000000000000,0.00006539344000000000,0.99546830000000000000,331.00000000000000000000
E,0.11128730000000000000,0.00006798463000000000,0.99925040000000000000,333.50000000000000000000
E,1.10908200000000000000,0.00009746043000000000,0.99277860000000000000,82.90000000000000000000
E,2.28421500000000000000,0.00007234490000000000,0.99117210000000000000,82.90000000000000000000
E,0.92629920000000000000,0.00008742703000000000,0.99277860000000000000,82.90000000000000000000
E,1.18744200000000000000,0.00007886816000000000,0.99277860000000000000,82.90000000000000000000
E,1.06112400000000000000,0.00009150100000000000,0.99034770000000000000,83.11111000000000000000
E,0.79971720000000000000,0.00010948350000000000,0.99130270000000000000,83.11111000000000000000
E,0.88662520000000000000,0.00008430589000000000,0.99214330000000000000,87.88889000000000000000
E,0.80340140000000000000,0.00008326023000000000,0.99625210000000000000,87.88889000000000000000
E,0.93172940000000000000,0.00007614836000000000,0.99625210000000000000,87.88889000000000000000
E,0.96118810000000000000,0.00007341984000000000,0.99214330000000000000,87.88889000000000000000
E,0.87824080000000000000,0.00007517941000000000,0.99214330000000000000,87.88889000000000000000
E,0.91617510000000000000,0.00007352340000000000,0.99309150000000000000,87.88889000000000000000
E,0.99957900000000000000,0.00006411004000000000,0.99160370000000000000,93.22222000000000000000
E,0.98481770000000000000,0.00006280112000000000,0.99259700000000000000,93.22222000000000000000
E,0.94767740000000000000,0.00006072602000000000,0.99559750000000000000,92.75000000000000000000
E,0.88760140000000000000,0.00006520169000000000,0.99160370000000000000,93.22222000000000000000
E,0.89551100000000000000,0.00007239653000000000,0.99550770000000000000,92.75000000000000000000
E,0.93085900000000000000,0.00006166028000000000,0.99688260000000000000,92.66666000000000000000
E,0.78656690000000000000,0.00006634454000000000,0.99514260000000000000,98.12500000000000000000
E,0.76657650000000000000,0.00007078098000000000,0.98980650000000000000,98.87500000000000000000
E,0.95132670000000000000,0.00006474957000000000,0.99514260000000000000,98.12500000000000000000
E,0.71288130000000000000,0.00007609106000000000,0.99492180000000000000,98.12500000000000000000
E,1.11725600000000000000,0.00005989818000000000,0.99514260000000000000,98.12500000000000000000
E,0.75323520000000000000,0.00006445294000000000,0.99514260000000000000,98.12500000000000000000
E,0.62067850000000000000,0.00005955603000000000,0.99666840000000000000,104.25000000000000000000
E,0.81860460000000000000,0.00005993801000000000,0.99313040000000000000,104.57140000000000000000
E,0.86924050000000000000,0.00005695952000000000,0.99120420000000000000,104.25000000000000000000
E,0.68668860000000000000,0.00006049525000000000,0.99120420000000000000,104.25000000000000000000
E,0.62407380000000000000,0.00006000385000000000,0.99666840000000000000,104.25000000000000000000
E,0.53195150000000000000,0.00007167061000000000,0.99152380000000000000,110.71430000000000000000
E,0.67466180000000000000,0.00007930126000000000,0.99572320000000000000,109.85710000000000000000
E,0.54955980000000000000,0.00007008779000000000,0.99201910000000000000,110.33330000000000000000
E,0.87500790000000000000,0.00005739987000000000,0.99521960000000000000,109.85710000000000000000
E,0.70127200000000000000,0.00006666921000000000,0.99013090000000000000,110.33330000000000000000
E,0.79579820000000000000,0.00005995391000000000,0.99521960000000000000,109.85710000000000000000
E,0.57037540000000000000,0.00005470095000000000,0.99925490000000000000,116.85710000000000000000
E,0.72784810000000000000,0.00006817529000000000,1.00076300000000000000,116.50000000000000000000
E,0.69850310000000000000,0.00006225604000000000,1.00076300000000000000,116.50000000000000000000
E,0.74241350000000000000,0.00006463894000000000,1.00076300000000000000,116.50000000000000000000
E,1.04915700000000000000,0.00006260090000000000,0.99861710000000000000,116.50000000000000000000
E,11.27247000000000000000,0.00005752064000000000,1.12770600000000000000,115.50000000000000000000
E,0.74530860000000000000,0.00006084376000000000,1.00076300000000000000,116.50000000000000000000
E,0.75657190000000000000,0.00004513443000000000,0.99660320000000000000,123.71430000000000000000
E,0.59509030000000000000,0.00005331934000000000,0.99916890000000000000,123.66670000000000000000
E,0.63373230000000000000,0.00004945116000000000,0.99916890000000000000,123.66670000000000000000
E,0.73184810000000000000,0.00005447138000000000,0.99792670000000000000,123.80000000000000000000
E,0.49185090000000000000,0.00005457946000000000,0.99792670000000000000,123.80000000000000000000
E,0.57941880000000000000,0.00004214952000000000,0.99916890000000000000,123.66670000000000000000
E,0.60884650000000000000,0.00004997920000000000,0.99522360000000000000,131.20000000000000000000
E,0.64662220000000000000,0.00005018568000000000,0.99522360000000000000,131.20000000000000000000
E,0.58424940000000000000,0.00005612634000000000,0.99028210000000000000,131.20000000000000000000
E,0.67997970000000000000,0.00004568248000000000,0.99522360000000000000,131.20000000000000000000
E,0.71960650000000000000,0.00004405353000000000,0.99515930000000000000,130.83330000000000000000
E,0.55932410000000000000,0.00004938952000000000,0.99712910000000000000,131.20000000000000000000
E,0.54185220000000000000,0.00005098728000000000,1.00180500000000000000,138.50000000000000000000
E,0.59256420000000000000,0.00004569668000000000,0.99610950000000000000,138.80000000000000000000
E,0.51791860000000000000,0.00004376004000000000,0.99556350000000000000,139.00000000000000000000
E,0.54392620000000000000,0.00004422339000000000,0.99610950000000000000,138.80000000000000000000
E,0.50214390000000000000,0.00004642970000000000,0.99610950000000000000,138.80000000000000000000
E,0.48692660000000000000,0.00004735762000000000,0.99610950000000000000,138.80000000000000000000
E,0.47141750000000000000,0.00004218675000000000,0.99485430000000000000,146.40000000000000000000
E,0.34331380000000000000,0.00005198111000000000,0.99713120000000000000,146.40000000000000000000
E,0.47255560000000000000,0.00004302579000000000,0.99713120000000000000,146.40000000000000000000
E,0.56003320000000000000,0.00004839605000000000,0.99713120000000000000,146.40000000000000000000
E,0.44023590000000000000,0.00004563691000000000,0.99713120000000000000,146.40000000000000000000
E,0.42373550000000000000,0.00004448834000000000,0.99713120000000000000,146.40000000000000000000
E,0.25506940000000000000,0.00006410830000000000,0.99709680000000000000,155.00000000000000000000
E,0.65517500000000000000,0.00004544858000000000,0.99709680000000000000,155.00000000000000000000
E,0.50696400000000000000,0.00005318739000000000,0.99798060000000000000,154.75000000000000000000
E,0.41778080000000000000,0.00005098077000000000,0.99709680000000000000,155.00000000000000000000
E,0.52195580000000000000,0.00004471880000000000,0.99709680000000000000,155.00000000000000000000
E,0.50940780000000000000,0.00004122073000000000,0.99709680000000000000,155.00000000000000000000
E,0.28357380000000000000,0.00005906814000000000,0.99674300000000000000,165.80000000000000000000
E,0.44622050000000000000,0.00004288500000000000,0.99773410000000000000,165.50000000000000000000
E,0.54503820000000000000,0.00004300274000000000,0.99222360000000000000,164.60000000000000000000
E,0.32378350000000000000,0.00005264739000000000,0.99151520000000000000,165.00000000000000000000
E,0.28241900000000000000,0.00006585335000000000,0.99390240000000000000,164.00000000000000000000
E,0.51243030000000000000,0.00004047900000000000,0.99222360000000000000,164.60000000000000000000
E,0.38101000000000000000,0.00004098512000000000,0.99639770000000000000,173.50000000000000000000
E,0.32408560000000000000,0.00005959665000000000,0.99423630000000000000,173.50000000000000000000
E,0.38543050000000000000,0.00004323813000000000,0.99639770000000000000,173.50000000000000000000
E,0.24284430000000000000,0.00005537494000000000,0.99639770000000000000,173.50000000000000000000
E,0.45591550000000000000,0.00004215451000000000,0.99639770000000000000,173.50000000000000000000
E,0.38712730000000000000,0.00004617195000000000,0.99463520000000000000,174.75000000000000000000
E,0.27670180000000000000,0.00004883300000000000,0.99550770000000000000,185.50000000000000000000
E,0.31278890000000000000,0.00005014747000000000,0.99398310000000000000,184.66670000000000000000
E,0.21221040000000000000,0.00005535727000000000,0.99717320000000000000,184.25000000000000000000
E,0.33170670000000000000,0.00004152539000000000,0.99717320000000000000,184.25000000000000000000
E,0.27192740000000000000,0.00004894173000000000,0.99717320000000000000,184.25000000000000000000
E,0.24558730000000000000,0.00004700516000000000,0.99855860000000000000,185.00000000000000000000
E,0.21767460000000000000,0.00005189069000000000,0.99380340000000000000,195.00000000000000000000
E,0.22012970000000000000,0.00005027884000000000,0.99594020000000000000,195.00000000000000000000
E,0.25196680000000000000,0.00004769684000000000,0.99594020000000000000,195.00000000000000000000
E,0.28100580000000000000,0.00004521854000000000,0.99380340000000000000,195.00000000000000000000
E,0.21494440000000000000,0.00004995683000000000,0.99594020000000000000,195.00000000000000000000
E,0.27684300000000000000,0.00004253669000000000,0.99594020000000000000,195.00000000000000000000
E,0.26838910000000000000,0.00005284660000000000,0.99220620000000000000,208.50000000000000000000
E,0.23349850000000000000,0.00005879336000000000,0.99220620000000000000,208.50000000000000000000
E,0.33870260000000000000,0.00004459613000000000,1.00000000000000000000,208.00000000000000000000
E,0.23467050000000000000,0.00005915133000000000,1.00000000000000000000,208.00000000000000000000
E,0.42973240000000000000,0.00004157825000000000,0.99220620000000000000,208.50000000000000000000
E,0.20588560000000000000,0.00005983659000000000,0.99820150000000000000,208.50000000000000000000
E,0.32634610000000000000,0.00004298557000000000,0.99496480000000000000,220.66670000000000000000
E,0.30855740000000000000,0.00006325995000000000,0.99923990000000000000,219.25000000000000000000
E,0.25674770000000000000,0.00004027860000000000,0.99452000000000000000,220.50000000000000000000
E,0.30644100000000000000,0.00003731455000000000,0.99452000000000000000,220.50000000000000000000
E,0.32343120000000000000,0.00005415920000000000,1.00101600000000000000,218.66670000000000000000
E,0.19736600000000000000,0.00006438879000000000,1.00101600000000000000,218.66670000000000000000
E,0.22413820000000000000,0.00005048910000000000,0.99840770000000000000,235.50000000000000000000
E,0.24086410000000000000,0.00004961727000000000,0.99290780000000000000,235.00000000000000000000
E,0.20884480000000000000,0.00006014885000000000,0.99570820000000000000,233.00000000000000000000
E,0.26787220000000000000,0.00004409610000000000,0.99856940000000000000,233.00000000000000000000
E,0.16993030000000000000,0.00005168841000000000,0.99427750000000000000,233.00000000000000000000
E,0.16929910000000000000,0.00004598382000000000,0.99252130000000000000,234.00000000000000000000
E,0.18284310000000000000,0.00004972175000000000,0.99795090000000000000,244.00000000000000000000
E,0.21068930000000000000,0.00005476332000000000,0.99344190000000000000,245.66670000000000000000
E,0.23228260000000000000,0.00005006920000000000,1.00022600000000000000,245.66670000000000000000
E,0.21055200000000000000,0.00004767688000000000,0.99331640000000000000,246.25000000000000000000
E,0.21122360000000000000,0.00006041717000000000,0.99344190000000000000,245.66670000000000000000
E,0.24121730000000000000,0.00004300618000000000,0.99331640000000000000,246.25000000000000000000
E,0.15598100000000000000,0.00005292783000000000,0.99894650000000000000,263.66670000000000000000
E,1.27569300000000000000,0.00010000000000000000,1.00000000000000000000,328.00000000000000000000
E,0.15842190000000000000,0.00005463835000000000,0.99894650000000000000,263.66670000000000000000
E,0.17470910000000000000,0.00005364247000000000,0.99894650000000000000,263.66670000000000000000
E,0.14377670000000000000,0.00006578634000000000,0.99905120000000000000,263.50000000000000000000
E,0.20446070000000000000,0.00004808129000000000,0.99894650000000000000,263.66670000000000000000
E,0.17288300000000000000,0.00005152386000000000,0.99894650000000000000,263.66670000000000000000
E,0.14682740000000000000,0.00005482191000000000,0.99894650000000000000,263.66670000000000000000
E,0.17571890000000000000,0.00005079983000000000,0.99602700000000000000,279.66670000000000000000
E,0.13714870000000000000,0.00005238521000000000,0.99900670000000000000,279.66670000000000000000
E,0.16122020000000000000,0.00005872231000000000,1.00000000000000000000,278.00000000000000000000
E,0.12180320000000000000,0.00005406000000000000,0.99900670000000000000,279.66670000000000000000
E,0.18546040000000000000,0.00004995959000000000,0.99602700000000000000,279.66670000000000000000
E,0.17400900000000000000,0.00005149383000000000,0.99602700000000000000,279.66670000000000000000
E,0.14033430000000000000,0.00004731718000000000,0.99626730000000000000,297.66670000000000000000
E,0.10940230000000000000,0.00005599406000000000,0.99626730000000000000,297.66670000000000000000
E,0.12501500000000000000,0.00005205813000000000,1.00000000000000000000,296.00000000000000000000
E,0.09726828000000000000,0.00005409872000000000,0.99626730000000000000,297.66670000000000000000
E,0.13127760000000000000,0.00005119978000000000,1.00000000000000000000,296.00000000000000000000
E,0.15592710000000000000,0.00043488800000000000,0.98479730000000000000,296.00000000000000000000
E,0.09911685000000000000,0.00006307922000000000,0.99602540000000000000,314.50000000000000000000
E,0.08287939000000000000,0.00007101789000000000,1.00000000000000000000,312.00000000000000000000
E,0.22914420000000000000,0.00004188324000000000,0.99732910000000000000,312.00000000000000000000
E,0.08730260000000000000,0.00006413471000000000,1.00000000000000000000,312.00000000000000000000
E,0.17723020000000000000,0.00004364182000000000,0.99732910000000000000,312.00000000000000000000
E,0.12888850000000000000,0.00006626336000000000,0.99434570000000000000,309.50000000000000000000
E,0.07814889000000000000,0.00007312703000000000,0.99925040000000000000,333.50000000000000000000
E,0.08464745000000000000,0.00007779415000000000,0.99546830000000000000,331.00000000000000000000
E,0.08369073000000000000,0.00007311304000000000,0.99546830000000000000,331.00000000000000000000
E,0.12642640000000000000,0.00006417380000000000,1.00302100000000000000,331.00000000000000000000
E,0.09317594000000000000,0.00007259951000000000,0.99546830000000000000,331.00000000000000000000
E,0.07610503000000000000,0.00008129451000000000,0.99925040000000000000,333.50000000000000000000
G,0.43917410000000000000,0.00011782090000000000,0.99448230000000000000,196.77780000000000000000
G,0.55294860000000000000,0.00009883512000000000,0.99409820000000000000,197.00000000000000000000
G,0.48176800000000000000,0.00011064520000000000,0.99448230000000000000,196.77780000000000000000
G,0.50770570000000000000,0.00010194750000000000,0.99409820000000000000,197.00000000000000000000
G,0.55415850000000000000,0.00008696699000000000,0.99409820000000000000,197.00000000000000000000
G,0.46860310000000000000,0.00012691840000000000,0.99409820000000000000,197.00000000000000000000
G,0.45933030000000000000,0.00009825585000000000,0.99773500000000000000,208.66670000000000000000
G,0.62897070000000000000,0.00010319710000000000,0.99698620000000000000,208.66670000000000000000
G,0.48096000000000000000,0.00009887828000000000,0.99698620000000000000,208.66670000000000000000
G,0.53853490000000000000,0.00010369680000000000,0.99698620000000000000,208.66670000000000000000
G,0.41893680000000000000,0.00009996576000000000,0.99698620000000000000,208.66670000000000000000
G,0.60828350000000000000,0.00010343530000000000,0.99698620000000000000,208.66670000000000000000
G,0.31234770000000000000,0.00008179482000000000,0.99560540000000000000,222.00000000000000000000
G,0.44028720000000000000,0.00006388775000000000,0.99690010000000000000,221.42860000000000000000
G,0.34037940000000000000,0.00007737613000000000,0.99749880000000000000,221.37500000000000000000
G,0.58460530000000000000,0.00006377753000000000,0.99636260000000000000,221.42860000000000000000
G,0.43599370000000000000,0.00008043244000000000,0.99919430000000000000,220.66670000000000000000
G,0.32494640000000000000,0.00008700781000000000,0.99591880000000000000,234.12500000000000000000
G,0.30977370000000000000,0.00009020630000000000,0.99591880000000000000,234.12500000000000000000
G,0.43656600000000000000,0.00006586197000000000,0.99592060000000000000,234.12500000000000000000
G,0.26004120000000000000,0.00010599390000000000,0.99591880000000000000,234.12500000000000000000
G,0.47217370000000000000,0.00006034303000000000,0.99591880000000000000,234.12500000000000000000
G,0.25484420000000000000,0.00010026150000000000,0.99753680000000000000,248.28570000000000000000
G,0.47559640000000000000,0.00004896868000000000,0.99710710000000000000,248.25000000000000000000
G,0.25640690000000000000,0.00009997014000000000,0.99746680000000000000,248.25000000000000000000
G,0.51189330000000000000,0.00004719953000000000,0.99710710000000000000,248.25000000000000000000
G,0.26124030000000000000,0.00009983201000000000,0.99710710000000000000,248.25000000000000000000
G,0.20034290000000000000,0.00014782170000000000,0.99747420000000000000,263.00000000000000000000
G,0.37435220000000000000,0.00008248531000000000,0.99849750000000000000,262.14290000000000000000
G,0.31557710000000000000,0.00010050900000000000,0.99577270000000000000,262.14290000000000000000
G,0.32679260000000000000,0.00008939379000000000,0.99849750000000000000,262.14290000000000000000
G,0.23487370000000000000,0.00015950540000000000,0.99577270000000000000,262.14290000000000000000
G,0.29774280000000000000,0.00010116590000000000,0.99849750000000000000,262.14290000000000000000
G,0.31844950000000000000,0.00008845839000000000,0.99628600000000000000,279.14290000000000000000
G,0.50890300000000000000,0.00005553985000000000,0.99766780000000000000,279.14290000000000000000
G,0.28792360000000000000,0.00010874110000000000,0.99766780000000000000,279.14290000000000000000
G,0.31556200000000000000,0.00008274551000000000,0.99705370000000000000,279.14290000000000000000
G,0.33524820000000000000,0.00008794168000000000,0.99583460000000000000,278.28570000000000000000
G,0.28804650000000000000,0.00008893285000000000,0.99673440000000000000,295.16670000000000000000
G,0.27522650000000000000,0.00009085728000000000,0.99615680000000000000,294.16670000000000000000
G,0.26879380000000000000,0.00008657203000000000,0.99861190000000000000,294.16670000000000000000
G,0.30155390000000000000,0.00008541889000000000,0.99615680000000000000,294.16670000000000000000
G,0.29298120000000000000,0.00008501763000000000,0.99521250000000000000,294.16670000000000000000
G,0.35548650000000000000,0.00008231650000000000,0.99811790000000000000,295.16670000000000000000
G,0.30105250000000000000,0.00006020076000000000,0.99797660000000000000,313.00000000000000000000
G,0.40977730000000000000,0.00005377310000000000,0.99694270000000000000,314.00000000000000000000
G,0.27136160000000000000,0.00006018091000000000,0.99966190000000000000,312.16670000000000000000
G,0.36201220000000000000,0.00005868237000000000,0.99676990000000000000,312.16670000000000000000
G,0.30774420000000000000,0.00006219445000000000,0.99612920000000000000,312.16670000000000000000
G,0.35272680000000000000,0.00005947312000000000,0.99676990000000000000,312.16670000000000000000
G,0.26475520000000000000,0.00006232002000000000,0.99553260000000000000,330.16670000000000000000
G,0.27396980000000000000,0.00006298513000000000,0.99553260000000000000,330.16670000000000000000
G,0.26596270000000000000,0.00006549275000000000,0.99553260000000000000,330.16670000000000000000
G,0.28636400000000000000,0.00005991493000000000,0.99805070000000000000,329.16670000000000000000
G,0.25479630000000000000,0.00006577691000000000,0.99805070000000000000,329.16670000000000000000
G,0.27066980000000000000,0.00006194938000000000,0.99553260000000000000,330.16670000000000000000
G,0.50178460000000000000,0.00007080910000000000,0.99558480000000000000,348.80000000000000000000
G,0.27577480000000000000,0.00007276227000000000,0.99845190000000000000,348.80000000000000000000
G,0.27608740000000000000,0.00008394509000000000,0.99845190000000000000,348.80000000000000000000
G,0.26280740000000000000,0.00008760058000000000,0.99845190000000000000,348.80000000000000000000
G,0.28842060000000000000,0.00008910077000000000,0.99827990000000000000,348.80000000000000000000
G,0.25957240000000000000,0.00009063886000000000,0.99845190000000000000,348.80000000000000000000
G,0.26017650000000000000,0.00008477338000000000,0.99893750000000000000,370.20000000000000000000
G,0.28649280000000000000,0.00006003547000000000,0.99681290000000000000,369.20000000000000000000
G,0.27131280000000000000,0.00006212475000000000,0.99681290000000000000,369.20000000000000000000
G,0.30798860000000000000,0.00006692720000000000,0.99556090000000000000,370.20000000000000000000
G,0.29811050000000000000,0.00007811128000000000,0.99556090000000000000,370.20000000000000000000
G,0.24666460000000000000,0.00007839841000000000,0.99623620000000000000,370.20000000000000000000
G,0.28772040000000000000,0.00007254660000000000,0.99639910000000000000,396.20000000000000000000
G,0.32084560000000000000,0.00004878986000000000,0.99691200000000000000,394.00000000000000000000
G,0.33421600000000000000,0.00004793265000000000,0.99658860000000000000,392.80000000000000000000
G,0.32649550000000000000,0.00005423015000000000,0.99691200000000000000,394.00000000000000000000
G,0.28622810000000000000,0.00006713960000000000,0.99849800000000000000,392.80000000000000000000
G,0.33106210000000000000,0.00005546260000000000,0.99691200000000000000,394.00000000000000000000
G,0.25776370000000000000,0.00009290237000000000,0.99734410000000000000,415.75000000000000000000
G,0.37146760000000000000,0.00007168752000000000,0.99859270000000000000,414.50000000000000000000
G,0.35819490000000000000,0.00005524938000000000,1.00232000000000000000,413.00000000000000000000
G,0.28252840000000000000,0.00006359626000000000,0.99778850000000000000,414.50000000000000000000
G,0.30360930000000000000,0.00007781992000000000,0.99959790000000000000,414.50000000000000000000
G,0.32821570000000000000,0.00005043648000000000,0.99778850000000000000,414.50000000000000000000
G,0.26032870000000000000,0.00007380967000000000,0.99809960000000000000,438.50000000000000000000
G,0.28661410000000000000,0.00004827643000000000,0.99809960000000000000,438.50000000000000000000
G,0.36458000000000000000,0.00005583055000000000,1.01491800000000000000,438.50000000000000000000
G,0.24092360000000000000,0.00005858567000000000,0.99880890000000000000,437.25000000000000000000
G,0.29020520000000000000,0.00005446963000000000,0.99619910000000000000,438.50000000000000000000
G,0.26772810000000000000,0.00005845074000000000,0.99936470000000000000,437.25000000000000000000
G,0.26423270000000000000,0.00005618849000000000,0.99699340000000000000,464.25000000000000000000
G,0.26192400000000000000,0.00005176690000000000,0.99609580000000000000,464.25000000000000000000
G,0.26390930000000000000,0.00004534565000000000,0.99941470000000000000,462.75000000000000000000
G,0.26853830000000000000,0.00004505992000000000,0.99699340000000000000,464.25000000000000000000
G,0.26020780000000000000,0.00004475722000000000,0.99941470000000000000,462.75000000000000000000
G,0.26826780000000000000,0.00004292412000000000,0.99564710000000000000,464.25000000000000000000
G,0.26471380000000000000,0.00005002502000000000,0.99909480000000000000,491.00000000000000000000
G,0.27838630000000000000,0.00004596154000000000,0.99647530000000000000,496.50000000000000000000
G,0.28545170000000000000,0.00005406164000000000,0.99533060000000000000,495.25000000000000000000
G,0.27836820000000000000,0.00005691079000000000,0.99675110000000000000,493.75000000000000000000
G,0.30724970000000000000,0.00004879755000000000,1.00063300000000000000,493.75000000000000000000
G,0.33612960000000000000,0.00005977003000000000,0.99647530000000000000,496.50000000000000000000
G,0.21490770000000000000,0.00010538740000000000,0.99787830000000000000,523.66670000000000000000
G,0.20622900000000000000,0.00005570075000000000,1.00000000000000000000,522.00000000000000000000
G,0.19869420000000000000,0.00004937433000000000,0.99787830000000000000,523.66670000000000000000
G,0.18392440000000000000,0.00006170449000000000,0.99787830000000000000,523.66670000000000000000
G,0.19010730000000000000,0.00005440075000000000,1.00000000000000000000,522.00000000000000000000
G,0.18844260000000000000,0.00006168423000000000,0.99787830000000000000,523.66670000000000000000
G,0.19162220000000000000,0.00005427710000000000,0.99760190000000000000,556.00000000000000000000
G,0.18055760000000000000,0.00004987462000000000,0.99760190000000000000,556.00000000000000000000
G,0.16680000000000000000,0.00005338859000000000,0.99760190000000000000,556.00000000000000000000
G,0.17842640000000000000,0.00004902991000000000,0.99760190000000000000,556.00000000000000000000
G,0.16989270000000000000,0.00006219799000000000,0.99959920000000000000,554.33330000000000000000
G,0.18905240000000000000,0.00005240203000000000,0.99809580000000000000,554.33330000000000000000
G,0.11730920000000000000,0.00007197512000000000,0.99957370000000000000,586.50000000000000000000
G,0.20653740000000000000,0.00004335490000000000,0.99538870000000000000,590.33330000000000000000
G,0.14371960000000000000,0.00005297484000000000,0.99763940000000000000,588.33330000000000000000
G,0.17399160000000000000,0.00005778317000000000,0.99810600000000000000,586.66670000000000000000
G,0.16779160000000000000,0.00006014853000000000,0.99810600000000000000,586.66670000000000000000
G,0.17385230000000000000,0.00005723789000000000,0.99752940000000000000,584.66670000000000000000
G,0.14563320000000000000,0.00005083938000000000,0.99838450000000000000,619.00000000000000000000
G,0.14483890000000000000,0.00004654438000000000,0.99787010000000000000,626.00000000000000000000
G,0.11492340000000000000,0.00006889051000000000,0.99798870000000000000,621.50000000000000000000
G,0.14577590000000000000,0.00005529534000000000,0.99830930000000000000,624.33330000000000000000
G,0.14649820000000000000,0.00005232830000000000,0.99830930000000000000,624.33330000000000000000
G,0.14420670000000000000,0.00005252777000000000,0.99830930000000000000,624.33330000000000000000
G,0.09769672000000000000,0.00006303213000000000,0.99961920000000000000,656.50000000000000000000
G,0.16658770000000000000,0.00005181170000000000,0.99830790000000000000,656.66670000000000000000
G,0.11939520000000000000,0.00004913110000000000,0.99789030000000000000,658.33330000000000000000
G,0.12508300000000000000,0.00005354022000000000,0.99789030000000000000,658.33330000000000000000
G,0.10072820000000000000,0.00006390836000000000,0.99961920000000000000,656.50000000000000000000
G,0.13409530000000000000,0.00005451668000000000,0.99546830000000000000,662.00000000000000000000
G,0.09168818000000000000,0.00006819018000000000,0.99750890000000000000,702.50000000000000000000
G,0.10502320000000000000,0.00006624349000000000,0.99964260000000000000,699.50000000000000000000
G,0.09051584000000000000,0.00006299574000000000,0.99964260000000000000,699.50000000000000000000
G,0.10901900000000000000,0.00006509029000000000,0.99964260000000000000,699.50000000000000000000
G,0.10324760000000000000,0.00006777800000000000,0.99750890000000000000,702.50000000000000000000
G,0.10737850000000000000,0.00007264246000000000,0.99750890000000000000,702.50000000000000000000
G,0.15585620000000000000,0.00006288916000000000,0.99966330000000000000,742.50000000000000000000
G,0.07187348000000000000,0.00006399280000000000,0.99808430000000000000,783.00000000000000000000
G,0.12345870000000000000,0.00006725375000000000,0.99647670000000000000,780.50000000000000000000
G,0.06777843000000000000,0.00006353464000000000,0.99967970000000000000,780.50000000000000000000
G,0.08000253000000000000,0.00006835562000000000,0.99967970000000000000,780.50000000000000000000
G,0.08095203000000000000,0.00006307230000000000,0.99967970000000000000,780.50000000000000000000
G,0.09025718000000000000,0.00006991840000000000,0.99808430000000000000,783.00000000000000000000
G,0.92724750000000000000,0.00008180249000000000,0.99448230000000000000,196.77780000000000000000
G,0.50951800000000000000,0.00009622879000000000,0.99532850000000000000,196.77780000000000000000
G,0.51087620000000000000,0.00008870207000000000,0.99484440000000000000,196.77780000000000000000
G,0.57436750000000000000,0.00009343735000000000,0.99448230000000000000,196.77780000000000000000
G,0.84367790000000000000,0.00007070583000000000,0.99366810000000000000,196.77780000000000000000
G,0.46809590000000000000,0.00009985279000000000,0.99409820000000000000,197.00000000000000000000
G,0.36283550000000000000,0.00009846153000000000,0.99696610000000000000,208.66670000000000000000
G,5.95964700000000000000,0.00010000000000000000,1.00000000000000000000,199.00000000000000000000
G,0.49281080000000000000,0.00007943691000000000,0.99698620000000000000,208.66670000000000000000
G,0.46318420000000000000,0.00007861650000000000,0.99696610000000000000,208.66670000000000000000
G,0.39711900000000000000,0.00008732179000000000,0.99696610000000000000,208.66670000000000000000
G,0.46053940000000000000,0.00007961312000000000,0.99696610000000000000,208.66670000000000000000
G,0.57933760000000000000,0.00006908181000000000,0.99696610000000000000,208.66670000000000000000
G,0.33477440000000000000,0.00007978945000000000,0.99560540000000000000,222.00000000000000000000
G,0.33924400000000000000,0.00007738311000000000,0.99662490000000000000,221.37500000000000000000
G,0.33859830000000000000,0.00007840509000000000,0.99662490000000000000,221.37500000000000000000
G,0.57187190000000000000,0.00006450700000000000,0.99906510000000000000,220.71430000000000000000
G,0.48370930000000000000,0.00006772859000000000,0.99906510000000000000,220.71430000000000000000
G,0.40424110000000000000,0.00006716291000000000,0.99662490000000000000,221.37500000000000000000
G,0.39035920000000000000,0.00006872797000000000,0.99591880000000000000,234.12500000000000000000
G,0.37413940000000000000,0.00006731590000000000,0.99591880000000000000,234.12500000000000000000
G,0.42624710000000000000,0.00005755363000000000,0.99591880000000000000,234.12500000000000000000
G,0.36204550000000000000,0.00007202719000000000,0.99591880000000000000,234.12500000000000000000
G,0.62180500000000000000,0.00004440776000000000,0.99825000000000000000,233.50000000000000000000
G,0.29799080000000000000,0.00008799385000000000,0.99591880000000000000,234.12500000000000000000
G,0.37536470000000000000,0.00006448739000000000,0.99710710000000000000,248.25000000000000000000
G,0.34113940000000000000,0.00007074784000000000,0.99942580000000000000,247.57140000000000000000
G,0.35393940000000000000,0.00006701073000000000,0.99710710000000000000,248.25000000000000000000
G,0.30257770000000000000,0.00009080682000000000,0.99710710000000000000,248.25000000000000000000
G,0.32437590000000000000,0.00008686603000000000,0.99710710000000000000,248.25000000000000000000
G,0.26469700000000000000,0.00010432620000000000,0.99708430000000000000,248.25000000000000000000
G,0.23284100000000000000,0.00014996180000000000,0.99747420000000000000,263.00000000000000000000
G,0.27274390000000000000,0.00013204780000000000,0.99689480000000000000,263.00000000000000000000
G,0.26613810000000000000,0.00013630750000000000,0.99715880000000000000,263.00000000000000000000
G,0.31076860000000000000,0.00011665270000000000,0.99667300000000000000,263.00000000000000000000
G,0.48028520000000000000,0.00007277049000000000,0.99942710000000000000,261.83330000000000000000
G,0.25886290000000000000,0.00014519980000000000,0.99849750000000000000,262.14290000000000000000
G,0.26049710000000000000,0.00013337780000000000,1.00006000000000000000,278.00000000000000000000
G,0.28854780000000000000,0.00011008730000000000,0.99577430000000000000,279.14290000000000000000
G,0.35336040000000000000,0.00007316732000000000,0.99622820000000000000,277.57140000000000000000
G,0.29278850000000000000,0.00009880660000000000,0.99583460000000000000,278.28570000000000000000
G,0.31187130000000000000,0.00009070720000000000,0.99583460000000000000,278.28570000000000000000
G,0.27772460000000000000,0.00010323070000000000,0.99583460000000000000,278.28570000000000000000
G,0.30195780000000000000,0.00007726563000000000,0.99521250000000000000,294.16670000000000000000
G,0.29469080000000000000,0.00008250458000000000,0.99521250000000000000,294.16670000000000000000
G,0.30728460000000000000,0.00007688077000000000,0.99521250000000000000,294.16670000000000000000
G,0.33583530000000000000,0.00008657199000000000,0.99521250000000000000,294.16670000000000000000
G,0.30093190000000000000,0.00008951582000000000,0.99521250000000000000,294.16670000000000000000
G,0.31884350000000000000,0.00009714056000000000,0.99549580000000000000,293.80000000000000000000
G,0.33472480000000000000,0.00005710883000000000,0.99677850000000000000,313.00000000000000000000
G,0.34002260000000000000,0.00005966083000000000,0.99676990000000000000,312.16670000000000000000
G,0.30483940000000000000,0.00006048253000000000,0.99612920000000000000,312.16670000000000000000
G,0.32112600000000000000,0.00006141770000000000,0.99676990000000000000,312.16670000000000000000
G,0.26399960000000000000,0.00007897674000000000,1.00069700000000000000,311.00000000000000000000
G,0.39588220000000000000,0.00005938157000000000,0.99908890000000000000,311.00000000000000000000
G,0.32863930000000000000,0.00005087189000000000,0.99457870000000000000,331.00000000000000000000
G,0.32446610000000000000,0.00004974461000000000,0.99541790000000000000,331.00000000000000000000
G,0.27829570000000000000,0.00005539872000000000,0.99666830000000000000,330.16670000000000000000
G,0.31871520000000000000,0.00005082072000000000,0.99457870000000000000,331.00000000000000000000
G,0.28996790000000000000,0.00006536646000000000,0.99616360000000000000,330.16670000000000000000
G,0.35248470000000000000,0.00005076486000000000,0.99616360000000000000,330.16670000000000000000
G,0.31903790000000000000,0.00006207440000000000,0.99698790000000000000,350.80000000000000000000
G,0.29135650000000000000,0.00005528137000000000,0.99698790000000000000,350.80000000000000000000
G,0.29165170000000000000,0.00006862575000000000,0.99698790000000000000,350.80000000000000000000
G,0.32067400000000000000,0.00005791173000000000,0.99698790000000000000,350.80000000000000000000
G,0.31059040000000000000,0.00005325743000000000,0.99625950000000000000,352.00000000000000000000
G,0.33423950000000000000,0.00005034289000000000,0.99926630000000000000,349.80000000000000000000
G,0.27667870000000000000,0.00009260359000000000,0.99893750000000000000,370.20000000000000000000
G,0.35431000000000000000,0.00005189822000000000,0.99498130000000000000,374.60000000000000000000
G,0.31662510000000000000,0.00009547293000000000,0.99623620000000000000,370.20000000000000000000
G,0.30778190000000000000,0.00006311594000000000,0.99466050000000000000,370.20000000000000000000
G,0.30933440000000000000,0.00006871821000000000,0.99971940000000000000,371.25000000000000000000
G,0.38245690000000000000,0.00006244420000000000,0.99893750000000000000,370.20000000000000000000
G,0.28069270000000000000,0.00007069179000000000,1.00011000000000000000,392.80000000000000000000
G,0.35666060000000000000,0.00004888583000000000,0.99488470000000000000,396.20000000000000000000
G,0.32074370000000000000,0.00005944527000000000,0.99658860000000000000,392.80000000000000000000
G,0.40045070000000000000,0.00004980533000000000,0.99658860000000000000,392.80000000000000000000
G,0.34846460000000000000,0.00004375103000000000,0.99835030000000000000,394.00000000000000000000
G,0.30297290000000000000,0.00005671525000000000,0.99722510000000000000,392.80000000000000000000
G,0.32788770000000000000,0.00004868105000000000,0.99510400000000000000,417.00000000000000000000
G,0.43088830000000000000,0.00004564631000000000,0.99610310000000000000,417.00000000000000000000
G,0.47854880000000000000,0.00005870343000000000,0.99959920000000000000,415.75000000000000000000
G,0.35599580000000000000,0.00004878436000000000,0.99959790000000000000,414.50000000000000000000
G,0.27844720000000000000,0.00006722909000000000,0.99734410000000000000,415.75000000000000000000
G,0.35801980000000000000,0.00005487368000000000,0.99734410000000000000,415.75000000000000000000
G,0.29219380000000000000,0.00006530138000000000,0.99649620000000000000,440.00000000000000000000
G,0.32158160000000000000,0.00006236083000000000,0.99343720000000000000,441.25000000000000000000
G,0.30133730000000000000,0.00006293263000000000,0.99649620000000000000,440.00000000000000000000
G,0.34395130000000000000,0.00006014145000000000,1.00047300000000000000,440.00000000000000000000
G,0.33596490000000000000,0.00006657591000000000,0.99583330000000000000,440.00000000000000000000
G,0.31359150000000000000,0.00006859099000000000,0.99343720000000000000,441.25000000000000000000
G,0.26567750000000000000,0.00005289177000000000,0.99616350000000000000,467.00000000000000000000
G,0.26830330000000000000,0.00004858511000000000,0.99856780000000000000,465.50000000000000000000
G,0.27924530000000000000,0.00004629249000000000,0.99616350000000000000,467.00000000000000000000
G,0.26755200000000000000,0.00005164373000000000,0.99616350000000000000,467.00000000000000000000
G,0.25850560000000000000,0.00005223955000000000,0.99616350000000000000,467.00000000000000000000
G,0.26982680000000000000,0.00005174859000000000,0.99695670000000000000,465.50000000000000000000
G,0.21461380000000000000,0.00005738718000000000,1.00000000000000000000,495.00000000000000000000
G,0.25563200000000000000,0.00006033175000000000,1.00000000000000000000,495.00000000000000000000
G,0.25794630000000000000,0.00006004231000000000,1.00000000000000000000,495.00000000000000000000
G,0.25374500000000000000,0.00004507836000000000,0.99675110000000000000,493.75000000000000000000
G,0.19030200000000000000,0.00006900572000000000,0.99448930000000000000,495.25000000000000000000
G,0.22954070000000000000,0.00005910355000000000,0.99647530000000000000,496.50000000000000000000
G,0.16423620000000000000,0.00005502377000000000,0.99787830000000000000,523.66670000000000000000
G,0.18288670000000000000,0.00005410731000000000,1.00000000000000000000,522.00000000000000000000
G,0.16170840000000000000,0.00005830182000000000,1.00000000000000000000,522.00000000000000000000
G,0.14788360000000000000,0.00007629740000000000,1.00000000000000000000,522.00000000000000000000
G,0.20981230000000000000,0.00005210642000000000,0.99787830000000000000,523.66670000000000000000
G,0.15145080000000000000,0.00006033119000000000,0.99787830000000000000,523.66670000000000000000
G,0.19106810000000000000,0.00004915427000000000,0.99809580000000000000,554.33330000000000000000
G,0.11041820000000000000,0.00007816272000000000,1.00000000000000000000,554.00000000000000000000
G,0.16709940000000000000,0.00005281891000000000,0.99809580000000000000,554.33330000000000000000
G,0.15945570000000000000,0.00005610202000000000,0.99760190000000000000,556.00000000000000000000
G,0.16519930000000000000,0.00005447377000000000,0.99760190000000000000,556.00000000000000000000
G,0.13457120000000000000,0.00006127830000000000,0.99680040000000000000,590.33330000000000000000
G,0.16896850000000000000,0.00005747909000000000,0.99763940000000000000,588.33330000000000000000
G,0.15848900000000000000,0.00006598329000000000,0.99810600000000000000,586.66670000000000000000
G,0.15894530000000000000,0.00005534864000000000,0.99680040000000000000,590.33330000000000000000
G,0.15402240000000000000,0.00006495505000000000,0.99763940000000000000,588.33330000000000000000
G,0.15800120000000000000,0.00005856908000000000,0.99763940000000000000,588.33330000000000000000
G,0.18752940000000000000,0.00005132785000000000,0.99563980000000000000,624.33330000000000000000
G,0.13087650000000000000,0.00005070281000000000,0.99787010000000000000,626.00000000000000000000
G,0.16660480000000000000,0.00005633051000000000,0.99563980000000000000,624.33330000000000000000
G,0.15180340000000000000,0.00004526812000000000,0.99787010000000000000,626.00000000000000000000
G,0.14993400000000000000,0.00005907097000000000,0.99830930000000000000,624.33330000000000000000
G,0.13641020000000000000,0.00005013739000000000,0.99787010000000000000,626.00000000000000000000
G,0.11322370000000000000,0.00006582886000000000,1.00000000000000000000,662.00000000000000000000
G,0.10708760000000000000,0.00006317563000000000,0.99961920000000000000,656.50000000000000000000
G,0.13230110000000000000,0.00005111056000000000,0.99713950000000000000,660.33330000000000000000
G,0.13295780000000000000,0.00004530158000000000,0.99587750000000000000,660.33330000000000000000
G,0.13675780000000000000,0.00004805713000000000,0.99587750000000000000,660.33330000000000000000
G,0.16424270000000000000,0.00004763187000000000,0.99957700000000000000,656.66670000000000000000
G,0.14736660000000000000,0.00006896506000000000,0.99964260000000000000,699.50000000000000000000
G,0.11698940000000000000,0.00006444714000000000,0.99784790000000000000,697.00000000000000000000
G,0.11196310000000000000,0.00007203921000000000,0.99784790000000000000,697.00000000000000000000
G,0.12455850000000000000,0.00007071686000000000,0.99784790000000000000,697.00000000000000000000
G,0.11466550000000000000,0.00007502361000000000,0.99964260000000000000,699.50000000000000000000
G,0.14699620000000000000,0.00007221205000000000,0.99964260000000000000,699.50000000000000000000
G,0.08382588000000000000,0.00006908348000000000,0.99966100000000000000,737.50000000000000000000
G,0.08822840000000000000,0.00006810551000000000,0.99797300000000000000,740.00000000000000000000
G,0.08167198000000000000,0.00006566564000000000,0.99797300000000000000,740.00000000000000000000
G,0.10274660000000000000,0.00006083407000000000,0.99966100000000000000,737.50000000000000000000
G,0.08946995000000000000,0.00006629389000000000,0.99966100000000000000,737.50000000000000000000
G,0.06763946000000000000,0.00006914085000000000,0.99968170000000000000,785.50000000000000000000
G,0.06543255000000000000,0.00006405641000000000,0.99968170000000000000,785.50000000000000000000
G,0.05870453000000000000,0.00006802408000000000,0.99968170000000000000,785.50000000000000000000
G,0.06476979000000000000,0.00006609337000000000,0.99968170000000000000,785.50000000000000000000
G,0.11697000000000000000,0.00006645964000000000,0.99808430000000000000,783.00000000000000000000
G,0.07215103000000000000,0.00006611833000000000,0.99968170000000000000,785.50000000000000000000
h_E,1.01413000000000000000,0.00008413457000000000,0.99952750000000000000,329.16670000000000000000
h_E,0.74046830000000000000,0.00009694107000000000,0.99872490000000000000,329.40000000000000000000
h_E,0.73846660000000000000,0.00008641723000000000,0.99952750000000000000,329.16670000000000000000
h_E,0.73290250000000000000,0.00009733078000000000,0.99872490000000000000,329.40000000000000000000
h_E,0.61828740000000000000,0.00011129570000000000,0.99872490000000000000,329.40000000000000000000
h_E,0.63259520000000000000,0.00010658230000000000,0.99872490000000000000,329.40000000000000000000
h_E,0.41457530000000000000,0.00011226520000000000,0.99926630000000000000,349.80000000000000000000
h_E,0.72460200000000000000,0.00008107752000000000,1.00084100000000000000,348.80000000000000000000
h_E,0.63207410000000000000,0.00009108529000000000,1.00084100000000000000,348.80000000000000000000
h_E,0.61796060000000000000,0.00008708402000000000,1.00191300000000000000,348.50000000000000000000
h_E,0.69441630000000000000,0.00009900590000000000,0.99926630000000000000,349.80000000000000000000
h_E,0.61258940000000000000,0.00007977723000000000,0.99926630000000000000,349.80000000000000000000
h_E,0.51142760000000000000,0.00008185054000000000,1.00028800000000000000,370.20000000000000000000
h_E,0.71312060000000000000,0.00007731155000000000,0.99921170000000000000,370.00000000000000000000
h_E,0.54960550000000000000,0.00007931342000000000,1.00028800000000000000,370.20000000000000000000
h_E,0.72349500000000000000,0.00006413015000000000,1.00028800000000000000,370.20000000000000000000
h_E,0.62975050000000000000,0.00007919680000000000,1.00028800000000000000,370.20000000000000000000
h_E,0.58292070000000000000,0.00007334458000000000,0.99921170000000000000,370.00000000000000000000
h_E,0.74487920000000000000,0.00004744675000000000,0.99862180000000000000,391.80000000000000000000
h_E,0.58072480000000000000,0.00006420583000000000,0.99862180000000000000,391.80000000000000000000
h_E,0.46008820000000000000,0.00005755908000000000,0.99989800000000000000,391.80000000000000000000
h_E,0.66857590000000000000,0.00007147827000000000,0.99862180000000000000,391.80000000000000000000
h_E,0.53938970000000000000,0.00012557150000000000,1.00063900000000000000,391.50000000000000000000
h_E,0.46338280000000000000,0.00004764360000000000,0.99904220000000000000,391.50000000000000000000
h_E,0.58385890000000000000,0.00010294750000000000,0.98511730000000000000,415.75000000000000000000
h_E,0.82192010000000000000,0.00010261540000000000,0.98632890000000000000,414.50000000000000000000
h_E,0.51875100000000000000,0.00022403040000000000,0.98411510000000000000,415.75000000000000000000
h_E,0.65577700000000000000,0.00025777850000000000,0.99296340000000000000,414.50000000000000000000
h_E,0.51430150000000000000,0.00047237980000000000,0.99296340000000000000,414.50000000000000000000
h_E,0.52989910000000000000,0.00005514213000000000,0.99959790000000000000,414.50000000000000000000
h_E,0.28878470000000000000,0.00010434700000000000,0.99933710000000000000,440.00000000000000000000
h_E,0.46216630000000000000,0.00010751760000000000,1.00063200000000000000,439.33330000000000000000
h_E,0.38713460000000000000,0.00009291957000000000,1.00190000000000000000,438.50000000000000000000
h_E,0.44740860000000000000,0.00011395230000000000,1.00063200000000000000,439.33330000000000000000
h_E,0.41487360000000000000,0.00009256960000000000,1.00190000000000000000,438.50000000000000000000
h_E,0.48344730000000000000,0.00006491876000000000,0.99809960000000000000,438.50000000000000000000
h_E,0.29788890000000000000,0.00010082750000000000,0.99767280000000000000,465.50000000000000000000
h_E,0.52921980000000000000,0.00005899630000000000,0.99767280000000000000,465.50000000000000000000
h_E,0.43840410000000000000,0.00007384973000000000,0.99968590000000000000,464.25000000000000000000
h_E,0.54205480000000000000,0.00004827908000000000,0.99968590000000000000,464.25000000000000000000
h_E,0.40144720000000000000,0.00007664647000000000,0.99968590000000000000,464.25000000000000000000
h_E,0.56947230000000000000,0.00004442057000000000,0.99807040000000000000,464.25000000000000000000
h_E,0.36039360000000000000,0.00007038913000000000,1.00008500000000000000,491.00000000000000000000
h_E,0.57518010000000000000,0.00005274975000000000,1.00008500000000000000,491.00000000000000000000
h_E,0.35759840000000000000,0.00007470727000000000,1.00008500000000000000,491.00000000000000000000
h_E,0.39715900000000000000,0.00005807593000000000,1.00008500000000000000,491.00000000000000000000
h_E,0.33000500000000000000,0.00007993723000000000,1.00008500000000000000,491.00000000000000000000
h_E,0.47631440000000000000,0.00005928369000000000,0.99780040000000000000,492.50000000000000000000
h_E,0.57214440000000000000,0.00005022853000000000,1.00000000000000000000,522.00000000000000000000
h_E,0.46682000000000000000,0.00005432354000000000,1.00000000000000000000,522.00000000000000000000
h_E,0.37973690000000000000,0.00006291428000000000,1.00000000000000000000,522.00000000000000000000
h_E,0.44566320000000000000,0.00005263359000000000,1.00000000000000000000,522.00000000000000000000
h_E,0.27421330000000000000,0.00007196999000000000,1.00000000000000000000,522.00000000000000000000
h_E,0.43290590000000000000,0.00005398226000000000,1.00000000000000000000,522.00000000000000000000
h_E,0.46010310000000000000,0.00006461143000000000,0.99708480000000000000,552.66670000000000000000
h_E,0.34094500000000000000,0.00007220656000000000,1.00010000000000000000,552.66670000000000000000
h_E,0.27119610000000000000,0.00009435043000000000,1.00010000000000000000,552.66670000000000000000
h_E,0.33306000000000000000,0.00007491823000000000,0.99708480000000000000,552.66670000000000000000
h_E,0.29100180000000000000,0.00009346084000000000,1.00010000000000000000,552.66670000000000000000
h_E,0.37284980000000000000,0.00006604967000000000,0.99949550000000000000,550.66670000000000000000
h_E,0.26283800000000000000,0.00006342225000000000,0.99952650000000000000,586.66670000000000000000
h_E,0.29858120000000000000,0.00007098999000000000,0.99957370000000000000,586.50000000000000000000
h_E,0.27290900000000000000,0.00006542714000000000,0.99952650000000000000,586.66670000000000000000
h_E,0.33360560000000000000,0.00005821338000000000,0.99952650000000000000,586.66670000000000000000
h_E,0.40317140000000000000,0.00005436717000000000,0.99952650000000000000,586.66670000000000000000
h_E,0.35095270000000000000,0.00005559456000000000,1.00180500000000000000,584.66670000000000000000
h_E,0.78637660000000000000,0.00004198893000000000,0.99838450000000000000,619.00000000000000000000
h_E,0.42713090000000000000,0.00005350098000000000,1.00216100000000000000,617.00000000000000000000
h_E,0.40189960000000000000,0.00004994456000000000,1.00054000000000000000,617.00000000000000000000
h_E,0.44520160000000000000,0.00004985512000000000,1.00216100000000000000,617.00000000000000000000
h_E,0.39267000000000000000,0.00005029351000000000,1.00216100000000000000,617.00000000000000000000
h_E,0.41053100000000000000,0.00005651521000000000,1.00054000000000000000,617.00000000000000000000
h_E,0.32865860000000000000,0.00006653125000000000,0.99772380000000000000,659.00000000000000000000
h_E,0.45228620000000000000,0.00004541672000000000,0.99789030000000000000,658.33330000000000000000
h_E,0.22974810000000000000,0.00006027345000000000,0.99957700000000000000,656.66670000000000000000
h_E,0.27508740000000000000,0.00005830578000000000,0.99957700000000000000,656.66670000000000000000
h_E,0.27453390000000000000,0.00005512420000000000,0.99957700000000000000,656.66670000000000000000
h_E,0.28688440000000000000,0.00005498432000000000,0.99789030000000000000,658.33330000000000000000
h_E,0.26492470000000000000,0.00006662103000000000,1.00000000000000000000,694.00000000000000000000
h_E,0.27023290000000000000,0.00006452283000000000,0.99784790000000000000,697.00000000000000000000
h_E,0.23681780000000000000,0.00007515540000000000,0.99784790000000000000,697.00000000000000000000
h_E,0.26951280000000000000,0.00007177317000000000,0.99784790000000000000,697.00000000000000000000
h_E,0.23387660000000000000,0.00007834480000000000,1.00143500000000000000,697.00000000000000000000
h_E,0.26946370000000000000,0.00008330937000000000,0.99784790000000000000,697.00000000000000000000
h_E,0.21928020000000000000,0.00007101989000000000,0.99966100000000000000,737.50000000000000000000
h_E,0.22042380000000000000,0.00007147233000000000,0.99966100000000000000,737.50000000000000000000
h_E,0.22179060000000000000,0.00006930501000000000,0.99966100000000000000,737.50000000000000000000
h_E,0.24681080000000000000,0.00006347634000000000,0.99966100000000000000,737.50000000000000000000
h_E,0.21049330000000000000,0.00007048550000000000,0.99966100000000000000,737.50000000000000000000
h_E,0.25202360000000000000,0.00006467531000000000,0.99966100000000000000,737.50000000000000000000
h_E,0.36569740000000000000,0.00006515690000000000,0.99808430000000000000,783.00000000000000000000
h_E,0.22383610000000000000,0.00007432335000000000,0.99808430000000000000,783.00000000000000000000
h_E,0.25006270000000000000,0.00006263936000000000,0.99967970000000000000,780.50000000000000000000
h_E,0.20828230000000000000,0.00006516516000000000,0.99967970000000000000,780.50000000000000000000
h_E,0.26290970000000000000,0.00006526978000000000,0.99967970000000000000,780.50000000000000000000
h_E,0.15710250000000000000,0.00007243561000000000,1.00000000000000000000,829.00000000000000000000
h_E,0.28452070000000000000,0.00005996781000000000,0.99849670000000000000,831.50000000000000000000
h_E,0.17182400000000000000,0.00008259637000000000,1.00150300000000000000,831.50000000000000000000
h_E,0.26806830000000000000,0.00006270585000000000,0.99849670000000000000,831.50000000000000000000
h_E,0.26672800000000000000,0.00005865810000000000,0.99849670000000000000,831.50000000000000000000
h_E,0.41806740000000000000,0.00005636340000000000,1.00000000000000000000,829.00000000000000000000
h_E,0.18439900000000000000,0.00006443968000000000,1.00113600000000000000,880.00000000000000000000
h_E,0.18205720000000000000,0.00010000000000000000,1.00000000000000000000,877.00000000000000000000
h_E,0.18827330000000000000,0.00006024675000000000,1.00000000000000000000,877.00000000000000000000
h_E,0.23700950000000000000,0.00005597822000000000,1.00000000000000000000,877.00000000000000000000
h_E,0.20013400000000000000,0.00005856104000000000,1.00000000000000000000,877.00000000000000000000
h_E,0.22866190000000000000,0.00005662594000000000,1.00000000000000000000,877.00000000000000000000
h_E,0.16795430000000000000,0.00006433630000000000,1.00000000000000000000,931.00000000000000000000
h_E,0.16397700000000000000,0.00010000000000000000,1.00000000000000000000,931.00000000000000000000
h_E,0.12556130000000000000,0.00010000000000000000,1.00000000000000000000,931.00000000000000000000
h_E,0.15250060000000000000,0.00010000000000000000,1.00000000000000000000,931.00000000000000000000
h_E,0.21347320000000000000,0.00005480001000000000,1.00134600000000000000,928.50000000000000000000
h_E,0.22031010000000000000,0.00005677119000000000,1.00134600000000000000,928.50000000000000000000
h_E,0.14974540000000000000,0.00006684967000000000,1.00000000000000000000,985.00000000000000000000
h_E,0.21004420000000000000,0.00005492256000000000,1.00000000000000000000,985.00000000000000000000
h_E,0.16752640000000000000,0.00005954532000000000,1.00000000000000000000,985.00000000000000000000
h_E,0.20261130000000000000,0.00005469596000000000,1.00000000000000000000,985.00000000000000000000
h_E,0.14552720000000000000,0.00006591922000000000,1.00000000000000000000,985.00000000000000000000
h_E,0.11933170000000000000,0.00010000000000000000,1.00000000000000000000,985.00000000000000000000
h_E,0.11119960000000000000,0.00010000000000000000,1.00000000000000000000,1049.00000000000000000000
h_E,0.11723750000000000000,0.00010000000000000000,1.00000000000000000000,1049.00000000000000000000
h_E,0.11283190000000000000,0.00010000000000000000,1.00000000000000000000,1049.00000000000000000000
h_E,0.11877900000000000000,0.00010000000000000000,1.00000000000000000000,1049.00000000000000000000
h_E,0.13475400000000000000,0.00010000000000000000,1.00000000000000000000,1044.00000000000000000000
h_E,0.14687160000000000000,0.00010000000000000000,1.00000000000000000000,1049.00000000000000000000
h_E,1.13208300000000000000,0.00008648806000000000,0.99771310000000000000,329.40000000000000000000
h_E,0.71816050000000000000,0.00009619330000000000,0.99872490000000000000,329.40000000000000000000
h_E,0.77651230000000000000,0.00008937302000000000,0.99872490000000000000,329.40000000000000000000
h_E,0.90300580000000000000,0.00008536143000000000,0.99771310000000000000,329.40000000000000000000
h_E,0.72965730000000000000,0.00006923795000000000,0.99952750000000000000,329.16670000000000000000
h_E,0.59516480000000000000,0.00009897704000000000,0.99872490000000000000,329.40000000000000000000
h_E,0.63953780000000000000,0.00008580500000000000,1.00084100000000000000,348.80000000000000000000
h_E,0.64187790000000000000,0.00008772076000000000,1.00084100000000000000,348.80000000000000000000
h_E,0.90022220000000000000,0.00007840942000000000,1.00084100000000000000,348.80000000000000000000
h_E,0.81498130000000000000,0.00007850351000000000,1.00084100000000000000,348.80000000000000000000
h_E,1.29165100000000000000,0.00007112390000000000,0.99988540000000000000,348.80000000000000000000
h_E,0.91543840000000000000,0.00008047124000000000,0.99988540000000000000,348.80000000000000000000
h_E,0.82875700000000000000,0.00007604370000000000,0.99988540000000000000,348.80000000000000000000
h_E,5.40071200000000000000,0.00007904693000000000,0.99898990000000000000,247.50000000000000000000
h_E,0.63813100000000000000,0.00008979830000000000,1.00110100000000000000,369.20000000000000000000
h_E,0.61230910000000000000,0.00008876732000000000,1.00110100000000000000,369.20000000000000000000
h_E,0.66655610000000000000,0.00010151370000000000,0.99921170000000000000,370.00000000000000000000
h_E,0.54278040000000000000,0.00008475257000000000,1.00110100000000000000,369.20000000000000000000
h_E,0.50090120000000000000,0.00009068433000000000,1.00110100000000000000,369.20000000000000000000
h_E,0.72084270000000000000,0.00007373027000000000,1.00110100000000000000,369.20000000000000000000
h_E,0.42070310000000000000,0.00008744052000000000,0.99904220000000000000,391.50000000000000000000
h_E,0.58907470000000000000,0.00007206021000000000,0.99862180000000000000,391.80000000000000000000
h_E,0.61982530000000000000,0.00008014397000000000,0.99904220000000000000,391.50000000000000000000
h_E,0.58403410000000000000,0.00009138156000000000,0.99904220000000000000,391.50000000000000000000
h_E,0.66374180000000000000,0.00012651170000000000,0.99904220000000000000,391.50000000000000000000
h_E,0.58333100000000000000,0.00006733052000000000,0.99904220000000000000,391.50000000000000000000
h_E,0.50117030000000000000,0.00022965010000000000,0.99296340000000000000,414.50000000000000000000
h_E,0.58319760000000000000,0.00031414860000000000,0.99296340000000000000,414.50000000000000000000
h_E,0.56242590000000000000,0.00057494880000000000,0.99296340000000000000,414.50000000000000000000
h_E,0.98335420000000000000,0.00036535160000000000,0.99296340000000000000,414.50000000000000000000
h_E,0.47274250000000000000,0.00008196759000000000,0.99959790000000000000,414.50000000000000000000
h_E,0.40252300000000000000,0.00008964658000000000,0.99959790000000000000,414.50000000000000000000
h_E,0.98759720000000000000,0.00005748798000000000,0.99873300000000000000,438.50000000000000000000
h_E,0.59776250000000000000,0.00009370418000000000,1.00190000000000000000,438.50000000000000000000
h_E,0.64865590000000000000,0.00009142733000000000,1.00190000000000000000,438.50000000000000000000
h_E,0.57609570000000000000,0.00009034092000000000,1.00190000000000000000,438.50000000000000000000
h_E,0.66240750000000000000,0.00009111071000000000,1.00190000000000000000,438.50000000000000000000
h_E,0.48649500000000000000,0.00008493194000000000,1.00190000000000000000,438.50000000000000000000
h_E,0.34065450000000000000,0.00009213135000000000,0.99868490000000000000,464.66670000000000000000
h_E,0.51499250000000000000,0.00008742745000000000,0.99868490000000000000,464.66670000000000000000
h_E,0.46186680000000000000,0.00009554605000000000,0.99868490000000000000,464.66670000000000000000
h_E,0.37008790000000000000,0.00009770458000000000,0.99868490000000000000,464.66670000000000000000
h_E,0.46183760000000000000,0.00009566457000000000,0.99868490000000000000,464.66670000000000000000
h_E,0.39918890000000000000,0.00010107980000000000,0.99868490000000000000,464.66670000000000000000
h_E,0.45728890000000000000,0.00006324842000000000,1.00008500000000000000,491.00000000000000000000
h_E,0.38626280000000000000,0.00009143884000000000,0.99875710000000000000,491.66670000000000000000
h_E,0.42186980000000000000,0.00009317830000000000,0.99875710000000000000,491.66670000000000000000
h_E,0.49540880000000000000,0.00006939749000000000,0.99780040000000000000,492.50000000000000000000
h_E,0.51456670000000000000,0.00007561885000000000,0.99780040000000000000,492.50000000000000000000
h_E,0.50165010000000000000,0.00007232108000000000,0.99780040000000000000,492.50000000000000000000
h_E,0.46863250000000000000,0.00006726544000000000,1.00000000000000000000,522.00000000000000000000
h_E,0.52444590000000000000,0.00005293035000000000,1.00000000000000000000,522.00000000000000000000
h_E,0.44807630000000000000,0.00006111397000000000,1.00000000000000000000,522.00000000000000000000
h_E,0.53302130000000000000,0.00005820116000000000,1.00000000000000000000,522.00000000000000000000
h_E,0.40589790000000000000,0.00006051481000000000,1.00000000000000000000,522.00000000000000000000
h_E,0.68641760000000000000,0.00006122907000000000,1.00000000000000000000,522.00000000000000000000
h_E,0.50832590000000000000,0.00006042483000000000,1.00010000000000000000,552.66670000000000000000
h_E,0.61822770000000000000,0.00005841054000000000,0.99708480000000000000,552.66670000000000000000
h_E,0.46885300000000000000,0.00005573094000000000,1.00010000000000000000,552.66670000000000000000
h_E,0.33294050000000000000,0.00006728066000000000,1.00010000000000000000,552.66670000000000000000
h_E,0.55405110000000000000,0.00006049830000000000,1.00010000000000000000,552.66670000000000000000
h_E,0.54189200000000000000,0.00005968614000000000,1.00160800000000000000,552.66670000000000000000
h_E,0.45749450000000000000,0.00005759042000000000,1.00038000000000000000,584.66670000000000000000
h_E,0.37043030000000000000,0.00006860294000000000,0.99957370000000000000,586.50000000000000000000
h_E,0.42357250000000000000,0.00007366430000000000,0.99957370000000000000,586.50000000000000000000
h_E,0.41237550000000000000,0.00006821081000000000,0.99957370000000000000,586.50000000000000000000
h_E,0.31323960000000000000,0.00006111748000000000,0.99952650000000000000,586.66670000000000000000
h_E,0.30344300000000000000,0.00006491292000000000,0.99952650000000000000,586.66670000000000000000
h_E,0.31738690000000000000,0.00005444975000000000,1.00000000000000000000,619.00000000000000000000
h_E,0.83518760000000000000,0.00006229444000000000,0.99741250000000000000,622.66670000000000000000
h_E,0.44345900000000000000,0.00005092535000000000,0.99955240000000000000,620.66670000000000000000
h_E,0.49160830000000000000,0.00004498573000000000,0.99820980000000000000,620.66670000000000000000
h_E,0.42212110000000000000,0.00004906139000000000,0.99955240000000000000,620.66670000000000000000
h_E,0.36273480000000000000,0.00006480856000000000,0.99798870000000000000,621.50000000000000000000
h_E,0.32482660000000000000,0.00005328921000000000,0.99789030000000000000,658.33330000000000000000
h_E,0.32187010000000000000,0.00005329770000000000,0.99957700000000000000,656.66670000000000000000
h_E,0.29748490000000000000,0.00005494896000000000,0.99957700000000000000,656.66670000000000000000
h_E,0.34332070000000000000,0.00005111761000000000,0.99957700000000000000,656.66670000000000000000
h_E,0.31100020000000000000,0.00005393850000000000,0.99957700000000000000,656.66670000000000000000
h_E,0.28019480000000000000,0.00005684228000000000,0.99957700000000000000,656.66670000000000000000
h_E,0.30464920000000000000,0.00006409303000000000,0.99784790000000000000,697.00000000000000000000
h_E,0.30106240000000000000,0.00007278987000000000,1.00143500000000000000,697.00000000000000000000
h_E,0.30040780000000000000,0.00008579875000000000,1.00143500000000000000,697.00000000000000000000
h_E,0.23715350000000000000,0.00007000583000000000,0.99784790000000000000,697.00000000000000000000
h_E,0.28858520000000000000,0.00006935850000000000,0.99784790000000000000,697.00000000000000000000
h_E,0.24149870000000000000,0.00007150593000000000,1.00000000000000000000,694.00000000000000000000
h_E,0.24409630000000000000,0.00006400664000000000,0.99966100000000000000,737.50000000000000000000
h_E,0.20028530000000000000,0.00006917684000000000,0.99966100000000000000,737.50000000000000000000
h_E,0.20395400000000000000,0.00006726664000000000,0.99966100000000000000,737.50000000000000000000
h_E,0.20481640000000000000,0.00006921023000000000,0.99966100000000000000,737.50000000000000000000
h_E,0.36947290000000000000,0.00006564270000000000,0.99966100000000000000,737.50000000000000000000
h_E,0.21785040000000000000,0.00006509337000000000,0.99967970000000000000,780.50000000000000000000
h_E,0.20489760000000000000,0.00006626876000000000,0.99968170000000000000,785.50000000000000000000
h_E,0.20021830000000000000,0.00006902440000000000,0.99967970000000000000,780.50000000000000000000
h_E,0.16535180000000000000,0.00007799808000000000,0.99849670000000000000,831.50000000000000000000
h_E,0.22052700000000000000,0.00006520720000000000,0.99849670000000000000,831.50000000000000000000
h_E,0.16872430000000000000,0.00007204002000000000,1.00000000000000000000,829.00000000000000000000
h_E,0.19340530000000000000,0.00006743910000000000,1.00000000000000000000,829.00000000000000000000
h_E,0.18168390000000000000,0.00006871722000000000,1.00000000000000000000,829.00000000000000000000
h_E,0.19440310000000000000,0.00006840160000000000,1.00000000000000000000,829.00000000000000000000
h_E,0.15680920000000000000,0.00007088288000000000,1.00000000000000000000,877.00000000000000000000
h_E,0.18477060000000000000,0.00006209951000000000,1.00000000000000000000,877.00000000000000000000
h_E,0.24762320000000000000,0.00005872036000000000,1.00000000000000000000,877.00000000000000000000
h_E,0.15517990000000000000,0.00006775373000000000,1.00000000000000000000,877.00000000000000000000
h_E,0.23428920000000000000,0.00005960621000000000,1.00000000000000000000,877.00000000000000000000
h_E,0.20340370000000000000,0.00007174770000000000,0.99829540000000000000,880.00000000000000000000
h_E,0.22973420000000000000,0.00006067273000000000,1.00107100000000000000,934.00000000000000000000
h_E,0.18626420000000000000,0.00006410889000000000,1.00000000000000000000,931.00000000000000000000
h_E,0.24150750000000000000,0.00006177086000000000,0.99839400000000000000,934.00000000000000000000
h_E,0.24534740000000000000,0.00005825474000000000,0.99839400000000000000,934.00000000000000000000
h_E,0.35051370000000000000,0.00005558898000000000,0.99839400000000000000,934.00000000000000000000
h_E,0.32132150000000000000,0.00006043391000000000,0.99839400000000000000,934.00000000000000000000
h_E,0.16030350000000000000,0.00005829065000000000,1.00000000000000000000,985.00000000000000000000
h_E,0.17310950000000000000,0.00005729159000000000,1.00000000000000000000,985.00000000000000000000
h_E,0.25477570000000000000,0.00005442687000000000,0.99873420000000000000,987.50000000000000000000
h_E,0.24647030000000000000,0.00005825283000000000,0.99873420000000000000,987.50000000000000000000
h_E,0.21976930000000000000,0.00005918342000000000,1.00126600000000000000,987.50000000000000000000
h_E,0.19778010000000000000,0.00005791058000000000,0.99873420000000000000,987.50000000000000000000
h_E,0.14892020000000000000,0.00010000000000000000,1.00000000000000000000,1044.00000000000000000000
h_E,0.15488290000000000000,0.00010000000000000000,1.00000000000000000000,1044.00000000000000000000
h_E,0.11542550000000000000,0.00010000000000000000,1.00000000000000000000,1049.00000000000000000000
h_E,0.12239710000000000000,0.00010000000000000000,1.00000000000000000000,1049.00000000000000000000
h_E,0.12268600000000000000,0.00010000000000000000,1.00000000000000000000,1049.00000000000000000000
h_E,0.10977760000000000000,0.00010000000000000000,1.00000000000000000000,1049.00000000000000000000
A,0.48295890000000000000,0.00008163606000000000,0.99612820000000000000,109.80000000000000000000
A,0.33734170000000000000,0.00009587850000000000,0.99612820000000000000,109.80000000000000000000
A,0.33396930000000000000,0.00009444201000000000,0.99617030000000000000,109.80000000000000000000
A,0.31454580000000000000,0.00009709047000000000,0.99617030000000000000,109.80000000000000000000
A,0.31651260000000000000,0.00009527424000000000,0.99617030000000000000,109.80000000000000000000
A,0.25650330000000000000,0.00011810700000000000,0.99743520000000000000,109.80000000000000000000
A,0.40237170000000000000,0.00008419854000000000,0.99637320000000000000,116.80000000000000000000
A,0.43353580000000000000,0.00008985215000000000,0.99787590000000000000,116.55560000000000000000
A,0.46591790000000000000,0.00009586329000000000,0.99912020000000000000,116.37500000000000000000
A,0.31218970000000000000,0.00010008580000000000,1.00029500000000000000,116.20000000000000000000
A,0.34912700000000000000,0.00010143760000000000,0.99787590000000000000,116.55560000000000000000
A,0.29077500000000000000,0.00011068720000000000,1.00205600000000000000,116.00000000000000000000
A,0.36374570000000000000,0.00006034154000000000,0.99872400000000000000,123.77780000000000000000
A,0.41822390000000000000,0.00005813909000000000,0.99679080000000000000,123.77780000000000000000
A,0.42526340000000000000,0.00006128955000000000,0.99679080000000000000,123.77780000000000000000
A,0.48801590000000000000,0.00005213185000000000,1.00052900000000000000,123.11110000000000000000
A,0.45168760000000000000,0.00005307342000000000,0.99917520000000000000,123.11110000000000000000
A,0.32149110000000000000,0.00006274055000000000,0.99917520000000000000,123.11110000000000000000
A,0.35325880000000000000,0.00006463735000000000,0.99658550000000000000,130.50000000000000000000
A,0.32100830000000000000,0.00005562999000000000,0.99672500000000000000,130.50000000000000000000
A,0.36828740000000000000,0.00005197096000000000,0.99590400000000000000,130.50000000000000000000
A,0.30783820000000000000,0.00006023262000000000,0.99564730000000000000,130.50000000000000000000
A,0.30972120000000000000,0.00004910450000000000,0.99822190000000000000,130.33330000000000000000
A,0.36862620000000000000,0.00005124229000000000,0.99672500000000000000,130.50000000000000000000
A,0.42886320000000000000,0.00007871000000000000,0.99757510000000000000,138.28570000000000000000
A,0.27639160000000000000,0.00007319359000000000,0.99788800000000000000,138.50000000000000000000
A,0.28839530000000000000,0.00007278111000000000,1.00046900000000000000,137.87500000000000000000
A,0.37163070000000000000,0.00006419068000000000,1.00034200000000000000,137.87500000000000000000
A,0.32729150000000000000,0.00006836180000000000,1.00046900000000000000,137.87500000000000000000
A,0.30399830000000000000,0.00006862592000000000,1.00034200000000000000,137.87500000000000000000
A,0.32901610000000000000,0.00004773619000000000,0.99843450000000000000,146.00000000000000000000
A,0.31278340000000000000,0.00004837578000000000,0.99843450000000000000,146.00000000000000000000
A,0.35670500000000000000,0.00004829015000000000,0.99721130000000000000,146.00000000000000000000
A,0.32084370000000000000,0.00004951509000000000,0.99721130000000000000,146.00000000000000000000
A,0.29567720000000000000,0.00004913579000000000,0.99721130000000000000,146.00000000000000000000
A,0.34396400000000000000,0.00004768949000000000,0.99721130000000000000,146.00000000000000000000
A,0.24228330000000000000,0.00005670765000000000,0.99971890000000000000,155.28570000000000000000
A,0.26565360000000000000,0.00005714245000000000,0.99971890000000000000,155.28570000000000000000
A,0.27484740000000000000,0.00005270943000000000,0.99649900000000000000,155.28570000000000000000
A,0.27354160000000000000,0.00005148712000000000,0.99649900000000000000,155.28570000000000000000
A,0.25828440000000000000,0.00005155435000000000,0.99649900000000000000,155.28570000000000000000
A,0.25826750000000000000,0.00005191733000000000,0.99971890000000000000,155.28570000000000000000
A,0.25815570000000000000,0.00005582424000000000,0.99468690000000000000,164.16670000000000000000
A,0.30164240000000000000,0.00005250097000000000,0.99468690000000000000,164.16670000000000000000
A,0.19397620000000000000,0.00006170748000000000,0.99468690000000000000,164.16670000000000000000
A,0.24730410000000000000,0.00005360068000000000,0.99468690000000000000,164.16670000000000000000
A,0.25063060000000000000,0.00005477031000000000,0.99468690000000000000,164.16670000000000000000
A,0.26337300000000000000,0.00005705120000000000,0.99468690000000000000,164.16670000000000000000
A,0.25776630000000000000,0.00004136568000000000,0.99731800000000000000,174.00000000000000000000
A,0.27067280000000000000,0.00004192570000000000,0.99731800000000000000,174.00000000000000000000
A,0.28837980000000000000,0.00004221054000000000,0.99846740000000000000,174.00000000000000000000
A,0.27307400000000000000,0.00004409101000000000,0.99846740000000000000,174.00000000000000000000
A,0.21860960000000000000,0.00004693090000000000,0.99846740000000000000,174.00000000000000000000
A,0.24657690000000000000,0.00004893253000000000,0.99846740000000000000,174.00000000000000000000
A,0.15578260000000000000,0.00004533967000000000,0.99701090000000000000,184.00000000000000000000
A,0.29619460000000000000,0.00004345578000000000,0.99882250000000000000,184.00000000000000000000
A,0.22559400000000000000,0.00004242298000000000,0.99701090000000000000,184.00000000000000000000
A,0.21169790000000000000,0.00005057154000000000,0.99762230000000000000,184.00000000000000000000
A,0.19436610000000000000,0.00005255543000000000,0.99762230000000000000,184.00000000000000000000
A,0.14724320000000000000,0.00005483037000000000,0.99762230000000000000,184.00000000000000000000
A,0.15330310000000000000,0.00004794633000000000,0.99627820000000000000,194.80000000000000000000
A,0.18129910000000000000,0.00004953635000000000,0.99627820000000000000,194.80000000000000000000
A,0.15514660000000000000,0.00004423734000000000,0.99627820000000000000,194.80000000000000000000
A,0.17343070000000000000,0.00005106492000000000,0.99627820000000000000,194.80000000000000000000
A,0.19048480000000000000,0.00005079094000000000,0.99246680000000000000,195.80000000000000000000
A,0.17616180000000000000,0.00003900747000000000,0.99757020000000000000,194.80000000000000000000
A,0.15869510000000000000,0.00005465205000000000,0.99467230000000000000,207.25000000000000000000
A,0.15954840000000000000,0.00005283571000000000,0.99467230000000000000,207.25000000000000000000
A,0.15847710000000000000,0.00005096388000000000,0.99467230000000000000,207.25000000000000000000
A,0.17906640000000000000,0.00005217551000000000,0.99467230000000000000,207.25000000000000000000
A,0.17250340000000000000,0.00005181881000000000,0.99467230000000000000,207.25000000000000000000
A,0.16184050000000000000,0.00005168005000000000,0.99467230000000000000,207.25000000000000000000
A,0.14080040000000000000,0.00004330440000000000,0.99876480000000000000,219.25000000000000000000
A,0.26723330000000000000,0.00004809866000000000,1.00001500000000000000,219.60000000000000000000
A,0.23516670000000000000,0.00003806276000000000,1.00001500000000000000,219.60000000000000000000
A,0.16193070000000000000,0.00004123494000000000,0.99773820000000000000,219.60000000000000000000
A,0.16759080000000000000,0.00004065855000000000,0.99773820000000000000,219.60000000000000000000
A,0.16846050000000000000,0.00004227837000000000,0.99773820000000000000,219.60000000000000000000
A,0.12994880000000000000,0.00004490672000000000,0.99575090000000000000,232.40000000000000000000
A,0.12521820000000000000,0.00005607237000000000,0.99927930000000000000,231.25000000000000000000
A,0.11972630000000000000,0.00005805694000000000,0.99927930000000000000,231.25000000000000000000
A,0.12495190000000000000,0.00005927140000000000,0.99927930000000000000,231.25000000000000000000
A,0.14752710000000000000,0.00006554207000000000,0.99927930000000000000,231.25000000000000000000
A,0.10806320000000000000,0.00005819244000000000,0.99927930000000000000,231.25000000000000000000
A,0.11225710000000000000,0.00006164094000000000,0.99864630000000000000,246.25000000000000000000
A,0.11249580000000000000,0.00005749620000000000,0.99864630000000000000,246.25000000000000000000
A,0.12742800000000000000,0.00004699939000000000,0.99839260000000000000,246.25000000000000000000
A,0.12461890000000000000,0.00006764019000000000,0.99864630000000000000,246.25000000000000000000
A,0.12215080000000000000,0.00006790640000000000,0.99864630000000000000,246.25000000000000000000
A,0.13006070000000000000,0.00004590145000000000,0.99839260000000000000,246.25000000000000000000
A,0.12662180000000000000,0.00004585879000000000,0.99616860000000000000,261.00000000000000000000
A,0.13364060000000000000,0.00005293277000000000,0.99616860000000000000,261.00000000000000000000
A,0.11178570000000000000,0.00004855132000000000,1.00255400000000000000,261.00000000000000000000
A,0.11347620000000000000,0.00004740379000000000,0.99616860000000000000,261.00000000000000000000
A,0.11734520000000000000,0.00004420918000000000,0.99616860000000000000,261.00000000000000000000
A,0.14130420000000000000,0.00004395425000000000,0.99616860000000000000,261.00000000000000000000
A,0.13679680000000000000,0.00004888557000000000,0.99497380000000000000,276.33330000000000000000
A,0.10131910000000000000,0.00004873383000000000,0.99798950000000000000,276.33330000000000000000
A,0.10871420000000000000,0.00004847471000000000,0.99798950000000000000,276.33330000000000000000
A,0.18687260000000000000,0.00004772384000000000,0.99798950000000000000,276.33330000000000000000
A,0.11716080000000000000,0.00004895935000000000,0.99497380000000000000,276.33330000000000000000
A,0.10950260000000000000,0.00004734082000000000,0.99497380000000000000,276.33330000000000000000
A,0.10337000000000000000,0.00004487881000000000,0.99524900000000000000,292.33330000000000000000
A,0.08660099000000000000,0.00004678558000000000,0.99809960000000000000,292.33330000000000000000
A,0.10706710000000000000,0.00004580913000000000,0.99809960000000000000,292.33330000000000000000
A,0.08207799000000000000,0.00004893337000000000,0.99809960000000000000,292.33330000000000000000
A,0.11559830000000000000,0.00004243617000000000,0.99904440000000000000,290.66670000000000000000
A,0.13283450000000000000,0.00005694665000000000,0.99600910000000000000,292.33330000000000000000
A,0.07789996000000000000,0.00006243584000000000,0.99621620000000000000,308.33330000000000000000
A,0.07694079000000000000,0.00006319000000000000,1.00268500000000000000,310.33330000000000000000
A,0.06203626000000000000,0.00006139404000000000,1.00268500000000000000,310.33330000000000000000
A,0.13271060000000000000,0.00004516012000000000,1.00089500000000000000,310.33330000000000000000
A,0.14542560000000000000,0.00004572108000000000,1.00089500000000000000,310.33330000000000000000
A,0.09764457000000000000,0.00004759972000000000,1.00089500000000000000,310.33330000000000000000
A,0.06992077000000000000,0.00004440367000000000,0.99595960000000000000,330.00000000000000000000
A,0.09331403000000000000,0.00004404562000000000,0.99932320000000000000,328.33330000000000000000
A,0.12302040000000000000,0.00004385400000000000,0.99932320000000000000,328.33330000000000000000
A,0.09825125000000000000,0.00004379697000000000,0.99932320000000000000,328.33330000000000000000
A,0.11320540000000000000,0.00004524103000000000,0.99932320000000000000,328.33330000000000000000
A,0.08985388000000000000,0.00004546212000000000,0.99932320000000000000,328.33330000000000000000
A,0.10477340000000000000,0.00005185703000000000,1.00000000000000000000,348.00000000000000000000
A,0.11034310000000000000,0.00005191825000000000,1.00000000000000000000,348.00000000000000000000
A,0.05493163000000000000,0.00005665265000000000,1.00143700000000000000,348.00000000000000000000
A,0.13087590000000000000,0.00005766996000000000,1.00143700000000000000,348.00000000000000000000
A,0.13411260000000000000,0.00005671580000000000,1.00143700000000000000,348.00000000000000000000
A,0.10523410000000000000,0.00004416198000000000,1.00000000000000000000,348.00000000000000000000
A,0.07223828000000000000,0.00004895069000000000,0.99623950000000000000,369.33330000000000000000
A,0.05670644000000000000,0.00004746777000000000,1.00075200000000000000,369.33330000000000000000
A,0.07887150000000000000,0.00005898289000000000,0.99660790000000000000,368.50000000000000000000
A,0.09448121000000000000,0.00004363990000000000,0.99623950000000000000,369.33330000000000000000
A,0.10227940000000000000,0.00004273952000000000,0.99697800000000000000,367.66670000000000000000
A,0.06596242000000000000,0.00006083509000000000,1.00000000000000000000,366.00000000000000000000
A,0.05445545000000000000,0.00007089409000000000,1.00256400000000000000,390.00000000000000000000
A,0.08014562000000000000,0.00007106215000000000,1.00256400000000000000,390.00000000000000000000
A,0.05940915000000000000,0.00007957988000000000,1.00256400000000000000,390.00000000000000000000
A,0.14851430000000000000,0.00005901816000000000,1.00256400000000000000,390.00000000000000000000
A,0.06694816000000000000,0.00007605863000000000,1.00256400000000000000,390.00000000000000000000
A,0.05805647000000000000,0.00008248910000000000,0.99615380000000000000,390.00000000000000000000
A,0.06186017000000000000,0.00006915967000000000,0.99939690000000000000,414.50000000000000000000
A,0.06130557000000000000,0.00006327784000000000,0.99939690000000000000,414.50000000000000000000
A,0.06735319000000000000,0.00006294846000000000,0.99939690000000000000,414.50000000000000000000
A,0.06036686000000000000,0.00006438264000000000,0.99939690000000000000,414.50000000000000000000
A,0.04502694000000000000,0.00007189755000000000,0.99939690000000000000,414.50000000000000000000
A,0.05497076000000000000,0.00006777672000000000,0.99939690000000000000,414.50000000000000000000
A,0.08054731000000000000,0.00006287648000000000,0.99714930000000000000,438.50000000000000000000
A,0.05962969000000000000,0.00007403969000000000,1.00285100000000000000,438.50000000000000000000
A,0.05228053000000000000,0.00007931646000000000,0.99714930000000000000,438.50000000000000000000
A,0.07257984000000000000,0.00006676307000000000,0.99714930000000000000,438.50000000000000000000
A,0.11168350000000000000,0.00006985097000000000,0.99714930000000000000,438.50000000000000000000
A,0.06656601000000000000,0.00007662452000000000,0.99714930000000000000,438.50000000000000000000
B,0.20470890000000000000,0.00008643433000000000,0.99976860000000000000,245.50000000000000000000
B,0.24541710000000000000,0.00010479230000000000,1.00214400000000000000,244.83330000000000000000
B,0.26899280000000000000,0.00012164250000000000,1.00025800000000000000,245.40000000000000000000
B,0.19968510000000000000,0.00013567460000000000,1.00025800000000000000,245.40000000000000000000
B,0.19023920000000000000,0.00012020490000000000,0.99987550000000000000,245.50000000000000000000
B,0.19460500000000000000,0.00011728960000000000,0.99987550000000000000,245.50000000000000000000
B,0.12425420000000000000,0.00011141780000000000,0.99706260000000000000,261.00000000000000000000
B,0.11111860000000000000,0.00010348450000000000,0.99706260000000000000,261.00000000000000000000
B,0.10294610000000000000,0.00010576540000000000,0.99706260000000000000,261.00000000000000000000
B,0.12770110000000000000,0.00010315850000000000,0.99972250000000000000,260.16670000000000000000
B,0.13712530000000000000,0.00008054585000000000,0.99843090000000000000,260.57140000000000000000
B,0.12607980000000000000,0.00010646250000000000,0.99876150000000000000,260.16670000000000000000
B,0.11059040000000000000,0.00009427666000000000,0.99841100000000000000,276.71430000000000000000
B,0.12662270000000000000,0.00009941544000000000,0.99760180000000000000,276.60000000000000000000
B,0.12863300000000000000,0.00007562344000000000,0.99980880000000000000,276.00000000000000000000
B,0.12429500000000000000,0.00007231269000000000,0.99769520000000000000,276.00000000000000000000
B,0.13455870000000000000,0.00006644910000000000,0.99769520000000000000,276.00000000000000000000
B,0.12834140000000000000,0.00006816348000000000,0.99769520000000000000,276.00000000000000000000
B,0.13346140000000000000,0.00007262263000000000,0.99912580000000000000,292.33330000000000000000
B,0.13307790000000000000,0.00006620972000000000,0.99701640000000000000,292.33330000000000000000
B,0.12790770000000000000,0.00006347320000000000,0.99701640000000000000,292.33330000000000000000
B,0.12314520000000000000,0.00007113670000000000,0.99892550000000000000,291.60000000000000000000
B,0.15276470000000000000,0.00005710683000000000,0.99939010000000000000,291.50000000000000000000
B,0.15227140000000000000,0.00006407398000000000,0.99939010000000000000,291.50000000000000000000
B,0.16678090000000000000,0.00011491780000000000,0.99623050000000000000,309.50000000000000000000
B,0.11873100000000000000,0.00008475445000000000,0.99698440000000000000,309.50000000000000000000
B,0.12319560000000000000,0.00008586076000000000,0.99698440000000000000,309.50000000000000000000
B,0.11197100000000000000,0.00007077745000000000,0.99721770000000000000,309.50000000000000000000
B,0.09488508000000000000,0.00011177240000000000,0.99623050000000000000,309.50000000000000000000
B,0.11546130000000000000,0.00009578188000000000,0.99698440000000000000,309.50000000000000000000
B,0.11178860000000000000,0.00006514735000000000,1.00122200000000000000,327.33330000000000000000
B,0.15342940000000000000,0.00004809860000000000,1.00095000000000000000,327.33330000000000000000
B,0.10383140000000000000,0.00006553249000000000,0.99847250000000000000,327.33330000000000000000
B,0.18579610000000000000,0.00005798765000000000,0.99993210000000000000,327.33330000000000000000
B,0.14118700000000000000,0.00007105659000000000,0.99847250000000000000,327.33330000000000000000
B,0.13641980000000000000,0.00008029931000000000,1.00000000000000000000,327.33330000000000000000
B,0.10502310000000000000,0.00006599587000000000,0.99861510000000000000,346.60000000000000000000
B,0.11936040000000000000,0.00007230542000000000,0.99631760000000000000,347.60000000000000000000
B,0.12103670000000000000,0.00007215663000000000,0.99861510000000000000,346.60000000000000000000
B,0.15520940000000000000,0.00006809581000000000,0.99789380000000000000,346.60000000000000000000
B,0.09486602000000000000,0.00010324510000000000,1.00216100000000000000,347.00000000000000000000
B,0.10678190000000000000,0.00008812022000000000,0.99711820000000000000,347.00000000000000000000
B,0.15196330000000000000,0.00005589299000000000,0.99680420000000000000,368.20000000000000000000
B,0.12046340000000000000,0.00005754769000000000,0.99680420000000000000,368.20000000000000000000
B,0.11527760000000000000,0.00005223871000000000,0.99680420000000000000,368.20000000000000000000
B,0.10668290000000000000,0.00004884988000000000,0.99816220000000000000,368.20000000000000000000
B,0.11402430000000000000,0.00006226551000000000,0.99909170000000000000,367.00000000000000000000
B,0.11333060000000000000,0.00004885099000000000,0.99940970000000000000,367.00000000000000000000
B,0.12628480000000000000,0.00006222416000000000,0.99873480000000000000,388.60000000000000000000
B,0.11346760000000000000,0.00006124296000000000,0.99681290000000000000,389.60000000000000000000
B,0.10172130000000000000,0.00007959278000000000,0.99841710000000000000,389.60000000000000000000
B,0.12612220000000000000,0.00005932889000000000,0.99829740000000000000,389.60000000000000000000
B,0.14777380000000000000,0.00005040471000000000,0.99829740000000000000,389.60000000000000000000
B,0.11598230000000000000,0.00005376169000000000,0.99829740000000000000,389.60000000000000000000
B,0.11480320000000000000,0.00005327196000000000,0.99873040000000000000,410.25000000000000000000
B,0.10094600000000000000,0.00005651208000000000,0.99752070000000000000,411.75000000000000000000
B,0.11322090000000000000,0.00004621137000000000,1.00025400000000000000,410.25000000000000000000
B,0.09963003000000000000,0.00005680477000000000,0.99752070000000000000,411.75000000000000000000
B,0.09717834000000000000,0.00005692731000000000,0.99752070000000000000,411.75000000000000000000
B,0.10128500000000000000,0.00005581494000000000,0.99752070000000000000,411.75000000000000000000
B,0.08764061000000000000,0.00004745557000000000,0.99785590000000000000,437.25000000000000000000
B,0.09286154000000000000,0.00006104312000000000,0.99809410000000000000,437.25000000000000000000
B,0.07890863000000000000,0.00006407905000000000,0.99809410000000000000,437.25000000000000000000
B,0.07424027000000000000,0.00006021900000000000,0.99809410000000000000,437.25000000000000000000
B,0.09428480000000000000,0.00006242295000000000,0.99809410000000000000,437.25000000000000000000
B,0.07024361000000000000,0.00005293993000000000,0.99785590000000000000,437.25000000000000000000
B,0.06742925000000000000,0.00005586988000000000,0.99712800000000000000,464.25000000000000000000
B,0.08156669000000000000,0.00005517980000000000,0.99927970000000000000,462.75000000000000000000
B,0.09865896000000000000,0.00005477548000000000,0.99927970000000000000,462.75000000000000000000
B,0.08665344000000000000,0.00005668807000000000,0.99927970000000000000,462.75000000000000000000
B,0.09991821000000000000,0.00007001694000000000,0.99945940000000000000,462.50000000000000000000
B,0.08507320000000000000,0.00004332505000000000,0.99941470000000000000,462.75000000000000000000
B,0.07968298000000000000,0.00004401132000000000,0.99944700000000000000,489.75000000000000000000
B,0.08473585000000000000,0.00004302015000000000,0.99944700000000000000,489.75000000000000000000
B,0.08793465000000000000,0.00005208704000000000,0.99931940000000000000,489.75000000000000000000
B,0.06685989000000000000,0.00004351533000000000,0.99944700000000000000,489.75000000000000000000
B,0.06994602000000000000,0.00004283027000000000,0.99753900000000000000,491.00000000000000000000
B,0.10157330000000000000,0.00004124773000000000,0.99944700000000000000,489.75000000000000000000
B,0.06808541000000000000,0.00005834019000000000,1.00021400000000000000,520.33330000000000000000
B,0.06750860000000000000,0.00006546464000000000,1.00021400000000000000,520.33330000000000000000
B,0.05778424000000000000,0.00006280612000000000,1.00021400000000000000,520.33330000000000000000
B,0.08176719000000000000,0.00005099320000000000,1.00021400000000000000,520.33330000000000000000
B,0.06726867000000000000,0.00006071567000000000,0.99636980000000000000,520.33330000000000000000
B,0.08749753000000000000,0.00005842376000000000,1.00021400000000000000,520.33330000000000000000
B,0.06247998000000000000,0.00004830543000000000,0.99798220000000000000,550.66670000000000000000
B,0.06260183000000000000,0.00005270312000000000,0.99949550000000000000,550.66670000000000000000
B,0.06378521000000000000,0.00005314860000000000,0.99949550000000000000,550.66670000000000000000
B,0.07289297000000000000,0.00005024728000000000,0.99949550000000000000,550.66670000000000000000
B,0.05300602000000000000,0.00006125912000000000,0.99949550000000000000,550.66670000000000000000
B,0.05664251000000000000,0.00006223068000000000,1.00010000000000000000,552.66670000000000000000
B,0.06001000000000000000,0.00004950528000000000,0.99942830000000000000,583.00000000000000000000
B,0.06545444000000000000,0.00004725529000000000,0.99942830000000000000,583.00000000000000000000
B,0.06537513000000000000,0.00004694003000000000,0.99942830000000000000,583.00000000000000000000
B,0.06308572000000000000,0.00004658760000000000,0.99942830000000000000,583.00000000000000000000
B,0.05326669000000000000,0.00004914390000000000,0.99771290000000000000,583.00000000000000000000
B,0.04935292000000000000,0.00004930258000000000,0.99771290000000000000,583.00000000000000000000
B,0.04265842000000000000,0.00006296724000000000,1.00054000000000000000,617.00000000000000000000
B,0.04669337000000000000,0.00004861103000000000,1.00000000000000000000,619.00000000000000000000
B,0.05370126000000000000,0.00005683144000000000,0.99729870000000000000,617.00000000000000000000
B,0.05164788000000000000,0.00004530642000000000,0.99838450000000000000,619.00000000000000000000
B,0.05028901000000000000,0.00005750107000000000,1.00054000000000000000,617.00000000000000000000
B,0.04151728000000000000,0.00006254506000000000,1.00054000000000000000,617.00000000000000000000
B,0.03703763000000000000,0.00005885113000000000,1.00033900000000000000,654.66670000000000000000
B,0.03966783000000000000,0.00005738016000000000,1.00033900000000000000,654.66670000000000000000
B,0.04103507000000000000,0.00005711093000000000,0.99779360000000000000,654.66670000000000000000
B,0.04640948000000000000,0.00005787578000000000,1.00033900000000000000,654.66670000000000000000
B,0.03887304000000000000,0.00006779192000000000,1.00033900000000000000,654.66670000000000000000
B,0.04054569000000000000,0.00006099390000000000,1.00033900000000000000,654.66670000000000000000
B,0.03937967000000000000,0.00005907253000000000,0.99784790000000000000,697.00000000000000000000
B,0.03922719000000000000,0.00005829341000000000,1.00000000000000000000,694.00000000000000000000
B,0.03301298000000000000,0.00006093171000000000,1.00000000000000000000,694.00000000000000000000
B,0.03445625000000000000,0.00005996482000000000,1.00000000000000000000,694.00000000000000000000
B,0.04941667000000000000,0.00005489311000000000,1.00000000000000000000,694.00000000000000000000
B,0.02976789000000000000,0.00006471100000000000,1.00000000000000000000,694.00000000000000000000
B,0.03124985000000000000,0.00006328430000000000,0.99966100000000000000,737.50000000000000000000
B,0.02731359000000000000,0.00006603919000000000,0.99966100000000000000,737.50000000000000000000
B,0.02710696000000000000,0.00006436366000000000,0.99966100000000000000,737.50000000000000000000
B,0.02834016000000000000,0.00010104950000000000,0.99966100000000000000,737.50000000000000000000
B,0.02279602000000000000,0.00007034924000000000,0.99966100000000000000,737.50000000000000000000
B,0.02218461000000000000,0.00007036321000000000,0.99966100000000000000,737.50000000000000000000
B,0.02369325000000000000,0.00006456434000000000,0.99968170000000000000,785.50000000000000000000
B,0.02832054000000000000,0.00006042121000000000,0.99968170000000000000,785.50000000000000000000
B,0.02445675000000000000,0.00006914335000000000,0.99967970000000000000,780.50000000000000000000
B,0.02524786000000000000,0.00006518290000000000,0.99967970000000000000,780.50000000000000000000
B,0.02631506000000000000,0.00006322887000000000,0.99967970000000000000,780.50000000000000000000
B,0.03177247000000000000,0.00005856724000000000,0.99967970000000000000,780.50000000000000000000
B,0.02741731000000000000,0.00006786725000000000,0.99818400000000000000,826.00000000000000000000
B,0.02886218000000000000,0.00007016439000000000,0.99818400000000000000,826.00000000000000000000
B,0.02910487000000000000,0.00007729694000000000,1.00181600000000000000,826.00000000000000000000
B,0.02681126000000000000,0.00007967879000000000,1.00181600000000000000,826.00000000000000000000
B,0.03048274000000000000,0.00006017392000000000,0.99818400000000000000,826.00000000000000000000
B,0.02706142000000000000,0.00007370915000000000,0.99818400000000000000,826.00000000000000000000
B,0.02680169000000000000,0.00006509753000000000,0.99829540000000000000,880.00000000000000000000
B,0.02632742000000000000,0.00006922447000000000,1.00000000000000000000,877.00000000000000000000
B,0.02912022000000000000,0.00006772008000000000,0.99829540000000000000,880.00000000000000000000
B,0.02828873000000000000,0.00006994210000000000,0.99829540000000000000,880.00000000000000000000
B,0.03193193000000000000,0.00005630681000000000,1.00000000000000000000,877.00000000000000000000
B,0.02586048000000000000,0.00008288959000000000,0.99829540000000000000,880.00000000000000000000
B,0.01872583000000000000,0.00006870325000000000,0.99811520000000000000,928.50000000000000000000
B,0.01985544000000000000,0.00007639239000000000,1.00000000000000000000,931.00000000000000000000
B,0.01625944000000000000,0.00007265808000000000,1.00000000000000000000,931.00000000000000000000
B,0.02179322000000000000,0.00007235158000000000,1.00000000000000000000,931.00000000000000000000
B,0.02294349000000000000,0.00006815655000000000,1.00000000000000000000,931.00000000000000000000
B,0.02681099000000000000,0.00007973641000000000,1.00000000000000000000,931.00000000000000000000
B,0.01625151000000000000,0.00007128115000000000,1.00000000000000000000,985.00000000000000000000
B,0.01973562000000000000,0.00007457383000000000,0.99873420000000000000,987.50000000000000000000
B,0.01820650000000000000,0.00007241267000000000,0.99974760000000000000,990.50000000000000000000
B,0.02511036000000000000,0.00009000252000000000,0.99974760000000000000,990.50000000000000000000
B,0.02320926000000000000,0.00007795798000000000,0.99873420000000000000,987.50000000000000000000
B,0.02581449000000000000,0.00007721505000000000,0.99974760000000000000,990.50000000000000000000
D,0.39501240000000000000,0.00006695036000000000,0.99643990000000000000,146.90000000000000000000
D,0.34889460000000000000,0.00006425972000000000,0.99593570000000000000,146.90000000000000000000
D,0.34722900000000000000,0.00006262091000000000,0.99629680000000000000,146.90000000000000000000
D,0.36894430000000000000,0.00006006976000000000,0.99584290000000000000,146.90000000000000000000
D,0.42196970000000000000,0.00005865348000000000,0.99584290000000000000,146.90000000000000000000
D,0.39111580000000000000,0.00005831597000000000,0.99847740000000000000,146.44440000000000000000
D,0.47519520000000000000,0.00006268692000000000,1.00147000000000000000,155.37500000000000000000
D,0.39213100000000000000,0.00005387349000000000,1.00001600000000000000,155.44440000000000000000
D,0.36515860000000000000,0.00005514238000000000,0.99858600000000000000,155.44440000000000000000
D,0.36418980000000000000,0.00005357674000000000,0.99858600000000000000,155.44440000000000000000
D,0.65820770000000000000,0.00004513537000000000,0.99858600000000000000,155.44440000000000000000
D,0.47289700000000000000,0.00005043814000000000,0.99858600000000000000,155.44440000000000000000
D,0.34858630000000000000,0.00007551912000000000,0.99808870000000000000,165.50000000000000000000
D,0.27662190000000000000,0.00008162276000000000,1.00006200000000000000,164.75000000000000000000
D,0.30566880000000000000,0.00007925535000000000,1.00006200000000000000,164.75000000000000000000
D,0.27496950000000000000,0.00008120357000000000,1.00006200000000000000,164.75000000000000000000
D,0.62706310000000000000,0.00006091734000000000,0.99933930000000000000,164.75000000000000000000
D,0.30145960000000000000,0.00008796269000000000,0.99933930000000000000,164.75000000000000000000
D,0.30528150000000000000,0.00007420812000000000,0.99578020000000000000,174.87500000000000000000
D,0.22634220000000000000,0.00009690583000000000,0.99536280000000000000,174.57140000000000000000
D,0.20211770000000000000,0.00009318314000000000,0.99556540000000000000,174.87500000000000000000
D,0.20743630000000000000,0.00008260867000000000,0.99759910000000000000,174.25000000000000000000
D,0.26633560000000000000,0.00007753220000000000,0.99759910000000000000,174.25000000000000000000
D,0.19836180000000000000,0.00009803818000000000,0.99759910000000000000,174.25000000000000000000
D,0.30397740000000000000,0.00006550889000000000,0.99730650000000000000,185.00000000000000000000
D,0.26036490000000000000,0.00006948234000000000,0.99730650000000000000,185.00000000000000000000
D,0.27912520000000000000,0.00006477311000000000,0.99730650000000000000,185.00000000000000000000
D,0.46458940000000000000,0.00005677559000000000,0.99537600000000000000,185.00000000000000000000
D,0.29182350000000000000,0.00006050128000000000,0.99730650000000000000,185.00000000000000000000
D,0.21061990000000000000,0.00007199978000000000,0.99730650000000000000,185.00000000000000000000
D,0.27396430000000000000,0.00005323173000000000,0.99608840000000000000,196.00000000000000000000
D,0.26900240000000000000,0.00005406169000000000,0.99608840000000000000,196.00000000000000000000
D,0.24546690000000000000,0.00005694133000000000,0.99608840000000000000,196.00000000000000000000
D,0.29024390000000000000,0.00005952104000000000,0.99699960000000000000,196.00000000000000000000
D,0.27351340000000000000,0.00005424043000000000,0.99608840000000000000,196.00000000000000000000
D,0.27845840000000000000,0.00005438682000000000,0.99608840000000000000,196.00000000000000000000
D,0.31211610000000000000,0.00005860309000000000,1.00073000000000000000,207.57140000000000000000
D,0.22421580000000000000,0.00006345479000000000,1.00073000000000000000,207.57140000000000000000
D,0.50587140000000000000,0.00007890816000000000,0.99639580000000000000,207.16670000000000000000
D,0.26406520000000000000,0.00006143341000000000,0.99939200000000000000,207.57140000000000000000
D,0.20275810000000000000,0.00006592835000000000,1.00073000000000000000,207.57140000000000000000
D,0.25680640000000000000,0.00005862260000000000,0.99939200000000000000,207.57140000000000000000
D,0.18995320000000000000,0.00004487646000000000,0.99975970000000000000,219.66670000000000000000
D,0.17192720000000000000,0.00005632465000000000,0.99781480000000000000,219.66670000000000000000
D,0.18484050000000000000,0.00005644713000000000,0.99781480000000000000,219.66670000000000000000
D,0.22225370000000000000,0.00005325842000000000,0.99786290000000000000,219.66670000000000000000
D,0.19411180000000000000,0.00006486461000000000,0.99781480000000000000,219.66670000000000000000
D,0.19771000000000000000,0.00005920127000000000,0.99781480000000000000,219.66670000000000000000
D,0.21527460000000000000,0.00004121895000000000,0.99593760000000000000,233.16670000000000000000
D,0.17145790000000000000,0.00004621859000000000,0.99593760000000000000,233.16670000000000000000
D,0.17381780000000000000,0.00004222710000000000,0.99593760000000000000,233.16670000000000000000
D,0.15166350000000000000,0.00004409111000000000,0.99593760000000000000,233.16670000000000000000
D,0.16375620000000000000,0.00004404422000000000,0.99593760000000000000,233.16670000000000000000
D,0.16113400000000000000,0.00004311223000000000,0.99593760000000000000,233.16670000000000000000
D,0.16321720000000000000,0.00004235844000000000,1.00066300000000000000,246.40000000000000000000
D,0.14128430000000000000,0.00004287171000000000,1.00066300000000000000,246.40000000000000000000
D,0.16391440000000000000,0.00004479065000000000,1.00066300000000000000,246.40000000000000000000
D,0.16601470000000000000,0.00004352824000000000,0.99822790000000000000,246.40000000000000000000
D,0.19037110000000000000,0.00004658143000000000,0.99822790000000000000,246.40000000000000000000
D,0.15939230000000000000,0.00004376022000000000,1.00066300000000000000,246.40000000000000000000
D,0.13969330000000000000,0.00005403288000000000,0.99892960000000000000,261.60000000000000000000
D,0.14606230000000000000,0.00005084227000000000,0.99510700000000000000,261.60000000000000000000
D,0.14883460000000000000,0.00005345386000000000,0.99510700000000000000,261.60000000000000000000
D,0.13553550000000000000,0.00005996020000000000,0.99510700000000000000,261.60000000000000000000
D,0.12357990000000000000,0.00006787122000000000,0.99541280000000000000,261.60000000000000000000
D,0.11714170000000000000,0.00005370650000000000,0.99892960000000000000,261.60000000000000000000
D,0.11665560000000000000,0.00005132036000000000,0.99837310000000000000,276.60000000000000000000
D,0.14789680000000000000,0.00004081689000000000,0.99850560000000000000,276.60000000000000000000
D,0.11485550000000000000,0.00004849910000000000,0.99724330000000000000,276.60000000000000000000
D,0.13669390000000000000,0.00004542650000000000,0.99498370000000000000,276.60000000000000000000
D,0.14952100000000000000,0.00004560611000000000,0.99498370000000000000,276.60000000000000000000
D,0.15880460000000000000,0.00004082716000000000,0.99850560000000000000,276.60000000000000000000
D,0.11692370000000000000,0.00004903217000000000,0.99957560000000000000,294.50000000000000000000
D,0.11844460000000000000,0.00005337622000000000,0.99957560000000000000,294.50000000000000000000
D,0.14610030000000000000,0.00005950470000000000,0.99623470000000000000,293.25000000000000000000
D,0.13266920000000000000,0.00004882767000000000,0.99663040000000000000,293.80000000000000000000
D,0.13220030000000000000,0.00005964751000000000,0.99765560000000000000,293.25000000000000000000
D,0.14926190000000000000,0.00006308482000000000,0.99765560000000000000,293.25000000000000000000
D,0.12103860000000000000,0.00005262802000000000,1.00269200000000000000,309.50000000000000000000
D,0.12833960000000000000,0.00003789937000000000,0.99966480000000000000,310.75000000000000000000
D,0.12720440000000000000,0.00005411250000000000,0.99966480000000000000,310.75000000000000000000
D,0.11952910000000000000,0.00004977970000000000,0.99966480000000000000,310.75000000000000000000
D,0.11418920000000000000,0.00004943373000000000,0.99966480000000000000,310.75000000000000000000
D,0.09855569000000000000,0.00004950109000000000,0.99966480000000000000,310.75000000000000000000
D,0.08559515000000000000,0.00003918562000000000,0.99810310000000000000,329.50000000000000000000
D,0.09166758000000000000,0.00004235039000000000,0.99968270000000000000,328.25000000000000000000
D,0.09452943000000000000,0.00004248769000000000,0.99810310000000000000,329.50000000000000000000
D,0.10682570000000000000,0.00004143550000000000,0.99810310000000000000,329.50000000000000000000
D,0.08596283000000000000,0.00004119537000000000,0.99810310000000000000,329.50000000000000000000
D,0.09278379000000000000,0.00004344209000000000,0.99810310000000000000,329.50000000000000000000
D,0.09078123000000000000,0.00004311454000000000,0.99892400000000000000,348.50000000000000000000
D,0.09601224000000000000,0.00004228019000000000,0.99892400000000000000,348.50000000000000000000
D,0.09549696000000000000,0.00003707547000000000,0.99892400000000000000,348.50000000000000000000
D,0.06510545000000000000,0.00005027499000000000,0.99892400000000000000,348.50000000000000000000
D,0.10061260000000000000,0.00003781166000000000,0.99922560000000000000,349.75000000000000000000
D,0.16052590000000000000,0.00004172531000000000,0.99892400000000000000,348.50000000000000000000
D,0.09628093000000000000,0.00005144591000000000,0.99623950000000000000,369.33330000000000000000
D,0.12827060000000000000,0.00005085039000000000,1.00075200000000000000,369.33330000000000000000
D,0.13664630000000000000,0.00004983270000000000,0.99623950000000000000,369.33330000000000000000
D,0.10968740000000000000,0.00004936661000000000,1.00075200000000000000,369.33330000000000000000
D,0.13091730000000000000,0.00005065747000000000,1.00075200000000000000,369.33330000000000000000
D,0.08055682000000000000,0.00004312726000000000,1.00075200000000000000,369.33330000000000000000
D,0.06976214000000000000,0.00005855835000000000,1.00127900000000000000,391.00000000000000000000
D,0.06870689000000000000,0.00006635948000000000,1.00127900000000000000,391.00000000000000000000
D,0.09878295000000000000,0.00004993139000000000,1.00000000000000000000,391.00000000000000000000
D,0.10905270000000000000,0.00005089264000000000,1.00000000000000000000,391.00000000000000000000
D,0.09649561000000000000,0.00005042688000000000,1.00000000000000000000,391.00000000000000000000
D,0.09466676000000000000,0.00004957483000000000,1.00000000000000000000,391.00000000000000000000
D,0.07954557000000000000,0.00004259007000000000,0.99745240000000000000,414.33330000000000000000
D,0.08191001000000000000,0.00004470799000000000,0.99719550000000000000,416.00000000000000000000
D,0.07170187000000000000,0.00004600312000000000,0.99986580000000000000,414.33330000000000000000
D,0.06603035000000000000,0.00004821991000000000,0.99986580000000000000,414.33330000000000000000
D,0.07194122000000000000,0.00004670589000000000,0.99986580000000000000,414.33330000000000000000
D,0.08068457000000000000,0.00004575179000000000,0.99986580000000000000,414.33330000000000000000
D,0.07949377000000000000,0.00004580710000000000,1.00063200000000000000,439.33330000000000000000
D,0.08091050000000000000,0.00004987625000000000,1.00063200000000000000,439.33330000000000000000
D,0.07818516000000000000,0.00005517823000000000,1.00063200000000000000,439.33330000000000000000
D,0.09768032000000000000,0.00004364816000000000,0.99760820000000000000,441.33330000000000000000
D,0.10315130000000000000,0.00005010039000000000,0.99683860000000000000,439.33330000000000000000
D,0.07837038000000000000,0.00005381482000000000,1.00063200000000000000,439.33330000000000000000
D,0.08351365000000000000,0.00005852360000000000,0.99624060000000000000,465.50000000000000000000
D,0.07629640000000000000,0.00005131935000000000,0.99630690000000000000,466.33330000000000000000
D,0.09223920000000000000,0.00005009232000000000,0.99630690000000000000,466.33330000000000000000
D,0.07539251000000000000,0.00005354969000000000,1.00059600000000000000,466.33330000000000000000
D,0.07112003000000000000,0.00005243470000000000,0.99630690000000000000,466.33330000000000000000
D,0.06339505000000000000,0.00005748019000000000,0.99630690000000000000,466.33330000000000000000
D,0.05464602000000000000,0.00006542686000000000,1.00000000000000000000,495.00000000000000000000
D,0.04790970000000000000,0.00006932743000000000,1.00253800000000000000,492.50000000000000000000
D,0.05002073000000000000,0.00007808780000000000,0.99644670000000000000,492.50000000000000000000
D,0.04796384000000000000,0.00007542552000000000,0.99644670000000000000,492.50000000000000000000
D,0.06114940000000000000,0.00007821616000000000,1.00253800000000000000,492.50000000000000000000
D,0.04646415000000000000,0.00006927415000000000,1.00000000000000000000,495.00000000000000000000
D,0.05427610000000000000,0.00006577720000000000,1.00000000000000000000,522.00000000000000000000
D,0.03809384000000000000,0.00007026066000000000,1.00000000000000000000,522.00000000000000000000
D,0.03322161000000000000,0.00007186616000000000,1.00000000000000000000,522.00000000000000000000
D,0.04564299000000000000,0.00007079847000000000,1.00000000000000000000,522.00000000000000000000
D,0.04600228000000000000,0.00006975680000000000,1.00000000000000000000,522.00000000000000000000
D,0.03501146000000000000,0.00007111977000000000,1.00000000000000000000,522.00000000000000000000
D,0.04123284000000000000,0.00007608548000000000,0.99730700000000000000,557.00000000000000000000
D,0.04096913000000000000,0.00007660929000000000,1.00000000000000000000,554.00000000000000000000
D,0.04386149000000000000,0.00007537177000000000,1.00000000000000000000,554.00000000000000000000
D,0.04116424000000000000,0.00007657951000000000,1.00000000000000000000,554.00000000000000000000
D,0.04270194000000000000,0.00007387038000000000,1.00000000000000000000,554.00000000000000000000
D,0.05996970000000000000,0.00005374117000000000,0.99809580000000000000,554.33330000000000000000
D,0.03873805000000000000,0.00007332402000000000,0.99957370000000000000,586.50000000000000000000
D,0.05646385000000000000,0.00006269068000000000,0.99745330000000000000,589.00000000000000000000
D,0.03738901000000000000,0.00007175736000000000,0.99745330000000000000,589.00000000000000000000
D,0.06162896000000000000,0.00006539562000000000,0.99745330000000000000,589.00000000000000000000
D,0.05278880000000000000,0.00006437545000000000,0.99745330000000000000,589.00000000000000000000
D,0.03887765000000000000,0.00007386528000000000,0.99745330000000000000,589.00000000000000000000
E,0.30245780000000000000,0.00008128317000000000,0.99097900000000000000,82.63636000000000000000
E,0.35587980000000000000,0.00008560791000000000,0.99320030000000000000,82.30000000000000000000
E,0.32818280000000000000,0.00009610406000000000,0.98523940000000000000,82.90000000000000000000
E,0.23189130000000000000,0.00010511110000000000,0.98782130000000000000,82.90000000000000000000
E,0.26350920000000000000,0.00009207634000000000,0.99320030000000000000,82.30000000000000000000
E,0.23938000000000000000,0.00011157180000000000,0.99061180000000000000,82.44444000000000000000
E,0.42577370000000000000,0.00006492865000000000,0.99232730000000000000,87.70000000000000000000
E,0.29925800000000000000,0.00007625559000000000,0.99478270000000000000,87.22222000000000000000
E,0.32424040000000000000,0.00007056224000000000,0.99478270000000000000,87.22222000000000000000
E,0.47774870000000000000,0.00005459173000000000,0.99633960000000000000,87.22222000000000000000
E,0.36653290000000000000,0.00005884386000000000,0.99478270000000000000,87.22222000000000000000
E,0.34474080000000000000,0.00007460705000000000,0.99478270000000000000,87.22222000000000000000
E,0.33181560000000000000,0.00006567759000000000,0.99688260000000000000,92.66666000000000000000
E,0.34305550000000000000,0.00006371144000000000,0.99385630000000000000,92.66666000000000000000
E,0.44243600000000000000,0.00008930411000000000,0.98556300000000000000,92.66666000000000000000
E,0.26667970000000000000,0.00006956379000000000,0.99160820000000000000,92.66666000000000000000
E,0.37540260000000000000,0.00006686801000000000,0.99430660000000000000,92.14286000000000000000
E,0.28818990000000000000,0.00006607892000000000,0.99310700000000000000,92.66666000000000000000
E,0.23281300000000000000,0.00006508966000000000,0.99514260000000000000,98.12500000000000000000
E,0.20413380000000000000,0.00008081418000000000,0.98894230000000000000,98.12500000000000000000
E,0.24250610000000000000,0.00006679598000000000,0.99150290000000000000,98.12500000000000000000
E,0.22904210000000000000,0.00007441900000000000,0.99076220000000000000,98.12500000000000000000
E,0.24406940000000000000,0.00007572659000000000,0.99436600000000000000,97.50000000000000000000
E,0.25534220000000000000,0.00007686167000000000,0.99436600000000000000,97.50000000000000000000
E,0.27213060000000000000,0.00005728625000000000,0.99120420000000000000,104.25000000000000000000
E,0.30362650000000000000,0.00005315776000000000,0.99120420000000000000,104.25000000000000000000
E,0.21660210000000000000,0.00005702145000000000,0.99120420000000000000,104.25000000000000000000
E,0.23995140000000000000,0.00006091281000000000,0.99391320000000000000,103.71430000000000000000
E,0.24407280000000000000,0.00006051554000000000,0.99391320000000000000,103.71430000000000000000
E,0.28007670000000000000,0.00005924016000000000,0.99391320000000000000,103.71430000000000000000
E,0.24528580000000000000,0.00007132383000000000,0.99572320000000000000,109.85710000000000000000
E,0.21671140000000000000,0.00006885992000000000,0.99420600000000000000,109.85710000000000000000
E,0.27528900000000000000,0.00005815583000000000,0.99420600000000000000,109.85710000000000000000
E,0.20045750000000000000,0.00006569851000000000,0.99420600000000000000,109.85710000000000000000
E,0.25963590000000000000,0.00005679507000000000,0.99391920000000000000,109.85710000000000000000
E,0.23265140000000000000,0.00006223167000000000,0.99420600000000000000,109.85710000000000000000
E,0.25031100000000000000,0.00007799709000000000,0.99861710000000000000,116.50000000000000000000
E,0.25097490000000000000,0.00006995461000000000,0.99861710000000000000,116.50000000000000000000
E,0.26904510000000000000,0.00007074976000000000,0.99146400000000000000,116.50000000000000000000
E,0.26152420000000000000,0.00006932407000000000,0.99146400000000000000,116.50000000000000000000
E,0.22369420000000000000,0.00006954356000000000,0.99146400000000000000,116.50000000000000000000
E,0.27454610000000000000,0.00006905528000000000,0.99146400000000000000,116.50000000000000000000
E,0.24901550000000000000,0.00004838498000000000,0.99889190000000000000,122.83330000000000000000
E,0.25760840000000000000,0.00004944639000000000,0.99889190000000000000,122.83330000000000000000
E,0.24418290000000000000,0.00004462880000000000,0.99889190000000000000,122.83330000000000000000
E,0.23755180000000000000,0.00004715365000000000,0.99889190000000000000,122.83330000000000000000
E,0.30161850000000000000,0.00004413905000000000,0.99549980000000000000,122.83330000000000000000
E,0.30365600000000000000,0.00004381683000000000,0.99549980000000000000,122.83330000000000000000
E,0.15223470000000000000,0.00006249561000000000,0.99596770000000000000,130.20000000000000000000
E,0.19656390000000000000,0.00004921424000000000,0.99749110000000000000,130.20000000000000000000
E,0.16416280000000000000,0.00006284261000000000,0.99596770000000000000,130.20000000000000000000
E,0.15828620000000000000,0.00006232031000000000,0.99596770000000000000,130.20000000000000000000
E,0.15641980000000000000,0.00006140083000000000,0.99596770000000000000,130.20000000000000000000
E,0.16050050000000000000,0.00006022794000000000,0.99596770000000000000,130.20000000000000000000
E,0.22492320000000000000,0.00006978004000000000,0.99972780000000000000,137.80000000000000000000
E,0.30187580000000000000,0.00005190757000000000,0.99039670000000000000,137.80000000000000000000
E,0.25540310000000000000,0.00005381032000000000,1.00007300000000000000,137.80000000000000000000
E,0.21583810000000000000,0.00005450497000000000,1.00007300000000000000,137.80000000000000000000
E,0.21388890000000000000,0.00005475279000000000,1.00007300000000000000,137.80000000000000000000
E,0.22328600000000000000,0.00005924585000000000,0.99039670000000000000,137.80000000000000000000
E,0.19132790000000000000,0.00004881819000000000,0.99573380000000000000,146.50000000000000000000
E,0.19057220000000000000,0.00004876615000000000,0.99573380000000000000,146.50000000000000000000
E,0.14876940000000000000,0.00004781310000000000,0.99573380000000000000,146.50000000000000000000
E,0.16924700000000000000,0.00004967134000000000,0.99288960000000000000,146.50000000000000000000
E,0.16392220000000000000,0.00004972165000000000,0.99288960000000000000,146.50000000000000000000
E,0.15917630000000000000,0.00005047780000000000,0.99288960000000000000,146.50000000000000000000
E,0.16187190000000000000,0.00005403511000000000,0.99798060000000000000,154.75000000000000000000
E,0.18379620000000000000,0.00004933351000000000,0.99798060000000000000,154.75000000000000000000
E,0.15785160000000000000,0.00004577450000000000,0.99798060000000000000,154.75000000000000000000
E,0.14439840000000000000,0.00005047009000000000,0.99798060000000000000,154.75000000000000000000
E,0.14935310000000000000,0.00004761505000000000,0.99798060000000000000,154.75000000000000000000
E,0.15172380000000000000,0.00005262263000000000,0.99798060000000000000,154.75000000000000000000
E,0.18546410000000000000,0.00004521530000000000,0.99390240000000000000,164.00000000000000000000
E,0.43665340000000000000,0.00038417960000000000,0.98018290000000000000,164.00000000000000000000
E,0.19277290000000000000,0.00004926126000000000,0.99695120000000000000,164.00000000000000000000
E,0.15928130000000000000,0.00004974080000000000,0.99390240000000000000,164.00000000000000000000
E,0.18270340000000000000,0.00004114933000000000,0.99695120000000000000,164.00000000000000000000
E,0.19090230000000000000,0.00004524417000000000,0.99695120000000000000,164.00000000000000000000
E,0.15037190000000000000,0.00004108324000000000,1.00000000000000000000,173.50000000000000000000
E,0.16634000000000000000,0.00003967776000000000,0.99639770000000000000,173.50000000000000000000
E,0.17771900000000000000,0.00003250642000000000,0.99587150000000000000,174.40000000000000000000
E,0.18463810000000000000,0.00003783089000000000,0.99639770000000000000,173.50000000000000000000
E,0.14938610000000000000,0.00004162526000000000,0.99639770000000000000,173.50000000000000000000
E,0.14034670000000000000,0.00003785615000000000,0.99639770000000000000,173.50000000000000000000
E,0.09007601000000000000,0.00006499511000000000,0.99548730000000000000,184.66670000000000000000
E,0.11433680000000000000,0.00004102515000000000,0.99491180000000000000,184.25000000000000000000
E,0.12446450000000000000,0.00004347456000000000,0.99491180000000000000,184.25000000000000000000
E,0.12368260000000000000,0.00004297286000000000,0.99717320000000000000,184.25000000000000000000
E,0.11147830000000000000,0.00004401540000000000,0.99550770000000000000,185.50000000000000000000
E,0.12411970000000000000,0.00004128039000000000,0.99213840000000000000,185.50000000000000000000
E,0.12392670000000000000,0.00004720651000000000,0.99288960000000000000,195.33330000000000000000
E,0.11922820000000000000,0.00004435077000000000,0.99288960000000000000,195.33330000000000000000
E,0.15826980000000000000,0.00004659992000000000,0.99856570000000000000,193.66670000000000000000
E,0.11238770000000000000,0.00004495845000000000,0.99856570000000000000,193.66670000000000000000
E,0.11963380000000000000,0.00004643252000000000,0.99856570000000000000,193.66670000000000000000
E,0.12981890000000000000,0.00004514908000000000,0.99856570000000000000,193.66670000000000000000
E,0.08663870000000000000,0.00006325153000000000,0.99434570000000000000,206.33330000000000000000
E,0.08565697000000000000,0.00006240352000000000,0.99434570000000000000,206.33330000000000000000
E,0.08384280000000000000,0.00006291540000000000,0.99434570000000000000,206.33330000000000000000
E,0.11155000000000000000,0.00005858843000000000,0.99434570000000000000,206.33330000000000000000
E,0.11489630000000000000,0.00005926974000000000,0.99434570000000000000,206.33330000000000000000
E,0.38636840000000000000,0.00004778549000000000,0.99730750000000000000,206.33330000000000000000
E,0.10648150000000000000,0.00004776779000000000,0.99339430000000000000,218.66670000000000000000
E,0.07985912000000000000,0.00006737751000000000,0.99161580000000000000,218.66670000000000000000
E,0.10530450000000000000,0.00003902965000000000,0.99962210000000000000,220.50000000000000000000
E,0.11559220000000000000,0.00005176378000000000,1.00101600000000000000,218.66670000000000000000
E,0.11332460000000000000,0.00005110324000000000,1.00101600000000000000,218.66670000000000000000
E,0.09418166000000000000,0.00005240347000000000,1.00101600000000000000,218.66670000000000000000
E,0.08468168000000000000,0.00005237132000000000,0.99290780000000000000,235.00000000000000000000
E,0.10701410000000000000,0.00004684323000000000,0.99427750000000000000,233.00000000000000000000
E,0.17167730000000000000,0.00004576375000000000,0.99427750000000000000,233.00000000000000000000
E,0.10560350000000000000,0.00004565858000000000,0.99427750000000000000,233.00000000000000000000
E,0.08784632000000000000,0.00004613483000000000,0.99903940000000000000,231.33330000000000000000
E,0.17630490000000000000,0.00041367770000000000,0.97138770000000000000,233.00000000000000000000
E,0.06607508000000000000,0.00006105173000000000,0.99932620000000000000,247.33330000000000000000
E,0.06831288000000000000,0.00004337949000000000,0.99573230000000000000,247.33330000000000000000
E,0.06161936000000000000,0.00006383735000000000,0.99932620000000000000,247.33330000000000000000
E,0.08138520000000000000,0.00006050842000000000,1.00271400000000000000,245.66670000000000000000
E,0.06233797000000000000,0.00006367946000000000,0.99932620000000000000,247.33330000000000000000
E,0.07725046000000000000,0.00006444591000000000,0.99253730000000000000,245.66670000000000000000
E,0.09237250000000000000,0.00004349051000000000,0.99487180000000000000,260.00000000000000000000
E,0.11309910000000000000,0.00004473268000000000,0.99447980000000000000,261.66670000000000000000
E,0.09901914000000000000,0.00004733975000000000,0.99447980000000000000,261.66670000000000000000
E,0.08514562000000000000,0.00004989616000000000,0.99447980000000000000,261.66670000000000000000
E,0.09063192000000000000,0.00004758068000000000,0.99447980000000000000,261.66670000000000000000
E,0.08468418000000000000,0.00005221159000000000,0.99447980000000000000,261.66670000000000000000
E,0.05571266000000000000,0.00006569181000000000,0.99908920000000000000,274.50000000000000000000
E,0.07342855000000000000,0.00005246357000000000,0.99400480000000000000,278.00000000000000000000
E,0.06076623000000000000,0.00006762528000000000,0.99458480000000000000,277.00000000000000000000
E,0.06924877000000000000,0.00006442475000000000,0.99458480000000000000,277.00000000000000000000
E,0.06587093000000000000,0.00007154499000000000,0.99458480000000000000,277.00000000000000000000
E,0.05716527000000000000,0.00007235639000000000,0.99458480000000000000,277.00000000000000000000
E,0.05223805000000000000,0.00009311251000000000,0.99488060000000000000,293.00000000000000000000
E,0.04422174000000000000,0.00009501513000000000,0.99488060000000000000,293.00000000000000000000
E,0.07370199000000000000,0.00007388283000000000,1.00511900000000000000,293.00000000000000000000
E,0.06398994000000000000,0.00007148289000000000,0.99488060000000000000,293.00000000000000000000
E,0.04473364000000000000,0.00009694880000000000,0.99488060000000000000,293.00000000000000000000
E,0.06551217000000000000,0.00007343241000000000,0.99488060000000000000,293.00000000000000000000
E,0.05859573000000000000,0.00007207361000000000,0.99434570000000000000,309.50000000000000000000
E,0.05680349000000000000,0.00007803969000000000,0.99434570000000000000,309.50000000000000000000
E,0.04808373000000000000,0.00008214483000000000,0.99434570000000000000,309.50000000000000000000
E,0.05587664000000000000,0.00007593899000000000,0.99434570000000000000,309.50000000000000000000
E,0.05451185000000000000,0.00008435149000000000,0.99434570000000000000,309.50000000000000000000
E,0.07205898000000000000,0.00005752808000000000,0.99445040000000000000,310.33330000000000000000
E,0.05983775000000000000,0.00006787555000000000,0.99546830000000000000,331.00000000000000000000
E,0.06140952000000000000,0.00006562300000000000,0.99546830000000000000,331.00000000000000000000
E,0.05840755000000000000,0.00007423929000000000,1.00000000000000000000,328.00000000000000000000
E,0.05374021000000000000,0.00007887200000000000,0.99546830000000000000,331.00000000000000000000
E,0.05531326000000000000,0.00007351727000000000,1.00000000000000000000,328.00000000000000000000
E,0.05876108000000000000,0.00007032215000000000,1.00000000000000000000,328.00000000000000000000
G,0.24088660000000000000,0.00006220606000000000,0.99499940000000000000,195.75000000000000000000
G,0.20091100000000000000,0.00006855814000000000,0.99515020000000000000,196.11110000000000000000
G,0.14627540000000000000,0.00006980697000000000,0.99631420000000000000,196.11110000000000000000
G,0.16547640000000000000,0.00006511117000000000,0.99631420000000000000,196.11110000000000000000
G,0.19856610000000000000,0.00006035091000000000,0.99631420000000000000,196.11110000000000000000
G,0.15585000000000000000,0.00006516882000000000,0.99666820000000000000,196.11110000000000000000
G,0.18521610000000000000,0.00006890199000000000,1.00019600000000000000,207.87500000000000000000
G,0.12983260000000000000,0.00008725082000000000,0.99970540000000000000,207.87500000000000000000
G,0.14653990000000000000,0.00008373860000000000,0.99913280000000000000,207.87500000000000000000
G,0.14616110000000000000,0.00007789490000000000,0.99970540000000000000,207.87500000000000000000
G,0.17060830000000000000,0.00009398421000000000,0.99455120000000000000,207.87500000000000000000
G,0.13756560000000000000,0.00007535997000000000,0.99424510000000000000,208.11110000000000000000
G,0.15657920000000000000,0.00004842990000000000,0.99873580000000000000,220.62500000000000000000
G,0.17623900000000000000,0.00004179480000000000,0.99661340000000000000,220.62500000000000000000
G,0.16144280000000000000,0.00004275098000000000,0.99661340000000000000,220.62500000000000000000
G,0.19621020000000000000,0.00004408738000000000,0.99661340000000000000,220.62500000000000000000
G,0.19204170000000000000,0.00004684574000000000,0.99612770000000000000,220.62500000000000000000
G,0.16667940000000000000,0.00004559884000000000,0.99612770000000000000,220.62500000000000000000
G,0.14233710000000000000,0.00004835827000000000,0.99451770000000000000,233.71430000000000000000
G,0.11345380000000000000,0.00004807124000000000,0.99561920000000000000,233.50000000000000000000
G,0.17713650000000000000,0.00004257093000000000,0.99610670000000000000,233.00000000000000000000
G,0.15350480000000000000,0.00004480745000000000,0.99559580000000000000,233.00000000000000000000
G,0.13337710000000000000,0.00004846821000000000,0.99451770000000000000,233.71430000000000000000
G,0.14242840000000000000,0.00005871179000000000,0.99712850000000000000,233.00000000000000000000
G,0.13895430000000000000,0.00004172463000000000,0.99705030000000000000,247.57140000000000000000
G,0.11822310000000000000,0.00004424938000000000,0.99529520000000000000,247.62500000000000000000
G,0.11432940000000000000,0.00004676749000000000,0.99493460000000000000,247.62500000000000000000
G,0.21782990000000000000,0.00006659022000000000,0.99688720000000000000,247.57140000000000000000
G,0.12204390000000000000,0.00004435660000000000,0.99705030000000000000,247.57140000000000000000
G,0.17208610000000000000,0.00004815959000000000,0.99684630000000000000,247.50000000000000000000
G,0.11077550000000000000,0.00005661663000000000,0.99486440000000000000,262.14290000000000000000
G,0.14862120000000000000,0.00005587478000000000,0.99849750000000000000,262.14290000000000000000
G,0.12397070000000000000,0.00006187121000000000,0.99942710000000000000,261.83330000000000000000
G,0.26953490000000000000,0.00037654390000000000,0.99745290000000000000,262.14290000000000000000
G,0.11350020000000000000,0.00005494625000000000,0.99638780000000000000,263.00000000000000000000
G,0.12003850000000000000,0.00007364630000000000,0.99942710000000000000,261.83330000000000000000
G,0.09685240000000000000,0.00005978229000000000,0.99622820000000000000,277.57140000000000000000
G,0.15989220000000000000,0.00004268434000000000,0.99705360000000000000,277.16670000000000000000
G,0.08725983000000000000,0.00005923385000000000,0.99558480000000000000,277.57140000000000000000
G,0.12427330000000000000,0.00004313802000000000,0.99558480000000000000,277.57140000000000000000
G,0.08688742000000000000,0.00006232141000000000,0.99630190000000000000,277.16670000000000000000
G,0.16471390000000000000,0.00003866261000000000,0.99705360000000000000,277.16670000000000000000
G,0.13603510000000000000,0.00004318279000000000,0.99486740000000000000,293.33330000000000000000
G,0.09939651000000000000,0.00005974416000000000,0.99521250000000000000,294.16670000000000000000
G,0.08362599000000000000,0.00005469908000000000,0.99675030000000000000,292.33330000000000000000
G,0.08273008000000000000,0.00006585434000000000,0.99521250000000000000,294.16670000000000000000
G,0.08804227000000000000,0.00005529250000000000,0.99699810000000000000,293.33330000000000000000
G,0.08832659000000000000,0.00005505715000000000,0.99685600000000000000,293.33330000000000000000
G,0.07865646000000000000,0.00006351337000000000,0.99834940000000000000,311.33330000000000000000
G,0.08115540000000000000,0.00006893021000000000,0.99834940000000000000,311.33330000000000000000
G,0.07486713000000000000,0.00006978538000000000,0.99714490000000000000,311.33330000000000000000
G,0.07734782000000000000,0.00007676603000000000,0.99908890000000000000,311.00000000000000000000
G,0.08346155000000000000,0.00007725528000000000,0.99523050000000000000,311.00000000000000000000
G,0.08870453000000000000,0.00007095293000000000,0.99446820000000000000,311.33330000000000000000
G,0.08274920000000000000,0.00004840308000000000,0.99805070000000000000,329.16670000000000000000
G,0.07229105000000000000,0.00005397850000000000,0.99805070000000000000,329.16670000000000000000
G,0.08897813000000000000,0.00004577621000000000,0.99643040000000000000,329.16670000000000000000
G,0.07344092000000000000,0.00005292643000000000,0.99744300000000000000,329.16670000000000000000
G,0.07998084000000000000,0.00005253902000000000,0.99744300000000000000,329.16670000000000000000
G,0.07607648000000000000,0.00004682884000000000,0.99805070000000000000,329.16670000000000000000
G,0.06965665000000000000,0.00007467213000000000,0.99558480000000000000,348.80000000000000000000
G,0.07189339000000000000,0.00006526079000000000,0.99616930000000000000,349.80000000000000000000
G,0.07924919000000000000,0.00006589430000000000,0.99845190000000000000,348.80000000000000000000
G,0.07299194000000000000,0.00006471610000000000,0.99845190000000000000,348.80000000000000000000
G,0.07553367000000000000,0.00006494942000000000,0.99616930000000000000,349.80000000000000000000
G,0.07378518000000000000,0.00006520859000000000,0.99616930000000000000,349.80000000000000000000
G,0.07467152000000000000,0.00004672946000000000,0.99545860000000000000,369.20000000000000000000
G,0.06868511000000000000,0.00005191514000000000,0.99681290000000000000,369.20000000000000000000
G,0.07237615000000000000,0.00005012098000000000,0.99545860000000000000,369.20000000000000000000
G,0.07125516000000000000,0.00005141087000000000,0.99545860000000000000,369.20000000000000000000
G,0.08647842000000000000,0.00004529587000000000,0.99545860000000000000,369.20000000000000000000
G,0.06917282000000000000,0.00005236367000000000,0.99681290000000000000,369.20000000000000000000
G,0.07774262000000000000,0.00004502203000000000,0.99661380000000000000,390.80000000000000000000
G,0.06558418000000000000,0.00005678519000000000,0.99606940000000000000,391.80000000000000000000
G,0.07566956000000000000,0.00005232898000000000,0.99606940000000000000,391.80000000000000000000
G,0.06639657000000000000,0.00005898117000000000,0.99606940000000000000,391.80000000000000000000
G,0.06694866000000000000,0.00005687223000000000,0.99606940000000000000,391.80000000000000000000
G,0.07018399000000000000,0.00005454039000000000,0.99521860000000000000,391.80000000000000000000
G,0.07834219000000000000,0.00005580600000000000,0.99678330000000000000,414.50000000000000000000
G,0.07319961000000000000,0.00005179161000000000,0.99678330000000000000,414.50000000000000000000
G,0.07402960000000000000,0.00004571940000000000,0.99734410000000000000,415.75000000000000000000
G,0.08021743000000000000,0.00004897859000000000,0.99778850000000000000,414.50000000000000000000
G,0.08116435000000000000,0.00005076239000000000,0.99678330000000000000,414.50000000000000000000
G,0.07484657000000000000,0.00005069665000000000,0.99678330000000000000,414.50000000000000000000
G,0.06593294000000000000,0.00005557944000000000,0.99649620000000000000,440.00000000000000000000
G,0.07634339000000000000,0.00005720768000000000,0.99933710000000000000,440.00000000000000000000
G,0.07443039000000000000,0.00005425714000000000,0.99936530000000000000,437.66670000000000000000
G,0.07460687000000000000,0.00004657112000000000,0.99554930000000000000,440.00000000000000000000
G,0.07413352000000000000,0.00004489716000000000,0.99667430000000000000,438.50000000000000000000
G,0.07247548000000000000,0.00004676138000000000,0.99667430000000000000,438.50000000000000000000
G,0.06566790000000000000,0.00004974197000000000,0.99653270000000000000,464.66670000000000000000
G,0.06916402000000000000,0.00004863228000000000,0.99653270000000000000,464.66670000000000000000
G,0.05786804000000000000,0.00005231565000000000,0.99653270000000000000,464.66670000000000000000
G,0.05783707000000000000,0.00005242421000000000,0.99653270000000000000,464.66670000000000000000
G,0.06843496000000000000,0.00004282777000000000,0.99366520000000000000,467.00000000000000000000
G,0.05857508000000000000,0.00005394650000000000,0.99653270000000000000,464.66670000000000000000
G,0.05337558000000000000,0.00005473758000000000,0.99650900000000000000,493.33330000000000000000
G,0.06158292000000000000,0.00004937559000000000,0.99675110000000000000,493.75000000000000000000
G,0.06036400000000000000,0.00004760038000000000,0.99448930000000000000,495.25000000000000000000
G,0.05194024000000000000,0.00005808051000000000,0.99650900000000000000,493.33330000000000000000
G,0.05840826000000000000,0.00004876849000000000,0.99448930000000000000,495.25000000000000000000
G,0.05427071000000000000,0.00005216404000000000,0.99675110000000000000,493.75000000000000000000
G,0.05273760000000000000,0.00005446528000000000,0.99808430000000000000,522.00000000000000000000
G,0.04303402000000000000,0.00005396237000000000,0.99787830000000000000,523.66670000000000000000
G,0.05478441000000000000,0.00004854986000000000,1.00000000000000000000,522.00000000000000000000
G,0.05120112000000000000,0.00005108141000000000,1.00000000000000000000,522.00000000000000000000
G,0.05105235000000000000,0.00005327766000000000,0.99808430000000000000,522.00000000000000000000
G,0.05290304000000000000,0.00005096574000000000,1.00000000000000000000,522.00000000000000000000
G,0.05294768000000000000,0.00004737059000000000,0.99708480000000000000,552.66670000000000000000
G,0.05269752000000000000,0.00005262160000000000,0.99708480000000000000,552.66670000000000000000
G,0.05726222000000000000,0.00005047283000000000,0.99708480000000000000,552.66670000000000000000
G,0.05505942000000000000,0.00005480038000000000,0.99708480000000000000,552.66670000000000000000
G,0.04517848000000000000,0.00006350379000000000,0.99708480000000000000,552.66670000000000000000
G,0.04984696000000000000,0.00006391576000000000,0.99508920000000000000,554.33330000000000000000
G,0.04298154000000000000,0.00005027147000000000,0.99771290000000000000,583.00000000000000000000
G,0.04324883000000000000,0.00004835020000000000,0.99581910000000000000,584.66670000000000000000
G,0.04914095000000000000,0.00005680829000000000,0.99810600000000000000,586.66670000000000000000
G,0.04457518000000000000,0.00006210411000000000,0.99810600000000000000,586.66670000000000000000
G,0.04517691000000000000,0.00006259298000000000,0.99810600000000000000,586.66670000000000000000
G,0.04388744000000000000,0.00006398879000000000,0.99810600000000000000,586.66670000000000000000
G,0.04660127000000000000,0.00004730073000000000,1.00000000000000000000,619.00000000000000000000
G,0.03899932000000000000,0.00004805174000000000,0.99820980000000000000,620.66670000000000000000
G,0.04262346000000000000,0.00004701358000000000,0.99741250000000000000,622.66670000000000000000
G,0.04466982000000000000,0.00004855101000000000,0.99741250000000000000,622.66670000000000000000
G,0.04222282000000000000,0.00004784942000000000,0.99741250000000000000,622.66670000000000000000
G,0.04636076000000000000,0.00004849686000000000,0.99563980000000000000,624.33330000000000000000
G,0.05231819000000000000,0.00005133967000000000,0.99576980000000000000,656.66670000000000000000
G,0.03756893000000000000,0.00005077169000000000,0.99789030000000000000,658.33330000000000000000
G,0.03171990000000000000,0.00007042293000000000,0.99961920000000000000,656.50000000000000000000
G,0.04207301000000000000,0.00004954625000000000,0.99789030000000000000,658.33330000000000000000
G,0.03828531000000000000,0.00005232840000000000,0.99789030000000000000,658.33330000000000000000
G,0.03060523000000000000,0.00006592119000000000,0.99961920000000000000,656.50000000000000000000
G,0.02577606000000000000,0.00007227073000000000,0.99964260000000000000,699.50000000000000000000
G,0.03947241000000000000,0.00006851320000000000,0.99784790000000000000,697.00000000000000000000
G,0.03159270000000000000,0.00007695051000000000,0.99784790000000000000,697.00000000000000000000
G,0.03423798000000000000,0.00007122069000000000,0.99784790000000000000,697.00000000000000000000
G,0.03527218000000000000,0.00007066276000000000,0.99784790000000000000,697.00000000000000000000
G,0.03234056000000000000,0.00007282212000000000,0.99784790000000000000,697.00000000000000000000
G,0.03118168000000000000,0.00006926608000000000,0.99966100000000000000,737.50000000000000000000
G,0.03199862000000000000,0.00006444318000000000,0.99797300000000000000,740.00000000000000000000
G,0.03254198000000000000,0.00006364199000000000,0.99797300000000000000,740.00000000000000000000
G,0.03760678000000000000,0.00006195691000000000,0.99797300000000000000,740.00000000000000000000
G,0.02734971000000000000,0.00006860894000000000,0.99797300000000000000,740.00000000000000000000
G,0.02519998000000000000,0.00007071732000000000,0.99797300000000000000,740.00000000000000000000
G,0.02671224000000000000,0.00006515198000000000,0.99967970000000000000,780.50000000000000000000
G,0.05282565000000000000,0.00005757128000000000,0.99967970000000000000,780.50000000000000000000
G,0.03553056000000000000,0.00006725673000000000,0.99967970000000000000,780.50000000000000000000
G,0.03501327000000000000,0.00006793038000000000,0.99967970000000000000,780.50000000000000000000
G,0.02500791000000000000,0.00007099084000000000,0.99967970000000000000,780.50000000000000000000
G,3.97228000000000000000,0.00025602130000000000,0.98734400000000000000,82.30000000000000000000
h_E,0.24569470000000000000,0.00006490684000000000,1.00095000000000000000,327.33330000000000000000
h_E,0.24808690000000000000,0.00008985152000000000,1.00095000000000000000,327.33330000000000000000
h_E,0.18412430000000000000,0.00007270439000000000,1.00158700000000000000,327.33330000000000000000
h_E,0.24916900000000000000,0.00006456675000000000,1.00158700000000000000,327.33330000000000000000
h_E,0.17256960000000000000,0.00009348722000000000,0.99986800000000000000,328.20000000000000000000
h_E,0.15799290000000000000,0.00009555885000000000,0.99986800000000000000,328.20000000000000000000
h_E,0.13890830000000000000,0.00011131410000000000,1.00034500000000000000,347.60000000000000000000
h_E,0.16019440000000000000,0.00010520980000000000,1.00034500000000000000,347.60000000000000000000
h_E,0.15200570000000000000,0.00010512490000000000,1.00034500000000000000,347.60000000000000000000
h_E,0.14005050000000000000,0.00011257260000000000,1.00034500000000000000,347.60000000000000000000
h_E,0.14391060000000000000,0.00013539100000000000,1.00034500000000000000,347.60000000000000000000
h_E,0.13584630000000000000,0.00011656550000000000,1.00034500000000000000,347.60000000000000000000
h_E,0.11995210000000000000,0.00010828080000000000,0.99897700000000000000,368.20000000000000000000
h_E,0.15274310000000000000,0.00009264618000000000,0.99897700000000000000,368.20000000000000000000
h_E,0.14497420000000000000,0.00009869390000000000,0.99897700000000000000,368.20000000000000000000
h_E,0.14428220000000000000,0.00008856613000000000,0.99816220000000000000,368.20000000000000000000
h_E,0.16535410000000000000,0.00007914225000000000,0.99816220000000000000,368.20000000000000000000
h_E,0.14476070000000000000,0.00009343471000000000,0.99897700000000000000,368.20000000000000000000
h_E,0.11163440000000000000,0.00011343650000000000,0.99717060000000000000,390.25000000000000000000
h_E,0.11569130000000000000,0.00010968710000000000,0.99717060000000000000,390.25000000000000000000
h_E,0.12989610000000000000,0.00009203338000000000,1.00005400000000000000,388.75000000000000000000
h_E,0.14993450000000000000,0.00009153834000000000,1.00005400000000000000,388.75000000000000000000
h_E,0.14702350000000000000,0.00010579660000000000,0.99717060000000000000,390.25000000000000000000
h_E,0.13061320000000000000,0.00010080170000000000,0.99717060000000000000,390.25000000000000000000
h_E,0.11960880000000000000,0.00007205698000000000,1.00131200000000000000,413.00000000000000000000
h_E,0.11965050000000000000,0.00007771794000000000,0.99949560000000000000,413.00000000000000000000
h_E,0.14325590000000000000,0.00009427404000000000,0.99949560000000000000,413.00000000000000000000
h_E,0.12914010000000000000,0.00007145762000000000,1.00131200000000000000,413.00000000000000000000
h_E,0.15297180000000000000,0.00006324532000000000,1.00131200000000000000,413.00000000000000000000
h_E,0.12726760000000000000,0.00007602773000000000,0.99949560000000000000,413.00000000000000000000
h_E,0.08518855000000000000,0.00008349052000000000,0.99880890000000000000,437.25000000000000000000
h_E,0.12550840000000000000,0.00006246661000000000,0.99785590000000000000,437.25000000000000000000
h_E,0.13264970000000000000,0.00007260626000000000,1.00023800000000000000,437.25000000000000000000
h_E,0.14680020000000000000,0.00005971429000000000,1.00023800000000000000,437.25000000000000000000
h_E,0.14185170000000000000,0.00005912213000000000,0.99880890000000000000,437.25000000000000000000
h_E,0.11425070000000000000,0.00007445885000000000,1.00023800000000000000,437.25000000000000000000
h_E,0.09664670000000000000,0.00007444631000000000,0.99939970000000000000,462.66670000000000000000
h_E,0.08697754000000000000,0.00007764257000000000,0.99939970000000000000,462.66670000000000000000
h_E,0.09823385000000000000,0.00007896683000000000,0.99939970000000000000,462.66670000000000000000
h_E,0.09784108000000000000,0.00006271066000000000,0.99941470000000000000,462.75000000000000000000
h_E,0.08713324000000000000,0.00007842950000000000,0.99939970000000000000,462.66670000000000000000
h_E,0.09850856000000000000,0.00007017519000000000,0.99941470000000000000,462.75000000000000000000
h_E,0.10963310000000000000,0.00007293882000000000,0.99672320000000000000,491.66670000000000000000
h_E,0.09479063000000000000,0.00008484666000000000,0.99943270000000000000,489.66670000000000000000
h_E,0.07979018000000000000,0.00007797482000000000,0.99943270000000000000,489.66670000000000000000
h_E,0.12172930000000000000,0.00007509876000000000,0.99943270000000000000,489.66670000000000000000
h_E,0.08467850000000000000,0.00007523788000000000,0.99944700000000000000,489.75000000000000000000
h_E,0.09919422000000000000,0.00006603095000000000,0.99944700000000000000,489.75000000000000000000
h_E,0.07704747000000000000,0.00010337240000000000,1.00021400000000000000,520.33330000000000000000
h_E,0.10164510000000000000,0.00008052892000000000,0.99892820000000000000,518.33330000000000000000
h_E,0.08808923000000000000,0.00009629387000000000,1.00021400000000000000,520.33330000000000000000
h_E,0.07326171000000000000,0.00009714878000000000,1.00021400000000000000,520.33330000000000000000
h_E,0.08602072000000000000,0.00008929294000000000,1.00021400000000000000,520.33330000000000000000
h_E,0.07740767000000000000,0.00009876242000000000,1.00021400000000000000,520.33330000000000000000
h_E,0.14957450000000000000,0.00005744746000000000,1.00000000000000000000,549.00000000000000000000
h_E,0.07032790000000000000,0.00009125392000000000,0.99949550000000000000,550.66670000000000000000
h_E,0.08426710000000000000,0.00007410187000000000,1.00000000000000000000,549.00000000000000000000
h_E,0.08092849000000000000,0.00008521399000000000,0.99949550000000000000,550.66670000000000000000
h_E,0.08852240000000000000,0.00008887450000000000,0.99949550000000000000,550.66670000000000000000
h_E,0.08579716000000000000,0.00008908367000000000,0.99949550000000000000,550.66670000000000000000
h_E,0.07511078000000000000,0.00007404430000000000,1.00038000000000000000,584.66670000000000000000
h_E,0.07134028000000000000,0.00007991733000000000,1.00038000000000000000,584.66670000000000000000
h_E,0.07866807000000000000,0.00007832355000000000,1.00038000000000000000,584.66670000000000000000
h_E,0.08257999000000000000,0.00007523323000000000,1.00038000000000000000,584.66670000000000000000
h_E,0.07808354000000000000,0.00008069710000000000,1.00038000000000000000,584.66670000000000000000
h_E,0.08015066000000000000,0.00007760208000000000,1.00038000000000000000,584.66670000000000000000
h_E,0.07056925000000000000,0.00007616265000000000,1.00054000000000000000,617.00000000000000000000
h_E,0.09610614000000000000,0.00006015338000000000,1.00216100000000000000,617.00000000000000000000
h_E,0.08184841000000000000,0.00006565428000000000,1.00054000000000000000,617.00000000000000000000
h_E,0.08746963000000000000,0.00006157932000000000,1.00216100000000000000,617.00000000000000000000
h_E,0.09310800000000000000,0.00005904846000000000,1.00216100000000000000,617.00000000000000000000
h_E,0.09018197000000000000,0.00007155634000000000,1.00054000000000000000,617.00000000000000000000
h_E,0.04441851000000000000,0.00007288365000000000,0.99957700000000000000,656.66670000000000000000
h_E,0.05090575000000000000,0.00006878655000000000,0.99957700000000000000,656.66670000000000000000
h_E,0.05562302000000000000,0.00006659418000000000,0.99957700000000000000,656.66670000000000000000
h_E,0.05437037000000000000,0.00006858481000000000,0.99957700000000000000,656.66670000000000000000
h_E,0.05300744000000000000,0.00006810243000000000,0.99957700000000000000,656.66670000000000000000
h_E,0.05053057000000000000,0.00007180199000000000,0.99957700000000000000,656.66670000000000000000
h_E,0.04482562000000000000,0.00008610568000000000,1.00000000000000000000,694.00000000000000000000
h_E,0.05931868000000000000,0.00007086035000000000,1.00000000000000000000,694.00000000000000000000
h_E,0.04529272000000000000,0.00008371563000000000,1.00000000000000000000,694.00000000000000000000
h_E,0.07222454000000000000,0.00006561530000000000,1.00000000000000000000,694.00000000000000000000
h_E,0.04835374000000000000,0.00008415472000000000,1.00000000000000000000,694.00000000000000000000
h_E,0.06529812000000000000,0.00006899483000000000,1.00000000000000000000,694.00000000000000000000
h_E,0.04447268000000000000,0.00007862937000000000,0.99966100000000000000,737.50000000000000000000
h_E,0.05567097000000000000,0.00006647500000000000,0.99966100000000000000,737.50000000000000000000
h_E,0.07220134000000000000,0.00006202384000000000,0.99966100000000000000,737.50000000000000000000
h_E,0.09443393000000000000,0.00008112546000000000,0.99966100000000000000,737.50000000000000000000
h_E,0.05793656000000000000,0.00009576585000000000,0.99966100000000000000,737.50000000000000000000
h_E,0.05940246000000000000,0.00009876063000000000,0.99966100000000000000,737.50000000000000000000
h_E,0.07893187000000000000,0.00008190810000000000,0.99967970000000000000,780.50000000000000000000
h_E,0.07441370000000000000,0.00007569408000000000,0.99808430000000000000,783.00000000000000000000
h_E,0.08705091000000000000,0.00006573071000000000,0.99808430000000000000,783.00000000000000000000
h_E,0.08848244000000000000,0.00006656646000000000,0.99967970000000000000,780.50000000000000000000
h_E,0.05425756000000000000,0.00006911390000000000,0.99967970000000000000,780.50000000000000000000
h_E,0.07667456000000000000,0.00006836750000000000,0.99967970000000000000,780.50000000000000000000
h_E,0.07098201000000000000,0.00007303728000000000,0.99818400000000000000,826.00000000000000000000
h_E,0.05006426000000000000,0.00006747629000000000,1.00000000000000000000,829.00000000000000000000
h_E,0.04301275000000000000,0.00007293555000000000,1.00000000000000000000,829.00000000000000000000
h_E,0.04247124000000000000,0.00007383274000000000,1.00000000000000000000,829.00000000000000000000
h_E,0.04148408000000000000,0.00007441551000000000,1.00000000000000000000,829.00000000000000000000
h_E,0.04058409000000000000,0.00007580040000000000,1.00000000000000000000,829.00000000000000000000
h_E,0.04898761000000000000,0.00006198358000000000,1.00000000000000000000,877.00000000000000000000
h_E,0.05008968000000000000,0.00007798814000000000,0.99829540000000000000,880.00000000000000000000
h_E,0.04984872000000000000,0.00006775246000000000,1.00000000000000000000,877.00000000000000000000
h_E,0.04356794000000000000,0.00008018767000000000,1.00000000000000000000,877.00000000000000000000
h_E,0.04713142000000000000,0.00007702304000000000,1.00000000000000000000,877.00000000000000000000
h_E,0.05028011000000000000,0.00007130951000000000,1.00000000000000000000,877.00000000000000000000
h_E,0.04413908000000000000,0.00006234696000000000,1.00134600000000000000,928.50000000000000000000
h_E,0.04414104000000000000,0.00006230815000000000,1.00000000000000000000,931.00000000000000000000
h_E,0.04201343000000000000,0.00006459068000000000,1.00000000000000000000,931.00000000000000000000
h_E,0.03993010000000000000,0.00006704350000000000,1.00000000000000000000,931.00000000000000000000
h_E,0.04977619000000000000,0.00006825492000000000,1.00134600000000000000,928.50000000000000000000
h_E,0.05490899000000000000,0.00007282273000000000,0.99811520000000000000,928.50000000000000000000
h_E,0.05103966000000000000,0.00007103977000000000,1.00126600000000000000,987.50000000000000000000
h_E,0.04717616000000000000,0.00007139758000000000,0.99873420000000000000,987.50000000000000000000
h_E,0.03319830000000000000,0.00006957599000000000,1.00000000000000000000,985.00000000000000000000
h_E,0.03534330000000000000,0.00007471970000000000,1.00000000000000000000,985.00000000000000000000
h_E,0.03695069000000000000,0.00006342905000000000,1.00000000000000000000,985.00000000000000000000
h_E,0.02593866000000000000,0.00008347822000000000,1.00000000000000000000,985.00000000000000000000
h_E,0.02560661000000000000,0.00010000000000000000,1.00000000000000000000,1049.00000000000000000000
h_E,0.02405822000000000000,0.00010000000000000000,1.00000000000000000000,1049.00000000000000000000
h_E,0.03145298000000000000,0.00010000000000000000,1.00000000000000000000,1049.00000000000000000000
h_E,0.02410988000000000000,0.00010000000000000000,1.00000000000000000000,1049.00000000000000000000
h_E,0.02862155000000000000,0.00010000000000000000,1.00000000000000000000,1049.00000000000000000000
h_E,0.03195262000000000000,0.00010000000000000000,1.00000000000000000000,1044.00000000000000000000
h_E,0.01957014000000000000,0.00010000000000000000,1.00000000000000000000,1108.00000000000000000000
h_E,0.02034036000000000000,0.00010000000000000000,1.00000000000000000000,1108.00000000000000000000
h_E,0.01963996000000000000,0.00010000000000000000,1.00000000000000000000,1108.00000000000000000000
h_E,0.02859117000000000000,0.00010000000000000000,1.00000000000000000000,1103.00000000000000000000
h_E,0.02129872000000000000,0.00010000000000000000,1.00000000000000000000,1108.00000000000000000000
h_E,0.02409413000000000000,0.00010000000000000000,1.00000000000000000000,1108.00000000000000000000
h_E,0.01693674000000000000,0.00010000000000000000,1.00000000000000000000,1178.00000000000000000000
h_E,0.02320868000000000000,0.00010000000000000000,1.00000000000000000000,1178.00000000000000000000
h_E,0.01724175000000000000,0.00010000000000000000,1.00000000000000000000,1173.00000000000000000000
h_E,0.01910534000000000000,0.00010000000000000000,1.00000000000000000000,1173.00000000000000000000
h_E,0.02027283000000000000,0.00010000000000000000,1.00000000000000000000,1178.00000000000000000000
h_E,0.02310024000000000000,0.00010000000000000000,1.00000000000000000000,1178.00000000000000000000
h_E,0.01322784000000000000,0.00010000000000000000,1.00000000000000000000,1243.00000000000000000000
h_E,0.01589346000000000000,0.00010000000000000000,1.00000000000000000000,1243.00000000000000000000
h_E,0.01474814000000000000,0.00010000000000000000,1.00000000000000000000,1238.00000000000000000000
h_E,0.01600900000000000000,0.00010000000000000000,1.00000000000000000000,1238.00000000000000000000
h_E,0.01371852000000000000,0.00010000000000000000,1.00000000000000000000,1238.00000000000000000000
h_E,0.01347540000000000000,0.00010000000000000000,1.00000000000000000000,1238.00000000000000000000
h_E,0.01396265000000000000,0.00010000000000000000,1.00000000000000000000,1318.00000000000000000000
h_E,0.01552369000000000000,0.00010000000000000000,1.00000000000000000000,1313.00000000000000000000
h_E,0.02031321000000000000,0.00010000000000000000,1.00000000000000000000,1313.00000000000000000000
h_E,0.01730526000000000000,0.00010000000000000000,1.00000000000000000000,1318.00000000000000000000
h_E,0.01497433000000000000,0.00010000000000000000,1.00000000000000000000,1318.00000000000000000000
h_E,0.01112986000000000000,0.00010000000000000000,1.00000000000000000000,1318.00000000000000000000
A,1.17395100000000000000,0.00013297200000000000,0.99467250000000000000,110.30000000000000000000
A,0.92011790000000000000,0.00012350670000000000,0.99308660000000000000,110.54550000000000000000
A,0.92602180000000000000,0.00012072240000000000,0.99467250000000000000,110.30000000000000000000
A,0.92725990000000000000,0.00012014140000000000,0.99358910000000000000,110.54550000000000000000
A,1.20138600000000000000,0.00009370634000000000,0.99314900000000000000,110.54550000000000000000
A,1.00516400000000000000,0.00010732660000000000,0.99314900000000000000,110.54550000000000000000
A,0.88627310000000000000,0.00010052550000000000,0.99909250000000000000,116.80000000000000000000
A,0.72310080000000000000,0.00011716860000000000,0.99609170000000000000,117.22220000000000000000
A,0.84855630000000000000,0.00011209990000000000,0.99909250000000000000,116.80000000000000000000
A,0.98806130000000000000,0.00009950330000000000,0.99909250000000000000,116.80000000000000000000
A,1.00126600000000000000,0.00009855584000000000,0.99909250000000000000,116.80000000000000000000
A,0.88410430000000000000,0.00009144899000000000,0.99688610000000000000,117.30000000000000000000
A,0.78540180000000000000,0.00008789341000000000,0.99876610000000000000,123.77780000000000000000
A,0.72458350000000000000,0.00009208439000000000,0.99883600000000000000,123.75000000000000000000
A,0.75803260000000000000,0.00008944786000000000,0.99883600000000000000,123.75000000000000000000
A,0.84082190000000000000,0.00008567452000000000,0.99872400000000000000,123.77780000000000000000
A,0.81613940000000000000,0.00009312234000000000,0.99762390000000000000,123.75000000000000000000
A,0.84400550000000000000,0.00008707230000000000,0.99876610000000000000,123.77780000000000000000
A,0.69183280000000000000,0.00007277854000000000,0.99738190000000000000,131.12500000000000000000
A,0.83052410000000000000,0.00006724498000000000,0.99927200000000000000,130.88890000000000000000
A,0.73378120000000000000,0.00007985140000000000,0.99738190000000000000,131.12500000000000000000
A,0.65502140000000000000,0.00007773818000000000,0.99670090000000000000,131.12500000000000000000
A,0.81615530000000000000,0.00007701519000000000,0.99866570000000000000,130.88890000000000000000
A,0.71566480000000000000,0.00007520097000000000,0.99927200000000000000,130.88890000000000000000
A,0.71721990000000000000,0.00005704794000000000,0.99748010000000000000,139.25000000000000000000
A,0.71858560000000000000,0.00006739506000000000,0.99994840000000000000,138.50000000000000000000
A,0.72625800000000000000,0.00007746189000000000,0.99532130000000000000,139.14290000000000000000
A,0.77340350000000000000,0.00006686755000000000,0.99917480000000000000,138.50000000000000000000
A,0.71314560000000000000,0.00007128748000000000,0.99994840000000000000,138.50000000000000000000
A,0.63921200000000000000,0.00007442770000000000,0.99532130000000000000,139.14290000000000000000
A,0.68833670000000000000,0.00005503930000000000,0.99745940000000000000,147.25000000000000000000
A,0.76867590000000000000,0.00005350852000000000,0.99406380000000000000,147.25000000000000000000
A,0.77621920000000000000,0.00005745762000000000,0.99406380000000000000,147.25000000000000000000
A,0.72459330000000000000,0.00006001583000000000,0.99587270000000000000,146.85710000000000000000
A,0.81145410000000000000,0.00005240628000000000,0.99491270000000000000,147.25000000000000000000
A,0.63207090000000000000,0.00005263302000000000,0.99745940000000000000,147.25000000000000000000
A,0.61120870000000000000,0.00005486556000000000,1.00000000000000000000,156.00000000000000000000
A,0.74539630000000000000,0.00004944724000000000,1.00000000000000000000,156.00000000000000000000
A,0.76849840000000000000,0.00005630903000000000,0.99759620000000000000,156.00000000000000000000
A,0.85660300000000000000,0.00004875666000000000,0.99717650000000000000,156.00000000000000000000
A,0.78717580000000000000,0.00005040762000000000,0.99793960000000000000,156.00000000000000000000
A,0.75960590000000000000,0.00005701863000000000,0.99893160000000000000,156.00000000000000000000
A,0.59060250000000000000,0.00006013604000000000,0.99730830000000000000,165.28570000000000000000
A,0.61126760000000000000,0.00006640075000000000,0.99858590000000000000,165.00000000000000000000
A,0.53414960000000000000,0.00006214224000000000,0.99858590000000000000,165.00000000000000000000
A,0.60751930000000000000,0.00006836469000000000,0.99858590000000000000,165.00000000000000000000
A,0.63342510000000000000,0.00007576844000000000,0.99858590000000000000,165.00000000000000000000
A,0.56079720000000000000,0.00007084769000000000,0.99858590000000000000,165.00000000000000000000
A,0.49097850000000000000,0.00005712776000000000,0.99569430000000000000,174.83330000000000000000
A,0.55156520000000000000,0.00005653928000000000,0.99569430000000000000,174.83330000000000000000
A,0.59914480000000000000,0.00005658210000000000,0.99569430000000000000,174.83330000000000000000
A,0.69268610000000000000,0.00005853477000000000,0.99569430000000000000,174.83330000000000000000
A,0.61170170000000000000,0.00005488488000000000,0.99569430000000000000,174.83330000000000000000
A,0.60394700000000000000,0.00005645837000000000,0.99569430000000000000,174.83330000000000000000
A,0.55714080000000000000,0.00004238302000000000,0.99581080000000000000,185.66670000000000000000
A,0.56661830000000000000,0.00004764925000000000,0.99720730000000000000,185.00000000000000000000
A,0.48749850000000000000,0.00004756957000000000,0.99720730000000000000,185.00000000000000000000
A,0.53271110000000000000,0.00004542779000000000,0.99720730000000000000,185.00000000000000000000
A,0.56688350000000000000,0.00004573019000000000,0.99720730000000000000,185.00000000000000000000
A,0.55200090000000000000,0.00004475806000000000,0.99720730000000000000,185.00000000000000000000
A,0.43602930000000000000,0.00005348701000000000,0.99232830000000000000,197.33330000000000000000
A,0.45026200000000000000,0.00005345423000000000,0.99732710000000000000,195.80000000000000000000
A,0.43399680000000000000,0.00005067635000000000,0.99732710000000000000,195.80000000000000000000
A,0.55572100000000000000,0.00003806866000000000,0.99551500000000000000,196.33330000000000000000
A,0.50538180000000000000,0.00004306675000000000,0.99551500000000000000,196.33330000000000000000
A,0.41905040000000000000,0.00005278476000000000,0.99732710000000000000,195.80000000000000000000
A,0.48880140000000000000,0.00004780689000000000,0.99439620000000000000,207.60000000000000000000
A,0.53212400000000000000,0.00004698722000000000,0.99286860000000000000,208.00000000000000000000
A,0.54143180000000000000,0.00004024756000000000,0.99373670000000000000,208.00000000000000000000
A,0.59395790000000000000,0.00004648274000000000,0.99439620000000000000,207.60000000000000000000
A,0.50008910000000000000,0.00005611560000000000,0.99467230000000000000,207.25000000000000000000
A,0.47578980000000000000,0.00005360011000000000,0.99467230000000000000,207.25000000000000000000
A,0.31827620000000000000,0.00005351065000000000,0.99962210000000000000,220.50000000000000000000
A,0.49648750000000000000,0.00004078808000000000,0.99962210000000000000,220.50000000000000000000
A,0.55149680000000000000,0.00003385483000000000,0.99933510000000000000,220.60000000000000000000
A,0.56729910000000000000,0.00003872567000000000,1.00104500000000000000,219.25000000000000000000
A,0.55883430000000000000,0.00003979690000000000,1.00104500000000000000,219.25000000000000000000
A,0.38120740000000000000,0.00004703823000000000,0.99962210000000000000,220.50000000000000000000
A,0.36386710000000000000,0.00004422267000000000,0.99954950000000000000,231.25000000000000000000
A,0.44829300000000000000,0.00003816843000000000,0.99650910000000000000,232.75000000000000000000
A,0.43909950000000000000,0.00003902464000000000,0.99650910000000000000,232.75000000000000000000
A,0.44601960000000000000,0.00003854619000000000,0.99650910000000000000,232.75000000000000000000
A,0.40332730000000000000,0.00004162003000000000,0.99650910000000000000,232.75000000000000000000
A,0.33133030000000000000,0.00005109379000000000,0.99785180000000000000,232.75000000000000000000
A,0.28815830000000000000,0.00004958226000000000,0.99839260000000000000,246.25000000000000000000
A,0.38474630000000000000,0.00004247085000000000,0.99839260000000000000,246.25000000000000000000
A,0.37277090000000000000,0.00004327439000000000,0.99839260000000000000,246.25000000000000000000
A,0.37835750000000000000,0.00004344894000000000,0.99839260000000000000,246.25000000000000000000
A,0.35963490000000000000,0.00004261597000000000,0.99839260000000000000,246.25000000000000000000
A,0.41244540000000000000,0.00003638856000000000,0.99822790000000000000,246.40000000000000000000
A,0.26802830000000000000,0.00005931572000000000,0.99420080000000000000,262.25000000000000000000
A,0.34301130000000000000,0.00005633338000000000,0.99447980000000000000,261.66670000000000000000
A,0.29524490000000000000,0.00005864873000000000,0.99871800000000000000,260.00000000000000000000
A,0.29347960000000000000,0.00005001502000000000,0.99616860000000000000,261.00000000000000000000
A,0.29188240000000000000,0.00005895931000000000,0.99871800000000000000,260.00000000000000000000
A,0.30729660000000000000,0.00005723950000000000,0.99871800000000000000,260.00000000000000000000
A,0.27748560000000000000,0.00003953453000000000,0.99562920000000000000,277.60000000000000000000
A,0.23320140000000000000,0.00005184982000000000,0.99669080000000000000,277.00000000000000000000
A,0.23869960000000000000,0.00005128948000000000,0.99669080000000000000,277.00000000000000000000
A,0.23567590000000000000,0.00005129335000000000,0.99669080000000000000,277.00000000000000000000
A,0.26721000000000000000,0.00004943939000000000,0.99669080000000000000,277.00000000000000000000
A,0.24346350000000000000,0.00005075545000000000,0.99669080000000000000,277.00000000000000000000
A,0.26293720000000000000,0.00004491879000000000,0.99623470000000000000,293.25000000000000000000
A,0.24535190000000000000,0.00004581721000000000,0.99623470000000000000,293.25000000000000000000
A,0.26203840000000000000,0.00004509633000000000,0.99623470000000000000,293.25000000000000000000
A,0.26335490000000000000,0.00004706086000000000,0.99623470000000000000,293.25000000000000000000
A,0.30457130000000000000,0.00005283696000000000,0.99809960000000000000,292.33330000000000000000
A,0.24328270000000000000,0.00004758826000000000,0.99623470000000000000,293.25000000000000000000
A,0.25194500000000000000,0.00004452926000000000,1.00000000000000000000,312.00000000000000000000
A,0.27512990000000000000,0.00004673261000000000,0.99966480000000000000,310.75000000000000000000
A,0.25262080000000000000,0.00005735201000000000,1.00089500000000000000,310.33330000000000000000
A,0.26252370000000000000,0.00004593334000000000,0.99866450000000000000,312.00000000000000000000
A,0.28244560000000000000,0.00004252567000000000,0.99866450000000000000,312.00000000000000000000
A,0.26987450000000000000,0.00004890103000000000,0.99966480000000000000,310.75000000000000000000
A,0.24556610000000000000,0.00004034619000000000,0.99697890000000000000,331.00000000000000000000
A,0.21012800000000000000,0.00005443109000000000,0.99595960000000000000,330.00000000000000000000
A,0.20325990000000000000,0.00005322455000000000,0.99595960000000000000,330.00000000000000000000
A,0.21160550000000000000,0.00005479994000000000,0.99595960000000000000,330.00000000000000000000
A,0.23279000000000000000,0.00005357806000000000,0.99595960000000000000,330.00000000000000000000
A,0.25493340000000000000,0.00004341349000000000,0.99697890000000000000,331.00000000000000000000
A,0.16872380000000000000,0.00005545109000000000,0.99920560000000000000,349.66670000000000000000
A,0.16963730000000000000,0.00005918339000000000,0.99920560000000000000,349.66670000000000000000
A,0.18237690000000000000,0.00006027775000000000,0.99920560000000000000,349.66670000000000000000
A,0.20768960000000000000,0.00005638316000000000,0.99920560000000000000,349.66670000000000000000
A,0.20077170000000000000,0.00005793102000000000,0.99920560000000000000,349.66670000000000000000
A,0.18490880000000000000,0.00005861683000000000,0.99920560000000000000,349.66670000000000000000
A,0.17929140000000000000,0.00005365441000000000,0.99642540000000000000,373.00000000000000000000
A,0.17279660000000000000,0.00005774888000000000,0.99940160000000000000,371.33330000000000000000
A,0.18434310000000000000,0.00005609110000000000,0.99642540000000000000,373.00000000000000000000
A,0.20506630000000000000,0.00005777274000000000,0.99940160000000000000,371.33330000000000000000
A,0.18637100000000000000,0.00005647877000000000,0.99940160000000000000,371.33330000000000000000
A,0.17981520000000000000,0.00005855723000000000,0.99940160000000000000,371.33330000000000000000
A,0.13028230000000000000,0.00005871399000000000,0.99591780000000000000,394.66670000000000000000
A,0.14959670000000000000,0.00006062874000000000,0.99929260000000000000,392.66670000000000000000
A,0.15095040000000000000,0.00005869612000000000,0.99591780000000000000,394.66670000000000000000
A,0.15965070000000000000,0.00005960675000000000,0.99591780000000000000,394.66670000000000000000
A,0.20889430000000000000,0.00005799898000000000,0.99591780000000000000,394.66670000000000000000
A,0.14639470000000000000,0.00005861861000000000,0.99591780000000000000,394.66670000000000000000
A,0.14954210000000000000,0.00007264707000000000,0.99601270000000000000,418.00000000000000000000
A,0.17133800000000000000,0.00006052549000000000,0.99601270000000000000,418.00000000000000000000
A,0.18045420000000000000,0.00006068704000000000,0.99933820000000000000,419.66670000000000000000
A,0.16756480000000000000,0.00005692998000000000,0.99919870000000000000,416.00000000000000000000
A,0.16651920000000000000,0.00007310960000000000,0.99601270000000000000,418.00000000000000000000
A,0.19453970000000000000,0.00006783164000000000,0.99735240000000000000,419.66670000000000000000
A,0.15639470000000000000,0.00006836893000000000,0.99625470000000000000,445.00000000000000000000
A,0.18021520000000000000,0.00005703956000000000,0.99699020000000000000,443.00000000000000000000
A,0.30055660000000000000,0.00005634870000000000,0.99699020000000000000,443.00000000000000000000
A,0.21748900000000000000,0.00005546576000000000,0.99924760000000000000,443.00000000000000000000
A,0.14259130000000000000,0.00008085588000000000,0.99625470000000000000,445.00000000000000000000
B,1.07279000000000000000,0.00005510984000000000,0.99925660000000000000,246.87500000000000000000
B,0.86564920000000000000,0.00005239961000000000,1.00038200000000000000,246.87500000000000000000
B,0.74451850000000000000,0.00005501804000000000,0.99925660000000000000,246.87500000000000000000
B,0.72836890000000000000,0.00006962776000000000,1.00122600000000000000,246.87500000000000000000
B,1.12376500000000000000,0.00005308819000000000,0.99925660000000000000,246.87500000000000000000
B,0.73693440000000000000,0.00006996971000000000,0.99950050000000000000,262.14290000000000000000
B,0.85391010000000000000,0.00009138622000000000,1.00255400000000000000,261.00000000000000000000
B,0.67550320000000000000,0.00007605072000000000,1.00072900000000000000,261.42860000000000000000
B,0.96124750000000000000,0.00006885563000000000,1.00072900000000000000,261.42860000000000000000
B,0.59178190000000000000,0.00009504200000000000,1.00255400000000000000,261.00000000000000000000
B,0.57229080000000000000,0.00008581828000000000,0.99927340000000000000,262.14290000000000000000
B,0.56586300000000000000,0.00006831889000000000,1.00051500000000000000,277.57140000000000000000
B,0.71727610000000000000,0.00006914738000000000,1.00063500000000000000,277.57140000000000000000
B,0.61630150000000000000,0.00007202512000000000,1.00063500000000000000,277.57140000000000000000
B,0.70837410000000000000,0.00007373344000000000,1.00063500000000000000,277.57140000000000000000
B,0.50960400000000000000,0.00008893850000000000,1.00115800000000000000,277.57140000000000000000
B,0.50752490000000000000,0.00012031600000000000,1.00000000000000000000,278.00000000000000000000
B,0.43598970000000000000,0.00006678510000000000,1.00042500000000000000,294.16670000000000000000
B,0.65151600000000000000,0.00005558075000000000,1.00009100000000000000,294.16670000000000000000
B,0.34896890000000000000,0.00006133831000000000,1.00009100000000000000,294.16670000000000000000
B,0.50884200000000000000,0.00007298030000000000,1.00042500000000000000,294.16670000000000000000
B,0.47712160000000000000,0.00006318926000000000,1.00009100000000000000,294.16670000000000000000
B,0.58267570000000000000,0.00006825509000000000,1.00042500000000000000,294.16670000000000000000
B,0.38451650000000000000,0.00004614053000000000,1.00107100000000000000,311.33330000000000000000
B,0.70839550000000000000,0.00004178672000000000,1.00000000000000000000,311.33330000000000000000
B,0.39606240000000000000,0.00004573058000000000,1.00000000000000000000,311.33330000000000000000
B,0.76762810000000000000,0.00004332752000000000,0.99839400000000000000,311.33330000000000000000
B,0.53090210000000000000,0.00004561933000000000,0.99839400000000000000,311.33330000000000000000
B,0.63323720000000000000,0.00004487615000000000,1.00000000000000000000,311.33330000000000000000
B,0.33269870000000000000,0.00005392693000000000,0.99659260000000000000,330.16670000000000000000
B,0.69422390000000000000,0.00003977151000000000,0.99680980000000000000,330.16670000000000000000
B,0.38969090000000000000,0.00005007365000000000,0.99833040000000000000,329.40000000000000000000
B,0.60028790000000000000,0.00004485041000000000,0.99821780000000000000,329.16670000000000000000
B,0.40504190000000000000,0.00004284142000000000,0.99821780000000000000,329.16670000000000000000
B,0.56094060000000000000,0.00004451924000000000,0.99821780000000000000,329.16670000000000000000
B,0.33883540000000000000,0.00005750800000000000,1.00239500000000000000,348.00000000000000000000
B,0.55628810000000000000,0.00004503859000000000,1.00007200000000000000,348.80000000000000000000
B,0.50227330000000000000,0.00005035403000000000,1.00086000000000000000,348.80000000000000000000
B,0.53061870000000000000,0.00004524376000000000,1.00007200000000000000,348.80000000000000000000
B,0.39419150000000000000,0.00004776830000000000,1.00086000000000000000,348.80000000000000000000
B,0.49184840000000000000,0.00003653099000000000,0.99893750000000000000,370.20000000000000000000
B,0.47996090000000000000,0.00006173237000000000,1.00099300000000000000,369.20000000000000000000
B,0.50610400000000000000,0.00005018923000000000,1.00128700000000000000,369.20000000000000000000
B,0.72210510000000000000,0.00004103418000000000,0.99705450000000000000,369.20000000000000000000
B,0.42648350000000000000,0.00005450040000000000,1.00083500000000000000,369.20000000000000000000
B,0.49125680000000000000,0.00004586155000000000,0.99705450000000000000,369.20000000000000000000
B,0.40240170000000000000,0.00004059367000000000,0.99878760000000000000,391.80000000000000000000
B,0.49252430000000000000,0.00003705420000000000,0.99878760000000000000,391.80000000000000000000
B,0.29148050000000000000,0.00007066833000000000,1.00256400000000000000,390.00000000000000000000
B,0.46584100000000000000,0.00003683627000000000,0.99878760000000000000,391.80000000000000000000
B,0.33550050000000000000,0.00004482321000000000,0.99878760000000000000,391.80000000000000000000
B,0.42519890000000000000,0.00003871778000000000,0.99878760000000000000,391.80000000000000000000
B,0.28290390000000000000,0.00004974065000000000,0.99959780000000000000,414.50000000000000000000
B,0.37716900000000000000,0.00004514659000000000,0.99959780000000000000,414.50000000000000000000
B,0.22413480000000000000,0.00007437801000000000,0.99939690000000000000,414.50000000000000000000
B,0.40782060000000000000,0.00004401035000000000,0.99959780000000000000,414.50000000000000000000
B,0.29996290000000000000,0.00004821725000000000,0.99959780000000000000,414.50000000000000000000
B,0.39627290000000000000,0.00004379262000000000,0.99959780000000000000,414.50000000000000000000
B,0.42522950000000000000,0.00003893056000000000,0.99933710000000000000,440.00000000000000000000
B,0.39389990000000000000,0.00004846921000000000,0.99962120000000000000,440.00000000000000000000
B,0.34675790000000000000,0.00004881047000000000,0.99962120000000000000,440.00000000000000000000
B,0.33919950000000000000,0.00004915763000000000,0.99962120000000000000,440.00000000000000000000
B,0.33917840000000000000,0.00004812361000000000,0.99962120000000000000,440.00000000000000000000
B,0.31634800000000000000,0.00004878140000000000,0.99962120000000000000,440.00000000000000000000
B,0.27821270000000000000,0.00005938974000000000,0.99624060000000000000,465.50000000000000000000
B,0.34912190000000000000,0.00004157469000000000,0.99712800000000000000,464.25000000000000000000
B,0.26582340000000000000,0.00006303295000000000,0.99624060000000000000,465.50000000000000000000
B,0.35885440000000000000,0.00004086751000000000,0.99928190000000000000,464.25000000000000000000
B,0.32593240000000000000,0.00004543275000000000,0.99749370000000000000,465.50000000000000000000
B,0.34573970000000000000,0.00004232067000000000,0.99712800000000000000,464.25000000000000000000
B,0.25117960000000000000,0.00005815478000000000,1.00000000000000000000,495.00000000000000000000
B,0.46890260000000000000,0.00003204394000000000,1.00105500000000000000,493.75000000000000000000
B,0.41859390000000000000,0.00003368446000000000,0.99978900000000000000,493.75000000000000000000
B,0.39341630000000000000,0.00003469447000000000,0.99978900000000000000,493.75000000000000000000
B,0.35886690000000000000,0.00003651854000000000,0.99978900000000000000,493.75000000000000000000
B,0.28278990000000000000,0.00004324989000000000,1.00000000000000000000,493.75000000000000000000
B,0.30899730000000000000,0.00004384997000000000,1.00000000000000000000,522.00000000000000000000
B,0.30480210000000000000,0.00004057440000000000,1.00000000000000000000,522.00000000000000000000
B,0.26029300000000000000,0.00005471888000000000,1.00289000000000000000,519.00000000000000000000
B,0.36681600000000000000,0.00004058411000000000,1.00021400000000000000,520.33330000000000000000
B,0.26008750000000000000,0.00005501029000000000,1.00289000000000000000,519.00000000000000000000
B,0.25284390000000000000,0.00005670730000000000,1.00000000000000000000,522.00000000000000000000
B,0.25374750000000000000,0.00005460943000000000,1.00000000000000000000,554.00000000000000000000
B,0.24090770000000000000,0.00005822977000000000,0.99969940000000000000,554.33330000000000000000
B,0.28661560000000000000,0.00004052385000000000,0.99959920000000000000,554.33330000000000000000
B,0.29093860000000000000,0.00005561490000000000,0.99969940000000000000,554.33330000000000000000
B,0.16518500000000000000,0.00010000000000000000,1.00000000000000000000,554.00000000000000000000
B,0.34852020000000000000,0.00004137510000000000,0.99959920000000000000,554.33330000000000000000
B,0.22065200000000000000,0.00005546582000000000,0.99943180000000000000,586.66670000000000000000
B,0.24795260000000000000,0.00005591648000000000,1.00114000000000000000,584.66670000000000000000
B,0.13767170000000000000,0.00010000000000000000,1.00000000000000000000,586.00000000000000000000
B,0.24306410000000000000,0.00006057545000000000,1.00114000000000000000,584.66670000000000000000
B,0.27132030000000000000,0.00005456709000000000,1.00114000000000000000,584.66670000000000000000
B,0.19649160000000000000,0.00005670157000000000,0.99943180000000000000,586.66670000000000000000
B,0.22123860000000000000,0.00005853790000000000,0.99973310000000000000,624.33330000000000000000
B,0.19844220000000000000,0.00005567332000000000,0.99973310000000000000,624.33330000000000000000
B,0.25537420000000000000,0.00005556462000000000,1.00107100000000000000,622.66670000000000000000
B,0.25726420000000000000,0.00005882271000000000,1.00107100000000000000,622.66670000000000000000
B,0.21392370000000000000,0.00005908866000000000,1.00107100000000000000,622.66670000000000000000
B,0.20714330000000000000,0.00005881039000000000,1.00107100000000000000,622.66670000000000000000
B,0.12799290000000000000,0.00010000000000000000,1.00000000000000000000,656.00000000000000000000
B,0.28560290000000000000,0.00003935300000000000,0.99789030000000000000,658.33330000000000000000
B,0.10773270000000000000,0.00010000000000000000,1.00000000000000000000,656.00000000000000000000
B,0.14086140000000000000,0.00010000000000000000,1.00000000000000000000,656.00000000000000000000
B,0.11083990000000000000,0.00010000000000000000,1.00000000000000000000,656.00000000000000000000
B,0.26385970000000000000,0.00004057766000000000,0.99957700000000000000,656.66670000000000000000
B,0.11181620000000000000,0.00010000000000000000,1.00000000000000000000,699.00000000000000000000
B,0.28232460000000000000,0.00005667508000000000,1.00143500000000000000,697.00000000000000000000
B,0.16095090000000000000,0.00010000000000000000,1.00000000000000000000,699.00000000000000000000
B,0.27000290000000000000,0.00005589323000000000,0.99964260000000000000,699.50000000000000000000
B,0.13852080000000000000,0.00010000000000000000,1.00000000000000000000,699.00000000000000000000
B,0.22616820000000000000,0.00005690103000000000,0.99964260000000000000,699.50000000000000000000
B,0.14043730000000000000,0.00010000000000000000,1.00000000000000000000,737.00000000000000000000
B,0.25315900000000000000,0.00005888579000000000,0.99966100000000000000,737.50000000000000000000
B,0.20088570000000000000,0.00005869491000000000,0.99966100000000000000,737.50000000000000000000
B,0.11561430000000000000,0.00010000000000000000,1.00000000000000000000,737.00000000000000000000
B,0.20308150000000000000,0.00006272945000000000,0.99966100000000000000,737.50000000000000000000
B,0.22397830000000000000,0.00005856661000000000,1.00127700000000000000,783.00000000000000000000
B,0.23650200000000000000,0.00006413784000000000,0.99968170000000000000,785.50000000000000000000
B,0.23170820000000000000,0.00005744138000000000,1.00127700000000000000,783.00000000000000000000
B,0.25199350000000000000,0.00006088131000000000,1.00127700000000000000,783.00000000000000000000
B,0.25035780000000000000,0.00006160650000000000,0.99808430000000000000,783.00000000000000000000
B,0.23496330000000000000,0.00006526265000000000,1.00127700000000000000,783.00000000000000000000
B,0.18441200000000000000,0.00005809108000000000,1.00000000000000000000,829.00000000000000000000
B,0.17946920000000000000,0.00007259576000000000,1.00000000000000000000,829.00000000000000000000
B,0.17713640000000000000,0.00005997036000000000,1.00000000000000000000,829.00000000000000000000
B,0.19413870000000000000,0.00007424162000000000,1.00000000000000000000,829.00000000000000000000
B,0.17802480000000000000,0.00006099673000000000,1.00000000000000000000,829.00000000000000000000
B,0.17329750000000000000,0.00006324650000000000,1.00000000000000000000,829.00000000000000000000
B,0.19379930000000000000,0.00006562799000000000,0.99971670000000000000,882.50000000000000000000
B,0.26741930000000000000,0.00008160506000000000,1.00113600000000000000,880.00000000000000000000
B,0.26298980000000000000,0.00006177599000000000,1.00113600000000000000,880.00000000000000000000
B,0.22483330000000000000,0.00007966429000000000,0.99829540000000000000,880.00000000000000000000
B,0.27770550000000000000,0.00006325533000000000,0.99829540000000000000,880.00000000000000000000
B,0.26870390000000000000,0.00006350690000000000,0.99971670000000000000,882.50000000000000000000
B,0.11278360000000000000,0.00006854615000000000,1.00000000000000000000,931.00000000000000000000
B,0.17004310000000000000,0.00007523932000000000,1.00000000000000000000,931.00000000000000000000
B,0.14514820000000000000,0.00007805174000000000,1.00134600000000000000,928.50000000000000000000
B,0.17323330000000000000,0.00009215547000000000,0.99811520000000000000,928.50000000000000000000
B,0.14390870000000000000,0.00007710272000000000,1.00134600000000000000,928.50000000000000000000
B,0.14907520000000000000,0.00008502543000000000,1.00000000000000000000,931.00000000000000000000
B,0.16102920000000000000,0.00008051343000000000,1.00126600000000000000,987.50000000000000000000
B,0.25336000000000000000,0.00007333552000000000,0.99873420000000000000,987.50000000000000000000
B,0.22343730000000000000,0.00007691410000000000,1.00000000000000000000,985.00000000000000000000
B,0.26743280000000000000,0.00007506163000000000,0.99873420000000000000,987.50000000000000000000
B,0.31536620000000000000,0.00006934992000000000,1.00000000000000000000,985.00000000000000000000
B,0.18082410000000000000,0.00008838557000000000,0.99974760000000000000,990.50000000000000000000
D,0.99496930000000000000,0.00009274618000000000,0.99635140000000000000,147.50000000000000000000
D,1.15789500000000000000,0.00008388615000000000,0.99635140000000000000,147.50000000000000000000
D,1.15479700000000000000,0.00008600891000000000,0.99632260000000000000,147.50000000000000000000
D,1.03323200000000000000,0.00008825104000000000,0.99635140000000000000,147.50000000000000000000
D,0.91607420000000000000,0.00010411900000000000,0.99635140000000000000,147.50000000000000000000
D,1.03580500000000000000,0.00009650602000000000,0.99556930000000000000,147.50000000000000000000
D,0.80297040000000000000,0.00011726490000000000,0.99937730000000000000,156.11110000000000000000
D,0.93985860000000000000,0.00009705702000000000,0.99937730000000000000,156.11110000000000000000
D,1.05914400000000000000,0.00010144460000000000,0.99880530000000000000,156.11110000000000000000
D,1.01357300000000000000,0.00011618040000000000,0.99937730000000000000,156.11110000000000000000
D,0.81591920000000000000,0.00010571850000000000,0.99937730000000000000,156.11110000000000000000
D,0.85173520000000000000,0.00009080422000000000,0.99936730000000000000,156.11110000000000000000
D,0.83679400000000000000,0.00009037807000000000,0.99764780000000000000,165.50000000000000000000
D,0.95504520000000000000,0.00031791850000000000,0.99421670000000000000,82.75000000000000000000
D,0.89577280000000000000,0.00008374584000000000,1.00009100000000000000,165.00000000000000000000
D,0.84730230000000000000,0.00008576999000000000,1.00162000000000000000,164.75000000000000000000
D,0.72386700000000000000,0.00009282749000000000,1.00162000000000000000,164.75000000000000000000
D,0.73832300000000000000,0.00009143769000000000,1.00198200000000000000,164.75000000000000000000
D,0.68052900000000000000,0.00011848840000000000,0.99637580000000000000,174.87500000000000000000
D,0.70703640000000000000,0.00012430620000000000,0.99624620000000000000,174.87500000000000000000
D,0.77263520000000000000,0.00012750510000000000,0.99682960000000000000,174.87500000000000000000
D,0.78154890000000000000,0.00011821000000000000,0.99624620000000000000,174.87500000000000000000
D,0.70801530000000000000,0.00012413810000000000,0.99624620000000000000,174.87500000000000000000
D,0.70212530000000000000,0.00012317620000000000,0.99637580000000000000,174.87500000000000000000
D,0.62269710000000000000,0.00009714357000000000,0.99642940000000000000,185.28570000000000000000
D,0.64299190000000000000,0.00008853608000000000,0.99642940000000000000,185.28570000000000000000
D,5.29512500000000000000,0.00046475810000000000,0.99180330000000000000,81.33334000000000000000
D,0.81265680000000000000,0.00008305469000000000,0.99642940000000000000,185.28570000000000000000
D,0.66327040000000000000,0.00008832164000000000,0.99642940000000000000,185.28570000000000000000
D,0.68186040000000000000,0.00008849299000000000,0.99642940000000000000,185.28570000000000000000
D,0.66311040000000000000,0.00008727902000000000,0.99642940000000000000,185.28570000000000000000
D,0.63135610000000000000,0.00008256187000000000,0.99760690000000000000,196.00000000000000000000
D,0.67243820000000000000,0.00007081404000000000,0.99608840000000000000,196.00000000000000000000
D,0.54985310000000000000,0.00008418655000000000,0.99628690000000000000,196.00000000000000000000
D,0.62715860000000000000,0.00007547766000000000,0.99608840000000000000,196.00000000000000000000
D,0.63969850000000000000,0.00007654764000000000,0.99608840000000000000,196.00000000000000000000
D,0.66632180000000000000,0.00008103494000000000,0.99760690000000000000,196.00000000000000000000
D,0.56817260000000000000,0.00007214717000000000,0.99907850000000000000,208.00000000000000000000
D,0.58045720000000000000,0.00006574624000000000,0.99853680000000000000,208.28570000000000000000
D,0.63106900000000000000,0.00005701252000000000,0.99889280000000000000,208.28570000000000000000
D,0.60601780000000000000,0.00005836887000000000,0.99803540000000000000,208.28570000000000000000
D,0.58474180000000000000,0.00007047395000000000,0.99907850000000000000,208.00000000000000000000
D,0.70402380000000000000,0.00005830641000000000,0.99803540000000000000,208.28570000000000000000
D,0.63087980000000000000,0.00004721512000000000,0.99975970000000000000,219.66670000000000000000
D,0.64372900000000000000,0.00004743220000000000,1.00127700000000000000,219.66670000000000000000
D,0.56916170000000000000,0.00004484685000000000,0.99975970000000000000,219.66670000000000000000
D,0.64837900000000000000,0.00004813062000000000,1.00127700000000000000,219.66670000000000000000
D,0.55707210000000000000,0.00005020373000000000,0.99919430000000000000,220.66670000000000000000
D,0.62454980000000000000,0.00004983779000000000,0.99919430000000000000,220.66670000000000000000
D,0.63536260000000000000,0.00005749959000000000,0.99627520000000000000,234.16670000000000000000
D,0.61773160000000000000,0.00004456264000000000,0.99593760000000000000,233.16670000000000000000
D,0.59842410000000000000,0.00004418750000000000,0.99593760000000000000,233.16670000000000000000
D,0.61279920000000000000,0.00004364558000000000,0.99893980000000000000,233.16670000000000000000
D,0.61473830000000000000,0.00004946768000000000,0.99893980000000000000,233.16670000000000000000
D,0.52222790000000000000,0.00005077816000000000,0.99538550000000000000,234.16670000000000000000
D,0.61040980000000000000,0.00004148397000000000,0.99965090000000000000,246.66670000000000000000
D,0.53508790000000000000,0.00004857238000000000,0.99913840000000000000,247.60000000000000000000
D,0.58088940000000000000,0.00004145447000000000,0.99965090000000000000,246.66670000000000000000
D,0.57935330000000000000,0.00004421746000000000,0.99965090000000000000,246.66670000000000000000
D,0.52364720000000000000,0.00003941301000000000,0.99965090000000000000,246.66670000000000000000
D,0.54221490000000000000,0.00004883838000000000,1.00066300000000000000,246.40000000000000000000
D,0.49130410000000000000,0.00006063478000000000,0.99892960000000000000,261.60000000000000000000
D,0.45198970000000000000,0.00004922525000000000,0.99810870000000000000,262.60000000000000000000
D,0.46749140000000000000,0.00005288769000000000,1.00020400000000000000,261.60000000000000000000
D,0.48739620000000000000,0.00005995134000000000,0.99892960000000000000,261.60000000000000000000
D,0.43507050000000000000,0.00006794507000000000,1.00019100000000000000,261.60000000000000000000
D,0.51999920000000000000,0.00005617956000000000,0.99892960000000000000,261.60000000000000000000
D,0.50073980000000000000,0.00004223119000000000,0.99579410000000000000,276.60000000000000000000
D,0.47965990000000000000,0.00005036818000000000,0.99562920000000000000,277.60000000000000000000
D,0.44885920000000000000,0.00004427904000000000,0.99760180000000000000,276.60000000000000000000
D,0.44337510000000000000,0.00004548804000000000,0.99760180000000000000,276.60000000000000000000
D,0.43596640000000000000,0.00005312132000000000,0.99724330000000000000,276.60000000000000000000
D,0.48061960000000000000,0.00004679730000000000,0.99850560000000000000,276.60000000000000000000
D,0.43671760000000000000,0.00003956865000000000,0.99830510000000000000,295.00000000000000000000
D,0.46704790000000000000,0.00004714712000000000,0.99958020000000000000,293.80000000000000000000
D,0.42911650000000000000,0.00004481038000000000,1.00071500000000000000,293.80000000000000000000
D,0.41901150000000000000,0.00004594841000000000,1.00071500000000000000,293.80000000000000000000
D,0.44353160000000000000,0.00004617544000000000,0.99958020000000000000,293.80000000000000000000
D,0.42344550000000000000,0.00004765200000000000,0.99549580000000000000,293.80000000000000000000
D,0.41239820000000000000,0.00005098456000000000,0.99966480000000000000,310.75000000000000000000
D,0.43934350000000000000,0.00004081983000000000,0.99742970000000000000,308.00000000000000000000
D,0.35094800000000000000,0.00004753989000000000,0.99966480000000000000,310.75000000000000000000
D,0.30806990000000000000,0.00004719223000000000,1.00000000000000000000,312.00000000000000000000
D,0.29099750000000000000,0.00004309805000000000,0.99948750000000000000,312.20000000000000000000
D,0.41040730000000000000,0.00004242064000000000,0.99966480000000000000,310.75000000000000000000
D,0.29477860000000000000,0.00004324918000000000,0.99683860000000000000,329.50000000000000000000
D,0.37065720000000000000,0.00003830930000000000,0.99683860000000000000,329.50000000000000000000
D,0.30795960000000000000,0.00004832559000000000,0.99697890000000000000,331.00000000000000000000
D,0.36815270000000000000,0.00003939177000000000,0.99810310000000000000,329.50000000000000000000
D,0.38681040000000000000,0.00003731589000000000,0.99810310000000000000,329.50000000000000000000
D,0.31621740000000000000,0.00004210601000000000,0.99810310000000000000,329.50000000000000000000
D,0.23392690000000000000,0.00004425037000000000,0.99922560000000000000,349.75000000000000000000
D,0.28018990000000000000,0.00004244962000000000,0.99892400000000000000,348.50000000000000000000
D,0.34462090000000000000,0.00004075895000000000,0.99892400000000000000,348.50000000000000000000
D,0.30172800000000000000,0.00004312422000000000,0.99892400000000000000,348.50000000000000000000
D,0.34504040000000000000,0.00004077085000000000,0.99892400000000000000,348.50000000000000000000
D,0.23281280000000000000,0.00005003485000000000,0.99892400000000000000,348.50000000000000000000
D,0.23116890000000000000,0.00004611489000000000,0.99921170000000000000,370.00000000000000000000
D,0.32909150000000000000,0.00003458082000000000,0.99971940000000000000,371.25000000000000000000
D,0.21768220000000000000,0.00004227330000000000,0.99971940000000000000,371.25000000000000000000
D,0.22548060000000000000,0.00004124060000000000,0.99971940000000000000,371.25000000000000000000
D,0.24104990000000000000,0.00003970128000000000,0.99971940000000000000,371.25000000000000000000
D,0.30788720000000000000,0.00004500733000000000,1.00300800000000000000,369.33330000000000000000
D,0.19966220000000000000,0.00004809244000000000,0.99929260000000000000,392.66670000000000000000
D,0.23038730000000000000,0.00006207439000000000,0.99915110000000000000,392.66670000000000000000
D,0.22764730000000000000,0.00005711251000000000,1.00127900000000000000,391.00000000000000000000
D,0.21318120000000000000,0.00005863811000000000,0.99915110000000000000,392.66670000000000000000
D,0.24247090000000000000,0.00004445859000000000,0.99929260000000000000,392.66670000000000000000
D,0.20397060000000000000,0.00005924546000000000,0.99915110000000000000,392.66670000000000000000
D,0.21411040000000000000,0.00004500199000000000,0.99986580000000000000,414.33330000000000000000
D,0.25733940000000000000,0.00004547629000000000,1.00000000000000000000,418.00000000000000000000
D,0.25974830000000000000,0.00004546362000000000,0.99719550000000000000,416.00000000000000000000
D,0.21566500000000000000,0.00004486289000000000,0.99719550000000000000,416.00000000000000000000
D,0.32320050000000000000,0.00004503052000000000,0.99719550000000000000,416.00000000000000000000
D,0.21481580000000000000,0.00004435112000000000,0.99986580000000000000,414.33330000000000000000
D,0.18477340000000000000,0.00004817123000000000,1.00063200000000000000,439.33330000000000000000
D,0.17880360000000000000,0.00004574617000000000,0.99949650000000000000,441.33330000000000000000
D,0.19589260000000000000,0.00004593327000000000,1.00063200000000000000,439.33330000000000000000
D,0.21133040000000000000,0.00004488491000000000,0.99760820000000000000,441.33330000000000000000
D,0.15427540000000000000,0.00004890039000000000,0.99949650000000000000,441.33330000000000000000
D,0.17278740000000000000,0.00004603722000000000,0.99949650000000000000,441.33330000000000000000
D,0.15617080000000000000,0.00004685927000000000,0.99939970000000000000,462.66670000000000000000
D,0.17649380000000000000,0.00004587612000000000,0.99774620000000000000,468.33330000000000000000
D,0.18727840000000000000,0.00005082279000000000,1.00059600000000000000,466.33330000000000000000
D,0.17203200000000000000,0.00004623163000000000,0.99952550000000000000,468.33330000000000000000
D,0.18839500000000000000,0.00004337482000000000,0.99716310000000000000,470.00000000000000000000
D,0.21765590000000000000,0.00004066795000000000,0.99716310000000000000,470.00000000000000000000
D,0.15730330000000000000,0.00005010188000000000,1.00056300000000000000,493.33330000000000000000
D,0.16783480000000000000,0.00004309395000000000,1.00000000000000000000,495.00000000000000000000
D,0.15402940000000000000,0.00005887428000000000,1.00000000000000000000,495.00000000000000000000
D,0.16376870000000000000,0.00004390508000000000,1.00000000000000000000,495.00000000000000000000
D,0.13886310000000000000,0.00005965806000000000,1.00000000000000000000,495.00000000000000000000
D,0.11552280000000000000,0.00006445969000000000,0.99952600000000000000,527.50000000000000000000
D,0.11702870000000000000,0.00006181823000000000,0.99952600000000000000,527.50000000000000000000
D,0.13695010000000000000,0.00006592703000000000,0.99761680000000000000,524.50000000000000000000
D,0.11718800000000000000,0.00006690028000000000,1.00238300000000000000,524.50000000000000000000
D,0.13746300000000000000,0.00006412302000000000,1.00238300000000000000,524.50000000000000000000
D,0.16799030000000000000,0.00004740106000000000,0.99799840000000000000,527.33330000000000000000
D,0.11788380000000000000,0.00004541403000000000,0.99809580000000000000,554.33330000000000000000
D,0.11147120000000000000,0.00007030991000000000,1.00226700000000000000,551.50000000000000000000
D,0.10539850000000000000,0.00006355941000000000,0.99730700000000000000,557.00000000000000000000
D,0.09440380000000000000,0.00006602170000000000,1.00000000000000000000,554.00000000000000000000
D,0.12913390000000000000,0.00006319810000000000,1.00000000000000000000,554.00000000000000000000
D,0.09885223000000000000,0.00006689992000000000,1.00000000000000000000,554.00000000000000000000
D,0.07951534000000000000,0.00007271931000000000,0.99743150000000000000,584.00000000000000000000
D,0.07552438000000000000,0.00006677270000000000,1.00000000000000000000,592.00000000000000000000
D,0.07410507000000000000,0.00006565212000000000,1.00000000000000000000,592.00000000000000000000
D,0.10655670000000000000,0.00007435616000000000,1.00254700000000000000,589.00000000000000000000
D,0.09760463000000000000,0.00006539735000000000,1.00000000000000000000,592.00000000000000000000
D,0.09214426000000000000,0.00006729434000000000,1.00000000000000000000,592.00000000000000000000
E,0.91775070000000000000,0.00013702160000000000,0.99369310000000000000,82.90000000000000000000
E,0.99687570000000000000,0.00012625330000000000,0.99279950000000000000,82.90000000000000000000
E,0.87669740000000000000,0.00011386720000000000,0.99358280000000000000,82.90000000000000000000
E,1.53040200000000000000,0.00010814590000000000,0.99146000000000000000,83.18182000000000000000
E,1.13451900000000000000,0.00010863300000000000,0.99110600000000000000,83.18182000000000000000
E,0.91415480000000000000,0.00010076940000000000,0.99358280000000000000,82.90000000000000000000
E,1.51448000000000000000,0.00008215037000000000,0.99214330000000000000,87.88889000000000000000
E,0.84233740000000000000,0.00010437300000000000,0.99108980000000000000,87.88889000000000000000
E,1.05554800000000000000,0.00007948774000000000,0.99108980000000000000,87.88889000000000000000
E,1.15020900000000000000,0.00007127569000000000,0.99214090000000000000,87.88889000000000000000
E,1.42394700000000000000,0.00007114565000000000,0.99095580000000000000,87.88889000000000000000
E,1.01629500000000000000,0.00008100773000000000,0.99095580000000000000,87.88889000000000000000
E,0.86479400000000000000,0.00006186715000000000,0.99559750000000000000,92.75000000000000000000
E,1.09538500000000000000,0.00006334495000000000,0.99550770000000000000,92.75000000000000000000
E,0.95033910000000000000,0.00006618530000000000,0.99165680000000000000,93.22222000000000000000
E,0.85977800000000000000,0.00005419928000000000,0.99160370000000000000,93.22222000000000000000
E,0.95942430000000000000,0.00006063106000000000,0.99160370000000000000,93.22222000000000000000
E,0.85811660000000000000,0.00008037846000000000,0.99259700000000000000,93.22222000000000000000
E,0.76885550000000000000,0.00007038080000000000,0.99514260000000000000,98.12500000000000000000
E,0.86180430000000000000,0.00005645078000000000,0.99514260000000000000,98.12500000000000000000
E,0.97985400000000000000,0.00006141137000000000,0.99514260000000000000,98.12500000000000000000
E,1.06218100000000000000,0.00006731607000000000,0.99514260000000000000,98.12500000000000000000
E,1.01526800000000000000,0.00007000919000000000,0.99514260000000000000,98.12500000000000000000
E,0.85082540000000000000,0.00006878278000000000,0.99641640000000000000,98.12500000000000000000
E,0.76242060000000000000,0.00006402284000000000,0.99420180000000000000,104.25000000000000000000
E,0.96966110000000000000,0.00007096169000000000,1.00015700000000000000,103.71430000000000000000
E,0.80918070000000000000,0.00006257608000000000,0.99313040000000000000,104.57140000000000000000
E,0.75288780000000000000,0.00006141161000000000,0.99313040000000000000,104.57140000000000000000
E,0.84970840000000000000,0.00006364180000000000,0.99313040000000000000,104.57140000000000000000
E,0.74727930000000000000,0.00009459953000000000,0.99313040000000000000,104.57140000000000000000
E,0.68087180000000000000,0.00009096536000000000,0.99313040000000000000,104.57140000000000000000
E,0.74923660000000000000,0.00008018722000000000,0.99572320000000000000,109.85710000000000000000
E,0.71651520000000000000,0.00007943603000000000,0.99572320000000000000,109.85710000000000000000
E,0.60236920000000000000,0.00009817542000000000,0.98930470000000000000,110.71430000000000000000
E,0.61402250000000000000,0.00009878165000000000,0.99057400000000000000,110.33330000000000000000
E,0.68972670000000000000,0.00007058819000000000,0.99023350000000000000,110.71430000000000000000
E,0.64760180000000000000,0.00007677516000000000,0.99023350000000000000,110.71430000000000000000
E,0.74908550000000000000,0.00005144384000000000,0.99253120000000000000,116.85710000000000000000
E,0.80497830000000000000,0.00006433708000000000,0.99862890000000000000,117.50000000000000000000
E,0.63732240000000000000,0.00005661164000000000,0.99526700000000000000,117.57140000000000000000
E,0.61296980000000000000,0.00006280033000000000,0.99508280000000000000,117.50000000000000000000
E,0.59238930000000000000,0.00007487846000000000,0.99508280000000000000,117.50000000000000000000
E,0.64940660000000000000,0.00005517597000000000,0.99526700000000000000,117.57140000000000000000
E,0.57942720000000000000,0.00005425216000000000,0.99916890000000000000,123.66670000000000000000
E,0.54785900000000000000,0.00005541909000000000,0.99916890000000000000,123.66670000000000000000
E,0.61135650000000000000,0.00005451993000000000,0.99916890000000000000,123.66670000000000000000
E,0.79024990000000000000,0.00005233163000000000,0.99916890000000000000,123.66670000000000000000
E,0.63065830000000000000,0.00005416230000000000,0.99916890000000000000,123.66670000000000000000
E,0.55638730000000000000,0.00005691960000000000,0.99916890000000000000,123.66670000000000000000
E,0.46764410000000000000,0.00005582226000000000,0.99361570000000000000,131.83330000000000000000
E,0.49815180000000000000,0.00006239885000000000,0.99361570000000000000,131.83330000000000000000
E,0.60292150000000000000,0.00005047727000000000,0.99361570000000000000,131.83330000000000000000
E,0.71726960000000000000,0.00004930284000000000,0.99203540000000000000,131.83330000000000000000
E,0.59918670000000000000,0.00005557494000000000,0.99712910000000000000,131.20000000000000000000
E,0.55708470000000000000,0.00005846926000000000,0.99522360000000000000,131.20000000000000000000
E,0.58787440000000000000,0.00003875208000000000,1.00875300000000000000,139.00000000000000000000
E,0.44493640000000000000,0.00004917514000000000,0.99610950000000000000,138.80000000000000000000
E,0.45080820000000000000,0.00004524530000000000,0.99556350000000000000,139.00000000000000000000
E,0.51798500000000000000,0.00004147323000000000,0.99556350000000000000,139.00000000000000000000
E,0.44353920000000000000,0.00005062318000000000,0.99610950000000000000,138.80000000000000000000
E,0.32726120000000000000,0.00006150737000000000,0.99610950000000000000,138.80000000000000000000
E,0.46107930000000000000,0.00004452471000000000,0.99579380000000000000,147.40000000000000000000
E,0.48843420000000000000,0.00004216536000000000,0.99172320000000000000,147.40000000000000000000
E,0.65439820000000000000,0.00037587030000000000,0.98086850000000000000,147.40000000000000000000
E,0.51775340000000000000,0.00004482416000000000,0.99172320000000000000,147.40000000000000000000
E,0.51612880000000000000,0.00004300038000000000,0.99172320000000000000,147.40000000000000000000
E,0.48885020000000000000,0.00004246067000000000,0.99172320000000000000,147.40000000000000000000
E,0.54678070000000000000,0.00003843926000000000,1.00000000000000000000,156.00000000000000000000
E,0.58774920000000000000,0.00003595202000000000,1.00096800000000000000,155.00000000000000000000
E,0.58274490000000000000,0.00004748608000000000,1.00282700000000000000,154.75000000000000000000
E,0.44852190000000000000,0.00004683572000000000,1.00282700000000000000,154.75000000000000000000
E,0.57693820000000000000,0.00004153206000000000,1.00282700000000000000,154.75000000000000000000
E,0.38199170000000000000,0.00005005677000000000,1.00282700000000000000,154.75000000000000000000
E,0.44156420000000000000,0.00005024656000000000,0.99773410000000000000,165.50000000000000000000
E,0.40029880000000000000,0.00005761589000000000,0.99773410000000000000,165.50000000000000000000
E,0.49263080000000000000,0.00007072273000000000,0.99773410000000000000,165.50000000000000000000
E,0.45729920000000000000,0.00005045121000000000,1.00255200000000000000,164.60000000000000000000
E,0.47244730000000000000,0.00006260786000000000,0.99647630000000000000,164.60000000000000000000
E,0.43092130000000000000,0.00005893917000000000,0.99222360000000000000,164.60000000000000000000
E,0.42187540000000000000,0.00004626263000000000,0.99182920000000000000,174.40000000000000000000
E,0.44504170000000000000,0.00003964123000000000,0.99730510000000000000,174.40000000000000000000
E,0.42577770000000000000,0.00005699085000000000,0.99903940000000000000,173.50000000000000000000
E,0.43360760000000000000,0.00004272954000000000,0.99730510000000000000,174.40000000000000000000
E,0.42204110000000000000,0.00004114465000000000,1.02897000000000000000,174.75000000000000000000
E,0.38208990000000000000,0.00005286690000000000,0.99463520000000000000,174.75000000000000000000
E,0.42981030000000000000,0.00031735630000000000,0.98405210000000000000,185.50000000000000000000
E,0.31793360000000000000,0.00005073002000000000,0.99550770000000000000,185.50000000000000000000
E,0.33618490000000000000,0.00004300263000000000,0.99550770000000000000,185.50000000000000000000
E,0.34943490000000000000,0.00004675031000000000,0.99717320000000000000,184.25000000000000000000
E,0.41624650000000000000,0.00004548818000000000,0.99717320000000000000,184.25000000000000000000
E,1.75453800000000000000,0.00004987736000000000,1.00569200000000000000,183.00000000000000000000
E,2.03032700000000000000,0.00004081281000000000,0.99213840000000000000,185.50000000000000000000
E,0.46253010000000000000,0.00004416693000000000,0.99717320000000000000,184.25000000000000000000
E,0.29401650000000000000,0.00004464007000000000,1.00056500000000000000,184.25000000000000000000
E,0.22925840000000000000,0.00005282872000000000,0.99437370000000000000,196.25000000000000000000
E,0.33884110000000000000,0.00004090414000000000,0.99437370000000000000,196.25000000000000000000
E,0.43245350000000000000,0.00004242573000000000,0.99437370000000000000,196.25000000000000000000
E,0.36009680000000000000,0.00004185699000000000,0.99437370000000000000,196.25000000000000000000
E,0.39036410000000000000,0.00004336299000000000,0.99437370000000000000,196.25000000000000000000
E,0.34096970000000000000,0.00004120508000000000,0.99437370000000000000,196.25000000000000000000
E,0.32241030000000000000,0.00004866992000000000,0.99730750000000000000,206.33330000000000000000
E,0.39188570000000000000,0.00005123628000000000,0.99198720000000000000,208.00000000000000000000
E,0.47051870000000000000,0.00003562561000000000,0.99668280000000000000,207.25000000000000000000
E,0.40845660000000000000,0.00004182709000000000,0.99668280000000000000,207.25000000000000000000
E,0.43607010000000000000,0.00004349877000000000,0.99668280000000000000,207.25000000000000000000
E,0.27001250000000000000,0.00004815791000000000,0.99668280000000000000,207.25000000000000000000
E,0.29189500000000000000,0.00004408365000000000,0.99874110000000000000,220.66670000000000000000
E,0.29134680000000000000,0.00004695505000000000,0.99874110000000000000,220.66670000000000000000
E,0.21076460000000000000,0.00006161926000000000,0.99848940000000000000,220.66670000000000000000
E,0.37513820000000000000,0.00004043908000000000,0.99962210000000000000,220.50000000000000000000
E,0.34005720000000000000,0.00004261521000000000,0.99496480000000000000,220.66670000000000000000
E,0.25072210000000000000,0.00004169034000000000,0.99962210000000000000,220.50000000000000000000
E,0.33030890000000000000,0.00004239666000000000,0.99427750000000000000,233.00000000000000000000
E,0.20963720000000000000,0.00004197069000000000,0.99252130000000000000,234.00000000000000000000
E,0.25668860000000000000,0.00004557833000000000,0.99427750000000000000,233.00000000000000000000
E,0.28574360000000000000,0.00004377294000000000,0.99427750000000000000,233.00000000000000000000
E,0.25898500000000000000,0.00004471561000000000,0.99427750000000000000,233.00000000000000000000
E,0.22619300000000000000,0.00004780751000000000,0.99427750000000000000,233.00000000000000000000
E,0.23006630000000000000,0.00005241300000000000,1.00022600000000000000,245.66670000000000000000
E,0.25878560000000000000,0.00005592689000000000,1.00022600000000000000,245.66670000000000000000
E,0.20029080000000000000,0.00005966074000000000,1.00022600000000000000,245.66670000000000000000
E,0.18714990000000000000,0.00006234063000000000,1.00022600000000000000,245.66670000000000000000
E,0.22049440000000000000,0.00005103897000000000,0.98123020000000000000,368.50000000000000000000
E,0.31554900000000000000,0.00005267108000000000,1.00022600000000000000,245.66670000000000000000
E,0.27524170000000000000,0.00004498691000000000,0.99894650000000000000,263.66670000000000000000
E,0.28913100000000000000,0.00004705946000000000,0.99447980000000000000,261.66670000000000000000
E,0.22582040000000000000,0.00004755061000000000,0.99447980000000000000,261.66670000000000000000
E,0.20262480000000000000,0.00006954963000000000,0.99425290000000000000,261.00000000000000000000
E,0.38372720000000000000,0.00004628863000000000,0.99578600000000000000,263.66670000000000000000
E,0.21417540000000000000,0.00005635083000000000,0.99447980000000000000,261.66670000000000000000
E,0.19521960000000000000,0.00004901522000000000,0.99602700000000000000,279.66670000000000000000
E,0.34478430000000000000,0.00004197057000000000,0.99400480000000000000,278.00000000000000000000
E,0.24503320000000000000,0.00004390149000000000,0.99400480000000000000,278.00000000000000000000
E,0.27373080000000000000,0.00004468223000000000,0.99400480000000000000,278.00000000000000000000
E,0.22201180000000000000,0.00005859070000000000,0.99458480000000000000,277.00000000000000000000
E,0.16923500000000000000,0.00005135927000000000,0.99400480000000000000,278.00000000000000000000
E,0.18279900000000000000,0.00007288153000000000,0.99488060000000000000,293.00000000000000000000
E,0.15037020000000000000,0.00006874266000000000,0.99488060000000000000,293.00000000000000000000
E,0.21022380000000000000,0.00007089645000000000,0.99488060000000000000,293.00000000000000000000
E,0.19324140000000000000,0.00007115385000000000,0.99488060000000000000,293.00000000000000000000
E,0.17529210000000000000,0.00007208290000000000,0.99488060000000000000,293.00000000000000000000
E,0.14509820000000000000,0.00007423017000000000,0.99488060000000000000,293.00000000000000000000
E,0.14835540000000000000,0.00007209849000000000,0.99434570000000000000,309.50000000000000000000
E,0.13821490000000000000,0.00007276519000000000,0.99434570000000000000,309.50000000000000000000
E,0.14888950000000000000,0.00007286341000000000,0.99434570000000000000,309.50000000000000000000
E,0.27246310000000000000,0.00006405736000000000,0.99434570000000000000,309.50000000000000000000
E,0.18966880000000000000,0.00006441163000000000,0.99434570000000000000,309.50000000000000000000
E,0.19362730000000000000,0.00006798813000000000,0.99434570000000000000,309.50000000000000000000
E,0.09698755000000000000,0.00007939869000000000,0.99546830000000000000,331.00000000000000000000
E,0.12373060000000000000,0.00006354482000000000,0.99546830000000000000,331.00000000000000000000
E,0.10860550000000000000,0.00006505079000000000,0.99546830000000000000,331.00000000000000000000
E,0.14508650000000000000,0.00006508861000000000,0.99546830000000000000,331.00000000000000000000
E,0.14475070000000000000,0.00006518647000000000,0.99546830000000000000,331.00000000000000000000
E,0.10231680000000000000,0.00007461138000000000,0.99546830000000000000,331.00000000000000000000
G,0.72944410000000000000,0.00008487459000000000,0.99651370000000000000,196.00000000000000000000
G,0.64877990000000000000,0.00007730512000000000,0.99376110000000000000,196.85710000000000000000
G,0.68686740000000000000,0.00006180531000000000,0.99349490000000000000,197.12500000000000000000
G,0.64418380000000000000,0.00009026158000000000,0.99304540000000000000,196.85710000000000000000
G,0.87248450000000000000,0.00006901717000000000,0.99376110000000000000,196.85710000000000000000
G,0.60086190000000000000,0.00005846265000000000,0.99925690000000000000,208.28570000000000000000
G,0.66391320000000000000,0.00007322358000000000,0.99890250000000000000,208.28570000000000000000
G,0.55032900000000000000,0.00007120134000000000,0.99890250000000000000,208.28570000000000000000
G,0.66821450000000000000,0.00007746254000000000,0.99890250000000000000,208.28570000000000000000
G,0.51414260000000000000,0.00007698671000000000,0.99890250000000000000,208.28570000000000000000
G,0.69667720000000000000,0.00006867613000000000,0.99890250000000000000,208.28570000000000000000
G,0.61603580000000000000,0.00004215401000000000,0.99912460000000000000,220.71430000000000000000
G,0.59550230000000000000,0.00004589995000000000,0.99645520000000000000,221.42860000000000000000
G,0.55510250000000000000,0.00005002473000000000,0.99637990000000000000,221.42860000000000000000
G,0.49697870000000000000,0.00007793671000000000,0.99874110000000000000,220.66670000000000000000
G,0.55950920000000000000,0.00004965318000000000,0.99637990000000000000,221.42860000000000000000
G,0.47979410000000000000,0.00008284130000000000,0.99874110000000000000,220.66670000000000000000
G,0.89815600000000000000,0.00005494696000000000,0.99856940000000000000,233.00000000000000000000
G,0.51600920000000000000,0.00006206305000000000,0.99567260000000000000,234.16670000000000000000
G,0.53562650000000000000,0.00005243115000000000,0.99799990000000000000,233.71430000000000000000
G,0.57948940000000000000,0.00005036130000000000,0.99799990000000000000,233.71430000000000000000
G,0.54375090000000000000,0.00005460376000000000,0.99799990000000000000,233.71430000000000000000
G,0.53600960000000000000,0.00005096412000000000,0.99799990000000000000,233.71430000000000000000
G,0.39440720000000000000,0.00006892981000000000,0.99932660000000000000,247.50000000000000000000
G,0.49186840000000000000,0.00004591396000000000,0.99765370000000000000,248.28570000000000000000
G,0.42374400000000000000,0.00005777532000000000,0.99773680000000000000,248.28570000000000000000
G,0.49283360000000000000,0.00004514960000000000,0.99698250000000000000,248.28570000000000000000
G,0.45344990000000000000,0.00005296350000000000,0.99954210000000000000,247.50000000000000000000
G,0.45209880000000000000,0.00005181158000000000,0.99954210000000000000,247.50000000000000000000
G,0.43600980000000000000,0.00009092750000000000,1.00015900000000000000,261.83330000000000000000
G,0.54256870000000000000,0.00005465392000000000,0.99690550000000000000,262.83330000000000000000
G,0.44459300000000000000,0.00008377292000000000,0.99730500000000000000,262.83330000000000000000
G,0.52323100000000000000,0.00005422927000000000,0.99766650000000000000,262.83330000000000000000
G,0.48553630000000000000,0.00007702592000000000,0.99766650000000000000,262.83330000000000000000
G,0.69229200000000000000,0.00004843301000000000,1.00115900000000000000,261.60000000000000000000
G,0.83415580000000000000,0.00004858738000000000,0.98647090000000000000,278.00000000000000000000
G,0.72781560000000000000,0.00004243762000000000,0.99916070000000000000,278.00000000000000000000
G,0.47927770000000000000,0.00006038780000000000,0.99611510000000000000,278.00000000000000000000
G,0.56850630000000000000,0.00005690729000000000,0.99616310000000000000,278.00000000000000000000
G,0.57179330000000000000,0.00005278463000000000,1.00006000000000000000,278.00000000000000000000
G,0.49104620000000000000,0.00005796240000000000,0.99971220000000000000,278.00000000000000000000
G,0.65983370000000000000,0.00005152534000000000,0.99830510000000000000,295.00000000000000000000
G,0.63563700000000000000,0.00004762940000000000,0.99663040000000000000,293.80000000000000000000
G,0.58616380000000000000,0.00005483056000000000,0.99549580000000000000,293.80000000000000000000
G,0.63121100000000000000,0.00004162766000000000,0.99615680000000000000,294.16670000000000000000
G,0.60339190000000000000,0.00004946558000000000,0.99663040000000000000,293.80000000000000000000
G,0.70831260000000000000,0.00003990035000000000,0.99521250000000000000,294.16670000000000000000
G,0.51511770000000000000,0.00005113992000000000,0.99951950000000000000,312.20000000000000000000
G,0.46904850000000000000,0.00004644967000000000,0.99951950000000000000,312.20000000000000000000
G,0.52399370000000000000,0.00004038501000000000,0.99951950000000000000,312.20000000000000000000
G,0.46869300000000000000,0.00006569200000000000,1.00000000000000000000,312.00000000000000000000
G,0.46742700000000000000,0.00004497868000000000,0.99951950000000000000,312.20000000000000000000
G,0.45634740000000000000,0.00004837709000000000,0.99951950000000000000,312.20000000000000000000
G,0.57236150000000000000,0.00006004982000000000,0.99638120000000000000,331.60000000000000000000
G,0.63031670000000000000,0.00006214049000000000,0.99546830000000000000,331.00000000000000000000
G,0.47717650000000000000,0.00005265196000000000,0.99515740000000000000,330.40000000000000000000
G,0.48486530000000000000,0.00004759325000000000,0.99697880000000000000,331.00000000000000000000
G,0.50806270000000000000,0.00004819603000000000,0.99395770000000000000,331.00000000000000000000
G,0.51014510000000000000,0.00004740799000000000,1.00000000000000000000,329.50000000000000000000
G,0.68444910000000000000,0.00004382982000000000,0.99602610000000000000,351.25000000000000000000
G,0.41947370000000000000,0.00004777368000000000,0.99620410000000000000,351.25000000000000000000
G,0.43826740000000000000,0.00005070750000000000,0.99620410000000000000,351.25000000000000000000
G,0.41578570000000000000,0.00005305175000000000,0.99904700000000000000,349.75000000000000000000
G,0.32346660000000000000,0.00007401803000000000,0.99928470000000000000,349.50000000000000000000
G,0.40911610000000000000,0.00005118165000000000,0.99620410000000000000,351.25000000000000000000
G,0.52740020000000000000,0.00004766211000000000,0.99921170000000000000,370.00000000000000000000
G,1.02451700000000000000,0.00004253033000000000,0.99954960000000000000,370.00000000000000000000
G,0.40882260000000000000,0.00005396589000000000,0.99954960000000000000,370.00000000000000000000
G,0.59128890000000000000,0.00004624831000000000,0.99921170000000000000,370.00000000000000000000
G,0.40803390000000000000,0.00005509879000000000,0.99954960000000000000,370.00000000000000000000
G,0.43076900000000000000,0.00005284038000000000,0.99954960000000000000,370.00000000000000000000
G,0.43185810000000000000,0.00003882593000000000,0.99771900000000000000,392.75000000000000000000
G,0.46689950000000000000,0.00003592853000000000,0.99771900000000000000,392.75000000000000000000
G,0.53518270000000000000,0.00003831289000000000,0.99931040000000000000,392.75000000000000000000
G,0.47103290000000000000,0.00004472009000000000,0.99702950000000000000,392.75000000000000000000
G,0.51271530000000000000,0.00004069116000000000,0.99931040000000000000,392.75000000000000000000
G,0.57699690000000000000,0.00003903733000000000,0.99824950000000000000,392.75000000000000000000
G,0.54027130000000000000,0.00003593805000000000,0.99834630000000000000,415.75000000000000000000
G,0.34103470000000000000,0.00005706006000000000,0.99939690000000000000,414.50000000000000000000
G,0.53707410000000000000,0.00004311028000000000,0.99734410000000000000,415.75000000000000000000
G,0.43106710000000000000,0.00004131918000000000,0.99759470000000000000,415.75000000000000000000
G,0.37682670000000000000,0.00005780041000000000,0.99939690000000000000,414.50000000000000000000
G,0.53289130000000000000,0.00003776590000000000,0.99959790000000000000,414.50000000000000000000
G,0.34491790000000000000,0.00006035392000000000,0.99809600000000000000,437.66670000000000000000
G,0.52349650000000000000,0.00005790483000000000,0.99714930000000000000,438.50000000000000000000
G,0.65845840000000000000,0.00003589445000000000,0.99649620000000000000,440.00000000000000000000
G,0.61811040000000000000,0.00004421108000000000,1.00063200000000000000,439.33330000000000000000
G,0.72015400000000000000,0.00003408171000000000,0.99721430000000000000,441.25000000000000000000
G,0.56602790000000000000,0.00003588876000000000,0.99649620000000000000,440.00000000000000000000
G,0.29560360000000000000,0.00006202060000000000,0.99713060000000000000,464.66670000000000000000
G,0.24922290000000000000,0.00010000000000000000,1.00000000000000000000,462.00000000000000000000
G,0.32553850000000000000,0.00006108153000000000,0.99713060000000000000,464.66670000000000000000
G,0.28122120000000000000,0.00006370659000000000,0.99535380000000000000,466.33330000000000000000
G,0.30210210000000000000,0.00006809195000000000,0.99535380000000000000,466.33330000000000000000
G,0.20778530000000000000,0.00010000000000000000,1.00000000000000000000,468.00000000000000000000
G,0.35089990000000000000,0.00006991598000000000,1.00168900000000000000,493.33330000000000000000
G,0.41870150000000000000,0.00005401533000000000,1.00000000000000000000,495.00000000000000000000
G,0.40855780000000000000,0.00006941177000000000,1.00168900000000000000,493.33330000000000000000
G,0.28219380000000000000,0.00006894681000000000,1.00000000000000000000,495.00000000000000000000
G,0.35064960000000000000,0.00006004411000000000,1.00000000000000000000,495.00000000000000000000
G,0.18775390000000000000,0.00010000000000000000,1.00000000000000000000,495.00000000000000000000
G,0.37004850000000000000,0.00004547040000000000,0.99787830000000000000,523.66670000000000000000
G,0.28197360000000000000,0.00005566564000000000,0.99840870000000000000,523.66670000000000000000
G,0.25535710000000000000,0.00005960774000000000,0.99840870000000000000,523.66670000000000000000
G,0.26289550000000000000,0.00005559723000000000,0.99840870000000000000,523.66670000000000000000
G,0.44765750000000000000,0.00004598379000000000,1.00000000000000000000,522.00000000000000000000
G,0.27735510000000000000,0.00005943881000000000,0.99840870000000000000,523.66670000000000000000
G,0.15270750000000000000,0.00010000000000000000,1.00000000000000000000,554.00000000000000000000
G,0.53939590000000000000,0.00005454228000000000,1.00000000000000000000,554.00000000000000000000
G,0.16135670000000000000,0.00010000000000000000,1.00000000000000000000,554.00000000000000000000
G,0.15347430000000000000,0.00010000000000000000,1.00000000000000000000,554.00000000000000000000
G,0.23610970000000000000,0.00005482946000000000,0.99820140000000000000,556.00000000000000000000
G,0.36280360000000000000,0.00004059952000000000,0.99760190000000000000,556.00000000000000000000
G,0.46917030000000000000,0.00004019839000000000,0.99526520000000000000,586.66670000000000000000
G,0.26519880000000000000,0.00005487986000000000,0.99957370000000000000,586.50000000000000000000
G,0.25600440000000000000,0.00005477308000000000,0.99957370000000000000,586.50000000000000000000
G,0.25396220000000000000,0.00005818288000000000,0.99957370000000000000,586.50000000000000000000
G,0.37560740000000000000,0.00005324365000000000,0.99763940000000000000,588.33330000000000000000
G,0.15443400000000000000,0.00010000000000000000,1.00000000000000000000,586.00000000000000000000
G,0.30044690000000000000,0.00006333007000000000,0.99798870000000000000,621.50000000000000000000
G,0.29995950000000000000,0.00006082883000000000,0.99798870000000000000,621.50000000000000000000
G,0.22895880000000000000,0.00010000000000000000,1.00000000000000000000,624.00000000000000000000
G,0.31814260000000000000,0.00005772936000000000,1.00000000000000000000,624.00000000000000000000
G,0.36835600000000000000,0.00005501930000000000,1.00000000000000000000,624.00000000000000000000
G,0.27786850000000000000,0.00006126120000000000,1.00000000000000000000,624.00000000000000000000
G,0.25380960000000000000,0.00005968245000000000,0.99961920000000000000,656.50000000000000000000
G,0.27378200000000000000,0.00005645122000000000,0.99961920000000000000,656.50000000000000000000
G,0.24104380000000000000,0.00007133991000000000,0.99961920000000000000,656.50000000000000000000
G,0.25375770000000000000,0.00005681552000000000,0.99961920000000000000,656.50000000000000000000
G,0.24314340000000000000,0.00006345845000000000,0.99772380000000000000,659.00000000000000000000
G,0.21703900000000000000,0.00006224136000000000,0.99964260000000000000,699.50000000000000000000
G,0.27589830000000000000,0.00006671945000000000,0.99784790000000000000,697.00000000000000000000
G,0.27719650000000000000,0.00006473414000000000,0.99784790000000000000,697.00000000000000000000
G,0.24796590000000000000,0.00007221494000000000,0.99964260000000000000,699.50000000000000000000
G,0.24203410000000000000,0.00006894765000000000,0.99964260000000000000,699.50000000000000000000
G,0.25161580000000000000,0.00006458109000000000,0.99750890000000000000,702.50000000000000000000
G,0.23982420000000000000,0.00007417522000000000,0.99629630000000000000,742.50000000000000000000
G,0.20109220000000000000,0.00007923698000000000,0.99797300000000000000,740.00000000000000000000
G,0.19162130000000000000,0.00007185109000000000,0.99797300000000000000,740.00000000000000000000
G,0.21263860000000000000,0.00007464361000000000,0.99797300000000000000,740.00000000000000000000
G,0.20420480000000000000,0.00007329651000000000,0.99966100000000000000,737.50000000000000000000
G,0.21891990000000000000,0.00006900289000000000,0.99797300000000000000,740.00000000000000000000
G,0.16520730000000000000,0.00007776498000000000,0.99649910000000000000,785.50000000000000000000
G,0.24389020000000000000,0.00008223754000000000,0.99808430000000000000,783.00000000000000000000
G,0.21397940000000000000,0.00008170783000000000,0.99808430000000000000,783.00000000000000000000
G,0.31246380000000000000,0.00008197335000000000,0.99649910000000000000,785.50000000000000000000
G,0.19057780000000000000,0.00009040700000000000,0.99649910000000000000,785.50000000000000000000
G,0.15407680000000000000,0.00007755889000000000,0.99778060000000000000,788.50000000000000000000
h_E,0.88442470000000000000,0.00008939442000000000,0.99952750000000000000,329.16670000000000000000
h_E,0.57951620000000000000,0.00009521947000000000,0.99872490000000000000,329.40000000000000000000
h_E,1.25479800000000000000,0.00008003805000000000,0.99952750000000000000,329.16670000000000000000
h_E,0.65695280000000000000,0.00011378070000000000,0.99872490000000000000,329.40000000000000000000
h_E,0.66282120000000000000,0.00010979710000000000,0.99872490000000000000,329.40000000000000000000
h_E,0.57271070000000000000,0.00011776090000000000,0.99872490000000000000,329.40000000000000000000
h_E,0.65880310000000000000,0.00009278205000000000,0.99926630000000000000,349.80000000000000000000
h_E,0.78176920000000000000,0.00007358084000000000,1.00084100000000000000,348.80000000000000000000
h_E,0.45601220000000000000,0.00009348852000000000,1.00084100000000000000,348.80000000000000000000
h_E,0.62851030000000000000,0.00007191403000000000,1.00084100000000000000,348.80000000000000000000
h_E,0.53684880000000000000,0.00009661019000000000,1.00084100000000000000,348.80000000000000000000
h_E,0.67375720000000000000,0.00006581409000000000,1.00084100000000000000,348.80000000000000000000
h_E,0.45586150000000000000,0.00009964534000000000,1.00225200000000000000,370.00000000000000000000
h_E,0.60342460000000000000,0.00006708335000000000,0.99893750000000000000,370.20000000000000000000
h_E,0.47933770000000000000,0.00008398804000000000,1.00028800000000000000,370.20000000000000000000
h_E,0.66711400000000000000,0.00007111899000000000,0.99893750000000000000,370.20000000000000000000
h_E,0.51877800000000000000,0.00008602738000000000,1.00110100000000000000,369.20000000000000000000
h_E,0.52809320000000000000,0.00009109348000000000,0.99921170000000000000,370.00000000000000000000
h_E,0.35449710000000000000,0.00009882005000000000,0.99931040000000000000,392.75000000000000000000
h_E,0.63870790000000000000,0.00009318283000000000,1.00170300000000000000,391.50000000000000000000
h_E,0.46761090000000000000,0.00006103129000000000,1.00074900000000000000,391.80000000000000000000
h_E,0.64286940000000000000,0.00007538663000000000,1.00063900000000000000,391.50000000000000000000
h_E,0.62817790000000000000,0.00012649610000000000,1.00063900000000000000,391.50000000000000000000
h_E,0.62533060000000000000,0.00006447366000000000,1.00074900000000000000,391.80000000000000000000
h_E,0.46086010000000000000,0.00027381860000000000,0.99173180000000000000,415.75000000000000000000
h_E,0.62418000000000000000,0.00047175240000000000,0.99072960000000000000,415.75000000000000000000
h_E,0.40647500000000000000,0.00007922269000000000,0.99734410000000000000,415.75000000000000000000
h_E,0.44437250000000000000,0.00007464258000000000,0.99734410000000000000,415.75000000000000000000
h_E,0.44840300000000000000,0.00008106700000000000,0.99734410000000000000,415.75000000000000000000
h_E,0.47913150000000000000,0.00006257272000000000,0.99734410000000000000,415.75000000000000000000
h_E,0.35236370000000000000,0.00007375416000000000,1.00075800000000000000,440.00000000000000000000
h_E,0.52488330000000000000,0.00007963150000000000,0.99933710000000000000,440.00000000000000000000
h_E,0.27332230000000000000,0.00010165240000000000,0.99933710000000000000,440.00000000000000000000
h_E,0.54379140000000000000,0.00007231982000000000,0.99933710000000000000,440.00000000000000000000
h_E,0.40843180000000000000,0.00008128206000000000,0.99933710000000000000,440.00000000000000000000
h_E,0.53051880000000000000,0.00007530137000000000,1.00190000000000000000,438.50000000000000000000
h_E,0.33205210000000000000,0.00009006396000000000,1.00179000000000000000,465.50000000000000000000
h_E,0.54345440000000000000,0.00006620065000000000,0.99937550000000000000,467.00000000000000000000
h_E,0.31509610000000000000,0.00009096799000000000,1.00179000000000000000,465.50000000000000000000
h_E,0.50964550000000000000,0.00009061058000000000,0.99868490000000000000,464.66670000000000000000
h_E,0.42618930000000000000,0.00008468118000000000,0.99767280000000000000,465.50000000000000000000
h_E,0.50475900000000000000,0.00005936358000000000,1.00179000000000000000,465.50000000000000000000
h_E,0.33711630000000000000,0.00007133449000000000,0.99978900000000000000,493.75000000000000000000
h_E,0.53657670000000000000,0.00006150885000000000,1.00169200000000000000,492.50000000000000000000
h_E,0.32519580000000000000,0.00007850226000000000,1.00169200000000000000,492.50000000000000000000
h_E,0.51541750000000000000,0.00005613675000000000,1.00169200000000000000,492.50000000000000000000
h_E,0.33248360000000000000,0.00008236779000000000,1.00169200000000000000,492.50000000000000000000
h_E,0.49795710000000000000,0.00005663399000000000,1.00169200000000000000,492.50000000000000000000
h_E,0.31957340000000000000,0.00006817451000000000,0.99787830000000000000,523.66670000000000000000
h_E,0.36055100000000000000,0.00005798843000000000,1.00000000000000000000,522.00000000000000000000
h_E,0.30711210000000000000,0.00006917262000000000,1.00000000000000000000,522.00000000000000000000
h_E,0.39388730000000000000,0.00005424315000000000,1.00000000000000000000,522.00000000000000000000
h_E,0.25523820000000000000,0.00007690830000000000,1.00000000000000000000,522.00000000000000000000
h_E,0.37736810000000000000,0.00005638913000000000,1.00000000000000000000,522.00000000000000000000
h_E,0.26809330000000000000,0.00007914721000000000,1.00010000000000000000,552.66670000000000000000
h_E,0.32432240000000000000,0.00007982692000000000,0.99708480000000000000,552.66670000000000000000
h_E,0.26378550000000000000,0.00008153440000000000,1.00010000000000000000,552.66670000000000000000
h_E,0.32674090000000000000,0.00006472025000000000,1.00010000000000000000,552.66670000000000000000
h_E,0.28207280000000000000,0.00007400463000000000,1.00010000000000000000,552.66670000000000000000
h_E,0.40271980000000000000,0.00007945324000000000,1.00226700000000000000,551.50000000000000000000
h_E,0.24146190000000000000,0.00006817704000000000,0.99952650000000000000,586.66670000000000000000
h_E,0.27560830000000000000,0.00006668253000000000,0.99952650000000000000,586.66670000000000000000
h_E,0.24305720000000000000,0.00006938578000000000,0.99952650000000000000,586.66670000000000000000
h_E,0.26600860000000000000,0.00006010097000000000,0.99952650000000000000,586.66670000000000000000
h_E,0.25055000000000000000,0.00006583393000000000,0.99952650000000000000,586.66670000000000000000
h_E,0.26999010000000000000,0.00006413770000000000,0.99952650000000000000,586.66670000000000000000
h_E,0.36041420000000000000,0.00005959447000000000,0.99741250000000000000,622.66670000000000000000
h_E,0.31306000000000000000,0.00006339544000000000,0.99955240000000000000,620.66670000000000000000
h_E,0.31922800000000000000,0.00005646084000000000,0.99955240000000000000,620.66670000000000000000
h_E,0.34766050000000000000,0.00006496834000000000,0.99955240000000000000,620.66670000000000000000
h_E,0.35503220000000000000,0.00006133423000000000,0.99955240000000000000,620.66670000000000000000
h_E,0.30982710000000000000,0.00006769320000000000,0.99955240000000000000,620.66670000000000000000
h_E,0.32849880000000000000,0.00005364425000000000,0.99915620000000000000,658.33330000000000000000
h_E,0.27924040000000000000,0.00006303465000000000,0.99915620000000000000,658.33330000000000000000
h_E,0.39495090000000000000,0.00005366620000000000,0.99915620000000000000,658.33330000000000000000
h_E,0.26834000000000000000,0.00006256325000000000,0.99915620000000000000,658.33330000000000000000
h_E,0.36169970000000000000,0.00005357928000000000,0.99915620000000000000,658.33330000000000000000
h_E,0.28289500000000000000,0.00006577064000000000,0.99915620000000000000,658.33330000000000000000
h_E,0.29369080000000000000,0.00007197400000000000,0.99784790000000000000,697.00000000000000000000
h_E,0.25677220000000000000,0.00008267452000000000,0.99784790000000000000,697.00000000000000000000
h_E,0.24515340000000000000,0.00007510513000000000,0.99784790000000000000,697.00000000000000000000
h_E,0.26029280000000000000,0.00008573383000000000,0.99784790000000000000,697.00000000000000000000
h_E,0.28655180000000000000,0.00007457468000000000,0.99784790000000000000,697.00000000000000000000
h_E,0.34843280000000000000,0.00008668236000000000,0.99784790000000000000,697.00000000000000000000
h_E,0.24486440000000000000,0.00006371658000000000,0.99966100000000000000,737.50000000000000000000
h_E,0.21728670000000000000,0.00007017497000000000,0.99966100000000000000,737.50000000000000000000
h_E,0.27217130000000000000,0.00006125103000000000,0.99966100000000000000,737.50000000000000000000
h_E,0.29029170000000000000,0.00007022262000000000,0.99797300000000000000,740.00000000000000000000
h_E,0.30135460000000000000,0.00006100488000000000,0.99797300000000000000,740.00000000000000000000
h_E,0.30929570000000000000,0.00007676566000000000,0.99797300000000000000,740.00000000000000000000
h_E,0.32832790000000000000,0.00006517938000000000,0.99967970000000000000,780.50000000000000000000
h_E,0.25544950000000000000,0.00006554945000000000,0.99808430000000000000,783.00000000000000000000
h_E,0.31427870000000000000,0.00006229526000000000,0.99808430000000000000,783.00000000000000000000
h_E,0.30408360000000000000,0.00006528595000000000,0.99808430000000000000,783.00000000000000000000
h_E,0.24617960000000000000,0.00007019919000000000,0.99808430000000000000,783.00000000000000000000
h_E,0.29444810000000000000,0.00006138004000000000,0.99967970000000000000,780.50000000000000000000
h_E,0.17425000000000000000,0.00007131526000000000,1.00000000000000000000,829.00000000000000000000
h_E,0.19730130000000000000,0.00006388449000000000,1.00000000000000000000,829.00000000000000000000
h_E,0.15802940000000000000,0.00007537243000000000,1.00000000000000000000,829.00000000000000000000
h_E,0.19164470000000000000,0.00006797225000000000,1.00000000000000000000,829.00000000000000000000
h_E,0.21328590000000000000,0.00006434731000000000,1.00000000000000000000,829.00000000000000000000
h_E,0.21676960000000000000,0.00006663968000000000,1.00000000000000000000,829.00000000000000000000
h_E,0.16351980000000000000,0.00007159253000000000,1.00000000000000000000,877.00000000000000000000
h_E,0.13290630000000000000,0.00008157053000000000,1.00000000000000000000,877.00000000000000000000
h_E,0.17481130000000000000,0.00009469321000000000,1.00000000000000000000,877.00000000000000000000
h_E,0.17511930000000000000,0.00009435272000000000,1.00000000000000000000,877.00000000000000000000
h_E,0.18914740000000000000,0.00006498503000000000,1.00000000000000000000,877.00000000000000000000
h_E,0.17697750000000000000,0.00007016708000000000,1.00000000000000000000,877.00000000000000000000
h_E,0.16186070000000000000,0.00006077417000000000,0.99973310000000000000,936.50000000000000000000
h_E,0.20522120000000000000,0.00005417964000000000,0.99973310000000000000,936.50000000000000000000
h_E,0.18081130000000000000,0.00006365688000000000,1.00107100000000000000,934.00000000000000000000
h_E,0.32681100000000000000,0.00005717478000000000,1.00107100000000000000,934.00000000000000000000
h_E,0.20240140000000000000,0.00007111530000000000,0.99839400000000000000,934.00000000000000000000
h_E,0.16832800000000000000,0.00006882728000000000,0.99873420000000000000,987.50000000000000000000
h_E,0.26106280000000000000,0.00005794630000000000,0.99873420000000000000,987.50000000000000000000
h_E,0.18757730000000000000,0.00006078578000000000,0.99873420000000000000,987.50000000000000000000
h_E,0.22604720000000000000,0.00006003986000000000,0.99873420000000000000,987.50000000000000000000
h_E,0.18051250000000000000,0.00006600412000000000,0.99873420000000000000,987.50000000000000000000
h_E,0.22365460000000000000,0.00005744420000000000,0.99873420000000000000,987.50000000000000000000
h_E,0.10724890000000000000,0.00010000000000000000,1.00000000000000000000,1049.00000000000000000000
h_E,0.12423170000000000000,0.00010000000000000000,1.00000000000000000000,1049.00000000000000000000
h_E,0.09929464000000000000,0.00010000000000000000,1.00000000000000000000,1049.00000000000000000000
h_E,0.10448090000000000000,0.00010000000000000000,1.00000000000000000000,1049.00000000000000000000
h_E,0.10793090000000000000,0.00010000000000000000,1.00000000000000000000,1049.00000000000000000000
h_E,0.11046690000000000000,0.00010000000000000000,1.00000000000000000000,1049.00000000000000000000
