A,0.97719508063098836637,0.00012127356005270625,0.99515636426205533738,110.35767
A,0.91523550807842579680,0.00010490362885546154,0.99564072783584978144,110.35767
A,0.87961343176707507130,0.00011560376782087727,0.99564072783584978144,110.35767
A,1.02023161503995307697,0.00010022458670573747,0.99786059351276734652,110.05859
A,0.86577745310206044582,0.00013765462063482402,0.99786059351276734652,110.05859
A,1.10774412298156521572,0.00011846873093790976,0.99786059351276734652,110.05859
A,0.79087880102689911421,0.00010115317072269348,0.99808875931324914088,117.23633
A,0.87847088184310573311,0.00010492654922810273,0.99706835114998382252,117.23633
A,0.90741804698259365125,0.00010246558617478695,1.00097069597069587843,116.63818
A,0.86051927880074929877,0.00009666878407666100,1.00097069597069587843,116.63818
A,1.05313879975941304679,0.00009023364833377444,1.00097069597069587843,116.63818
A,0.81996388900069527850,0.00010808637640004576,1.00147664835164840191,116.63818
A,0.81810050221322871966,0.00007778004670822507,1.00000000000000000000,123.81592
A,1.03861901476212148410,0.00007188786222752793,1.00000000000000000000,123.81592
A,0.73291906870172751631,0.00007925582396426886,1.00000000000000000000,123.81592
A,0.86445247663899693613,0.00007927140472024433,1.00000000000000000000,123.81592
A,1.08332452008468904658,0.00007002633484936308,1.00000000000000000000,123.81592
A,0.91904867434323955777,0.00007553736975604954,1.00000000000000000000,123.81592
A,0.81108663813459880298,0.00006841836550933084,0.99731990231990230722,131.21796
A,0.85806984044119738453,0.00006174462987376448,0.99521771037181994135,130.99365
A,0.91085689086973931072,0.00005610901649524396,0.99685257664709725489,130.99365
A,0.91489363427095393710,0.00005720583665492133,0.99521771037181994135,130.99365
A,0.89205375784915019732,0.00006169581699305251,0.99502376292982941397,130.99365
A,1.03416449989232184237,0.00006842534520042220,0.99614379084967319411,130.73730
A,0.78359616465906689609,0.00006673047576011442,0.99831819581280789588,138.76953
A,0.89628874326663965366,0.00007096216110814016,1.00146825396825400745,138.42773
A,0.75372639774366556598,0.00007376239361990684,1.00146825396825400745,138.42773
A,0.87924415329828420340,0.00005720124113840631,0.99912638546798038242,138.76953
A,0.90490792404071029864,0.00007973731621394823,0.99910493827160495872,138.42773
A,0.93411221801271371312,0.00006299862448095585,0.99831819581280789588,138.76953
A,0.85386467622836437208,0.00006007703399546447,0.99461382113821139583,147.14355
A,0.86447829546202881179,0.00005209490411032828,0.99711664482306694435,146.69495
A,0.90201182579617722457,0.00005304622297634728,0.99711664482306694435,146.69495
A,0.78709725209765013521,0.00005505493354799626,0.99711664482306694435,146.69495
A,0.79538785274875245523,0.00006043004695044239,0.99711664482306694435,146.69495
A,0.82656590600204205010,0.00005437912237622913,0.99711664482306694435,146.69495
A,0.69620572569992689171,0.00005589244324535686,1.00221579961464346553,155.21851
A,0.92536564146247446416,0.00005138545643313124,1.00221579961464346553,155.21851
A,0.81027600757568274403,0.00005103809233365097,1.00221579961464346553,155.21851
A,0.82984600448184586696,0.00005152732771972243,1.00221579961464346553,155.21851
A,0.88951686724039402687,0.00004536984397504087,1.00119047619047618625,155.34668
A,0.83254410527967359634,0.00003792441260144646,0.99806034482758620996,156.11572
A,0.69199380161781087750,0.00005203604240413947,0.99441477525589683228,164.57520
A,0.66253819925965362625,0.00006365303227249113,0.99496365524402907710,164.57520
A,0.73856746135304318646,0.00005194554964405385,0.99534935469514906892,164.57520
A,0.71124273081494426840,0.00006263241873569611,0.99496365524402907710,164.57520
A,0.61091932843943896891,0.00006948163463667701,0.99551401869158873126,164.57520
A,0.65581901321949442885,0.00005019963492604143,0.99574621685408870597,164.86359
A,0.65937212080202733944,0.00003716974400295025,0.99447241451646739563,174.57275
A,0.70734500571757497056,0.00004438028967975230,0.99661037689672049567,174.57275
A,0.65896056802260327689,0.00004654256060087401,0.99661037689672049567,174.57275
A,0.72334955643086873422,0.00004766038553862410,0.99661037689672049567,174.57275
A,0.66919653827469527396,0.00004221698124403132,0.99661037689672049567,174.57275
A,0.79639258083493424945,0.00004020502865060624,0.99667505768827346913,174.57275
A,0.59975739548016715474,0.00004164433781243191,0.99678362573099410504,184.10889
A,0.52406879683075091592,0.00004556560570453366,0.99678362573099410504,184.10889
A,0.60280757472088575266,0.00004564001446904872,0.99873294346978558345,184.10889
A,0.61965919945888114917,0.00004270287698091790,0.99873294346978558345,184.10889
A,0.62209796507390557885,0.00004621796948063204,0.99873294346978558345,184.10889
A,0.58166588116306106038,0.00004376933420198369,0.99873294346978558345,184.10889
A,0.52228898985763216878,0.00004025005320120898,0.99915902140672796516,195.59326
A,0.50758146170157536492,0.00004540592997964469,0.99716117216117228228,195.95215
A,0.58321150864466886343,0.00004122200390109189,0.99587155963302753658,195.59326
A,0.39128988201700298788,0.00004814081439445085,0.99915902140672796516,195.59326
A,0.58222873946736164452,0.00004045613019613800,0.99587155963302753658,195.59326
A,0.48490875292210439129,0.00004490754406206350,0.99716117216117228228,195.95215
A,0.53852592478899197204,0.00004096594634203499,0.99653679653679660966,207.25708
A,0.53387860708331147386,0.00004221344923947063,0.99653679653679660966,207.25708
A,0.51885429144194727957,0.00004210033787135202,0.99653679653679660966,207.25708
A,0.53434136919613439698,0.00004232081367121451,0.99653679653679660966,207.25708
A,0.67640306620144685645,0.00004312577104076896,0.99653679653679660966,207.25708
A,0.41699551182580624209,0.00005652669910760653,0.99567099567099570656,207.25708
A,0.54101804960655464072,0.00003955939407397910,0.99861111111111111605,219.63867
A,0.46718077623857612313,0.00003880475768044943,0.99861111111111111605,219.63867
A,0.41023662843913760723,0.00004227214542160120,0.99861111111111111605,219.63867
A,0.52697262485429730017,0.00004387982298477483,0.99948875255623725877,219.36951
A,0.47481109959021827738,0.00003964520880757992,0.99861111111111111605,219.63867
A,0.56847200479457093980,0.00004130308907174615,0.99948875255623725877,219.36951
A,0.48369292237802541390,0.00004468116795464569,0.99614643545279379921,232.82776
A,0.44148076943904723812,0.00004020232719201208,0.99566473988439296861,232.82776
A,0.41483214787305877636,0.00004791257461865175,0.99759152215799606900,232.82776
A,0.53845400090998918330,0.00004432621267412909,0.99566473988439296861,232.82776
A,0.49663121080165367749,0.00004087841429721024,0.99566473988439296861,232.82776
A,0.51484692646946983441,0.00004027310186372826,0.99566473988439296861,232.82776
A,0.48100042632535644493,0.00003866988681024055,0.99876273653566227662,246.55518
A,0.47425735492679349514,0.00004194814550728157,0.99954462659380693967,246.28601
A,0.34514611568392999930,0.00005167774347302686,1.00121654501216550415,245.83740
A,0.30306480631385179780,0.00004360403772545987,0.99876273653566227662,246.55518
A,0.35506168222195838569,0.00005230642523882500,1.00121654501216550415,245.83740
A,0.32353505225293638370,0.00005131589490203445,0.99954462659380693967,246.28601
A,0.23881139422405756045,0.00004758729120178600,1.00000000000000000000,263.78174
A,0.41309592610754131137,0.00004148091166791213,0.99957264957264957417,262.43591
A,0.27739029902785178328,0.00005213208541243701,0.99883879781420747968,262.70508
A,0.27046250063904453409,0.00005348953808582067,0.99883879781420747968,262.70508
A,0.39257327676514108816,0.00004601498147723874,0.99828178694158076212,261.09009
A,0.27657222542030857060,0.00005869781752116557,0.99444444444444446418,262.43591
A,0.25435644424541226094,0.00004691349453493391,0.99676375404530748181,277.23999
A,0.39046604505307980215,0.00003834865801520963,0.99676375404530748181,277.23999
A,0.34442194722875124624,0.00004063116431345036,0.99676375404530748181,277.23999
A,0.22770867576979023084,0.00005435274221249062,0.99567099567099559554,276.34277
A,0.22066063534360830234,0.00004928279271457953,0.99676375404530748181,277.23999
A,0.33739353394604026937,0.00003989037878906269,0.99676375404530748181,277.23999
A,0.21590423935454916560,0.00004506678331975795,0.99807987711213519422,292.04407
A,0.18839409972079809719,0.00004620494471348406,0.99807987711213519422,292.04407
A,0.20834779507026970902,0.00004464583470130434,0.99807987711213519422,292.04407
A,0.21083175925420152841,0.00004436533564187675,0.99807987711213519422,292.04407
A,0.22185277558307717194,0.00004325259626142814,0.99807987711213519422,292.04407
A,0.22104946799262834012,0.00004377824432261888,0.99807987711213519422,292.04407
A,0.22925088180230707158,0.00004469405686243359,0.99963924963924966072,310.88562
A,0.22467146865198353578,0.00005009890540257637,0.99963924963924966072,310.88562
A,0.23197672625797061130,0.00005340576577589345,0.99963924963924966072,310.88562
A,0.23830446332780710894,0.00005228678060297517,0.99531024531024536728,310.88562
A,0.25132082446409093057,0.00006531076444790948,0.99518304431599224902,310.43701
A,0.23632419975255897215,0.00004655928416021303,0.99963924963924966072,310.88562
A,0.26241936390357523123,0.00005558805032374816,1.00091575091575091250,326.58691
A,0.17418101692084644871,0.00004871227056004890,1.00000000000000000000,328.38135
A,0.28479416381030836503,0.00004499592534452617,1.00000000000000000000,328.38135
A,0.24341461865186225788,0.00004211362232017665,1.00000000000000000000,328.38135
A,0.21735522215454819439,0.00004391773292383104,1.00000000000000000000,328.38135
A,0.21149297133102040736,0.00004488741788805366,1.00000000000000000000,328.38135
A,0.15370772824456008232,0.00004683155035675373,1.00000000000000000000,349.91455
A,0.14426435717960661709,0.00004903198229375690,1.00000000000000000000,349.91455
A,0.25726576040319520944,0.00005980377291420978,1.00000000000000000000,349.91455
A,0.14557392164770663334,0.00005115117583018837,1.00000000000000000000,349.91455
A,0.21071374180903293394,0.00004715881568061888,1.00000000000000000000,349.91455
A,0.14821307523338661527,0.00005345663471771189,1.00000000000000000000,349.91455
A,0.19115683683772741186,0.00004681050337777216,0.99918699186991866146,367.85889
A,0.18690756542741468471,0.00005540928740328044,0.99595469255663438002,369.65332
A,0.18361807746432029509,0.00004958659581144321,1.00000000000000000000,371.44775
A,0.17582617736029551581,0.00005579294799878867,0.99595469255663438002,369.65332
A,0.16162913450721014264,0.00005665111315018879,0.99595469255663438002,369.65332
A,0.17809467499977607585,0.00005147563542479072,0.99918699186991866146,367.85889
A,0.14529784771886630756,0.00005426206134518671,1.00000000000000000000,392.98096
A,0.12917409560280943004,0.00007146070951637698,1.00000000000000000000,392.98096
A,0.14384775307511846187,0.00006934502653819124,1.00000000000000000000,392.98096
A,0.14639471833097753017,0.00005404900992790624,1.00000000000000000000,392.98096
A,0.15710084735557228175,0.00007076729695864898,1.00000000000000000000,392.98096
A,0.12570197143940581297,0.00007705153016771820,1.00000000000000000000,392.98096
A,0.13825369932578207566,0.00005692234621370757,0.99712643678160917116,416.30859
A,0.15879792835493780623,0.00005660863448190506,0.99928160919540232054,416.30859
A,0.12020837453535974937,0.00005998812346372437,0.99712643678160917116,416.30859
A,0.15888946012276042308,0.00005621673743859967,0.99712643678160917116,416.30859
A,0.11652725484987841442,0.00006452617123292038,0.99712643678160917116,416.30859
A,0.13476360470680304182,0.00007237485134505356,0.99642346208869814195,418.10303
A,0.14801353061290878355,0.00006370183700343834,0.99799196787148591881,446.81396
A,0.16098819365344316235,0.00006687081569443844,0.99799196787148591881,446.81396
A,0.17266359932576180736,0.00006205808227075466,0.99663978494623650661,445.01953
A,0.13192970693054370535,0.00005900554087022300,0.99730094466936558550,443.22510
A,0.16613906800148581233,0.00005876189104690790,0.99730094466936558550,443.22510
A,0.13139638481354090627,0.00006010246340274162,0.99663978494623650661,445.01953
A,0.71300049897381612141,0.00016517682675264294,0.99515636426205533738,110.35767
A,0.73168626735950226259,0.00014421568371735595,0.99687959736740228145,110.35767
A,0.73944857825474297197,0.00013700927266176451,0.99687959736740228145,110.35767
A,0.79140200731073395701,0.00013769246574134189,0.99564072783584978144,110.35767
A,0.76336166377087311119,0.00014843943111249100,0.99786059351276734652,110.05859
A,1.00689018495780868712,0.00012629909587480199,0.99786059351276734652,110.05859
A,0.70851385094398144915,0.00010990168147227335,0.99706835114998382252,117.23633
A,0.77920691543710551841,0.00010843892516628600,0.99706835114998382252,117.23633
A,0.78296273539408134390,0.00010120815993227002,0.99706835114998382252,117.23633
A,1.06918166338297715434,0.00009263679269461582,1.00147664835164840191,116.63818
A,0.92347799003994612832,0.00009602659231089286,1.00219780219780218999,116.63818
A,0.87514355213271421974,0.00009406130480598403,1.00024382512861764738,116.81763
A,0.78611715051240604879,0.00007588206051652831,1.00000000000000000000,123.81592
A,0.82257467322488719841,0.00006957078748566393,1.00000000000000000000,123.81592
A,0.75526475353480149177,0.00007408373510871769,1.00000000000000000000,123.81592
A,0.74238647407340530027,0.00006929389921434993,1.00000000000000000000,123.81592
A,0.74949546332630878620,0.00007408183393948020,1.00000000000000000000,123.81592
A,0.69069755117191700133,0.00007851321664623142,1.00000000000000000000,123.81592
A,0.78815107591785160679,0.00007196468362228557,0.99373015873015879684,131.21796
A,0.92594060837812997011,0.00005714345628029248,0.99536855838225690718,130.99365
A,0.85674595759220095736,0.00006964916808405157,0.99648459383753507090,130.73730
A,0.94354994315390838810,0.00006153802474235558,0.99593933463796469052,130.99365
A,0.83474335643360531023,0.00006442662935983340,0.99521771037181994135,130.99365
A,0.93539390714199133203,0.00006543268487345525,0.99521771037181994135,130.99365
A,0.78161372705134468664,0.00007061637225985630,0.99672454617205985539,139.19678
A,0.86542173153270074426,0.00005722178626890555,0.99858811908168121363,139.36768
A,0.72473483861451171162,0.00005958439521724902,0.99894755003450652620,139.29291
A,0.92708460587945262787,0.00006034868128138233,0.99644219633490016541,139.36768
A,0.72678872694065743687,0.00005309297835515893,0.99644219633490016541,139.36768
A,0.98680011241902343411,0.00006047263569939170,0.99644219633490016541,139.36768
A,0.72315154243561130532,0.00004955814646519777,0.99840541721275677389,146.69495
A,0.89707440300007401657,0.00005228581656159868,0.99441726462274404597,147.36786
A,0.74375438799105353382,0.00005487850000329095,0.99687110446272753084,146.88721
A,0.69898343745716151609,0.00005399023074544955,0.99687110446272753084,146.88721
A,0.82483680607420162278,0.00005384914274313326,0.99599850411368728853,146.88721
A,0.85692262847781941471,0.00006013171562540268,0.99799038881607693430,146.69495
A,0.57534650884292271034,0.00004572438686984617,0.99905689548546694478,155.44281
A,0.62949464794777876264,0.00004319023315519526,0.99905689548546694478,155.44281
A,0.88940270883712380101,0.00004342791025923653,0.99905689548546694478,155.44281
A,0.70437575753229153541,0.00004938701444790891,0.99954031117397446060,155.34668
A,0.86825918482955311006,0.00004573058883075524,0.99905689548546694478,155.44281
A,0.66328328942805081514,0.00004540608028401630,0.99905689548546694478,155.44281
A,0.69994779933442441422,0.00005288102102472186,0.99441477525589683228,164.57520
A,0.70436248884701024853,0.00007031683864757568,0.99551401869158873126,164.57520
A,0.57608076180396783350,0.00007313240966727805,0.99551401869158873126,164.57520
A,0.87127735249876658852,0.00004834844346832050,0.99534935469514906892,164.57520
A,0.80947882920761038417,0.00004661905172756678,0.99576773566569487528,164.86359
A,0.81067779469353873356,0.00004461573590602140,0.99984936831875592667,164.86359
A,0.67017869218114733965,0.00004272226483773280,0.99789525208027407555,174.57275
A,0.72241918032843888131,0.00004456613429381102,0.99851059366477856738,174.57275
A,0.72532478612924888850,0.00003853025212364640,0.99851059366477856738,174.57275
A,0.73485249272962960276,0.00004962367926298168,0.99661037689672049567,174.57275
A,0.67631491354304151820,0.00004673211191690792,0.99789525208027407555,174.57275
A,0.70696853333085618587,0.00004656797117877992,0.99851059366477856738,174.57275
A,0.53846196566591653099,0.00005034783142835527,0.99699612403100767999,185.18555
A,0.79450530631233273748,0.00004089044678415858,0.99506099960645411073,186.10840
A,0.54967062912033348709,0.00004899134717868893,0.99844961240310081685,185.18555
A,0.79656054828481503982,0.00004141662761562110,0.99508856682769719626,185.72388
A,0.47552378807351847190,0.00005314171917521246,0.99699612403100767999,185.18555
A,0.65510633854795841113,0.00004088185688166661,0.99668284789644012722,184.82666
A,0.43683474215762135850,0.00004664148205353811,0.99649923896499237319,196.49048
A,0.60161970875130688086,0.00004639824396233927,0.99853479853479854000,195.95215
A,0.51062484021482457131,0.00004472480916768300,0.99649923896499237319,196.49048
A,0.65247702935328255602,0.00004845039864320068,0.99649923896499237319,196.49048
A,0.51056917637739263061,0.00004612736762353838,0.99853479853479854000,195.95215
A,0.60262915409818940127,0.00003907040834166062,0.99649923896499237319,196.49048
A,0.41003783985854252991,0.00004544029320927436,0.99668109668109672317,207.25708
A,0.53919843964803881864,0.00004153924500996006,0.99730902777777785673,206.71875
A,0.39642109562394522992,0.00005118046387717304,0.99861111111111111605,206.71875
A,0.65598852830014220405,0.00003736466350165775,0.99668109668109672317,207.25708
A,0.50230036801680133518,0.00004349011296671960,0.99861111111111111605,206.71875
A,0.49930683511575313371,0.00004002328628453434,0.99668109668109672317,207.25708
A,0.32294306163803698784,0.00005522321600890530,1.00254515599343196897,218.56201
A,0.41350482907226593365,0.00004445207045648624,0.99861111111111111605,219.63867
A,0.47650237260881195267,0.00004833371489634268,0.99948875255623725877,219.36951
A,0.41128199746769683598,0.00004800417131414438,0.99948875255623725877,219.36951
A,0.54642315883301728618,0.00003802899790887871,0.99861111111111111605,219.63867
A,0.42092997557154426813,0.00004997331228795118,0.99948875255623725877,219.36951
A,0.32403075725152991060,0.00005217336048241609,0.99616858237547889487,234.17358
A,0.37167063237086994665,0.00004970286547217845,0.99788786482334868033,233.63525
A,0.43609057610693746643,0.00004933522602529773,0.99759152215799606900,232.82776
A,0.36409930394381340157,0.00004617940631443156,0.99759152215799606900,232.82776
A,0.40597536572335202187,0.00003615160975933026,0.99531490015360990498,233.63525
A,0.37986891004783746029,0.00004435780503726071,0.99759152215799606900,232.82776
A,0.36688966403302430974,0.00004105168072098198,0.99954462659380693967,246.28601
A,0.35846757693875164197,0.00005172935756772763,1.00000000000000000000,247.63184
A,0.35902791111772053290,0.00004106736655551126,1.00409836065573765396,246.28601
A,0.42686387095737893249,0.00003878520717431582,0.99954462659380693967,246.28601
A,0.36485854756301933088,0.00004822821327393636,0.99954462659380693967,246.28601
A,0.42383535511033210152,0.00003349734018106479,0.99673913043478246099,247.63184
A,0.37421577535890965249,0.00003617352203374921,0.99561042524005483045,261.62842
A,0.29598086947063084740,0.00005337127709556842,0.99885057471264371287,260.19287
A,0.28557345426937930100,0.00004619571089964087,0.99784110535405878828,259.74426
A,0.39283967731363395037,0.00003779915121737897,0.99784110535405878828,259.74426
A,0.30524875585094995989,0.00004407468242839745,0.99656357388316152424,261.09009
A,0.27217770731094786951,0.00005364754515961594,0.99540229885057474046,260.19287
A,0.30614661484212774001,0.00004414987766582263,0.99676375404530748181,277.23999
A,0.32211103156379816692,0.00004207042971635204,0.99634146341463414309,275.89417
A,0.37088399987511894151,0.00004505322203001912,0.99676375404530748181,277.23999
A,0.27267161770520520481,0.00004915564403856229,0.99676375404530748181,277.23999
A,0.30412842101297887787,0.00004888375331840743,0.99676375404530748181,277.23999
A,0.29528380467844228541,0.00004856842376970689,0.99676375404530748181,277.23999
A,0.29179936962032504422,0.00004796961522317629,0.99676375404530748181,277.23999
A,0.29831724541845666687,0.00004193163214256040,0.99807987711213519422,292.04407
A,0.32325867226139864963,0.00004844594371984705,0.99591002044989773712,292.49268
A,0.24922991036196059933,0.00005134443396331396,0.99591002044989773712,292.49268
A,0.30124334138925940030,0.00005022175175545083,0.99591002044989773712,292.49268
A,0.23062171717126125903,0.00005271884149277325,0.99591002044989773712,292.49268
A,0.27570247694246013959,0.00004530376664255802,0.99807987711213519422,292.04407
A,0.20402900503949569777,0.00004580951496817565,0.99963924963924966072,310.88562
A,0.31694522241199563073,0.00004975617570735666,0.99518304431599224902,310.43701
A,0.29529274646801229043,0.00005466321169167331,0.99518304431599224902,310.43701
A,0.36353369927260381633,0.00004624512110305537,0.99531024531024536728,310.88562
A,0.24484822972749459291,0.00004620989470819701,0.99963924963924966072,310.88562
A,0.38284431537030927384,0.00004294576760932019,0.99963924963924966072,310.88562
A,0.18714493894690537035,0.00005019937626163106,0.99637681159420277144,330.17578
A,0.25644336777494924906,0.00004722483532195434,0.99637681159420277144,330.17578
A,0.20218363718098833481,0.00004994391546199668,1.00000000000000000000,328.38135
A,0.18534880441858020417,0.00005162638206873885,1.00000000000000000000,328.38135
A,0.26551801124883994687,0.00004719970295675921,1.00000000000000000000,328.38135
A,0.16744386091207968947,0.00005145344007283287,1.00000000000000000000,328.38135
A,0.19980715928880396492,0.00005132047753741750,1.00085910652920961894,348.12012
A,0.17200931911296629684,0.00005607674707694432,1.00085910652920961894,348.12012
A,0.15988427791470194439,0.00006292720397739010,0.99570446735395190530,348.12012
A,0.19202984229615749356,0.00005333564628014793,1.00085910652920961894,348.12012
A,0.19800208104395541908,0.00005667060981154989,1.00085910652920961894,348.12012
A,0.19559720971333172113,0.00005560351451203837,1.00085910652920961894,348.12012
A,0.17911315560890034293,0.00006022491810639823,0.99595469255663438002,369.65332
A,0.17472860713893345608,0.00006083551974701850,0.99595469255663438002,369.65332
A,0.23036578670507726341,0.00005368403560709950,0.99595469255663438002,369.65332
A,0.18543664281546878847,0.00005742610964293941,0.99595469255663438002,369.65332
A,0.17214531379685890644,0.00006242597949182380,0.99595469255663438002,369.65332
A,0.16474019294076600040,0.00006133413688556558,0.99595469255663438002,369.65332
A,0.16083982490911524765,0.00006396740321350636,0.99595469255663438002,369.65332
A,0.15014145640886686350,0.00007313730668123531,1.00000000000000000000,392.98096
A,0.11133092183014017817,0.00007345979159491341,1.00000000000000000000,392.98096
A,0.12595110701996412028,0.00005326530473522268,1.00000000000000000000,392.98096
A,0.14372722842722801539,0.00005271700312235800,1.00000000000000000000,392.98096
A,0.12243065727210926397,0.00005417901641612276,1.00000000000000000000,392.98096
A,0.15298109429111617086,0.00005229904073216557,1.00000000000000000000,392.98096
A,0.10439169174149097452,0.00008912451434682771,0.99677419354838714405,417.20581
A,0.09734810751482544933,0.00006617944726798696,0.99677419354838714405,417.20581
A,0.10470770681392391199,0.00006915139102172570,1.00000000000000000000,414.51416
A,0.12600482891107364636,0.00006379400089134774,0.99677419354838714405,417.20581
A,0.12225213729635071858,0.00006355292127030991,0.99677419354838714405,417.20581
A,0.10709879917389961146,0.00006602955965464576,1.00000000000000000000,414.51416
A,0.09488221223143196437,0.00006868618494600220,1.00000000000000000000,414.51416
A,0.10054607867216916461,0.00007159739036094979,0.99696969696969695018,444.12231
A,0.11916404772439366522,0.00006406276200614560,1.00303030303030293879,444.12231
A,0.08458867804284363190,0.00006759302000626543,0.99696969696969695018,444.12231
A,0.09061852621473208413,0.00007806898481007145,0.99696969696969695018,444.12231
A,0.07455028319982749674,0.00007593552475574057,1.00000000000000000000,441.43066
A,0.08695151774973347569,0.00007588811689596429,1.00000000000000000000,441.43066
B,0.85871283221519723039,0.00008059498084485180,0.99937718956792520597,246.95892
B,0.56615334231944003385,0.00009177462141332254,1.00126786409386636656,246.95892
B,0.70118745350633748803,0.00007853439553573953,0.99940638380692869980,246.95892
B,0.65545382517900296904,0.00008629595613276583,1.00048935105377290178,246.95892
B,0.72243326821988929076,0.00007509910867852947,0.99940638380692869980,246.95892
B,0.63569841195671439316,0.00008933845519435106,1.00048935105377290178,246.95892
B,0.71005754077440019767,0.00010165858969245252,0.99895731508634744156,262.24365
B,0.65125515715665582839,0.00009960870288487668,1.00148459383753496432,261.47461
B,0.58922587295863004808,0.00012739199038748131,1.00140522875816984083,261.47461
B,0.71466761467503958638,0.00008742980138983192,1.00148459383753496432,261.47461
B,0.50815386984304888873,0.00011359453303504388,1.00140522875816984083,261.47461
B,0.74213377571135830113,0.00008806899504431344,0.99896662477307640593,262.24365
B,0.55113240133653473851,0.00009281488128654241,1.00139823242316317042,277.62451
B,0.75922274835672687310,0.00008932546567880670,0.99669128962757769230,277.62451
B,0.55995007659737250361,0.00010729276243516911,1.00100030778701132306,277.62451
B,0.49853289153402308154,0.00011560719504844606,0.99776854416743621101,277.62451
B,0.65510193465945520952,0.00013172860230435920,0.99776854416743621101,277.62451
B,0.46379225694486236886,0.00007795762053202085,0.99979674796747974863,294.28711
B,0.67262368986293874507,0.00009929929903749554,0.99979674796747974863,294.28711
B,0.47031301735804142972,0.00008372058185071213,1.00055894308943083004,294.28711
B,0.51471631720025068368,0.00009828552235278461,1.00000000000000000000,294.28711
B,0.48251724484295815953,0.00008358678311411820,0.99979674796747974863,294.28711
B,0.45874889203206742350,0.00008467743529728708,0.99979674796747974863,294.28711
B,0.48657737617802143681,0.00004729724750130586,1.00182516810758892589,311.33423
B,0.49760479679189556501,0.00005767215528923035,1.00110470701248810421,311.33423
B,0.74154414681039182433,0.00005292857375731482,1.00110470701248810421,311.33423
B,0.43692627230727604237,0.00006120108307753365,1.00014409221902011993,311.33423
B,0.52830602717730990037,0.00006507015365545411,1.00014409221902011993,311.33423
B,0.39968982604574398998,0.00005616571600735958,0.99759963768115944571,330.17578
B,0.66684088765300619794,0.00005405363207740895,0.99986376021798362146,329.27856
B,0.44175459358615593031,0.00005431061818462288,0.99759963768115944571,330.17578
B,0.54979395837156452842,0.00006493880581751557,0.99847411444141687120,329.27856
B,0.47473617498698694739,0.00005516193350655196,0.99986376021798362146,329.27856
B,0.45494556771283523045,0.00006921625776941007,0.99847411444141687120,329.27856
B,0.33751498510815430842,0.00005473633885466176,1.00000000000000000000,349.91455
B,0.66417430135274446723,0.00005704082800362419,1.00000000000000000000,349.91455
B,0.35530947339088886361,0.00005638109821047450,1.00000000000000000000,349.91455
B,0.53910004771216424313,0.00005605722260456980,1.00169753086419754950,348.83789
B,0.54861069746496460287,0.00005853116451037136,1.00144032921810710590,348.83789
B,0.55372729735921977223,0.00005766814925493695,1.00066872427983533100,348.83789
B,0.31975027073747724904,0.00006945603831944136,1.00133624878522842216,369.29443
B,0.42564607283000632787,0.00006451352942495151,1.00077745383867844353,369.29443
B,0.39660182877194016804,0.00006912132984128126,1.00077745383867844353,369.29443
B,0.47728723765727748551,0.00005996096820980271,1.00077745383867844353,369.29443
B,0.29628714856559107416,0.00007171820458032830,1.00150631681243917903,369.29443
B,0.43932548791067199678,0.00006044139235620667,1.00077745383867844353,369.29443
B,0.35484649484508873352,0.00004606591600199785,0.99781420765027317721,394.05762
B,0.46641843234168767207,0.00004379946143808316,1.00059523809523809312,391.90430
B,0.37464017944172711694,0.00004866748328842848,0.99922161172161172438,391.90430
B,0.49091317848348059449,0.00004513099235358696,1.00059523809523809312,391.90430
B,0.42430676154149371548,0.00004463486158975145,1.00059523809523809312,391.90430
B,0.44662373693977136524,0.00004469484465991635,1.00059523809523809312,391.90430
B,0.32730694772535590120,0.00005161428965445560,1.00135722041259489501,413.16833
B,0.49943260925715071696,0.00005156783414100316,1.00135722041259489501,413.16833
B,0.35557527821488860154,0.00004988710797251686,1.00135722041259489501,413.16833
B,0.38475943110490751220,0.00005045080450727049,1.00135722041259489501,413.16833
B,0.38010734724587930122,0.00004925895454345916,1.00135722041259489501,413.16833
B,0.31152263500923371708,0.00005574528377204144,1.00135722041259489501,413.16833
B,0.37393137460458836241,0.00004987922612564958,0.99974515800203866966,440.08484
B,0.44873177097622912735,0.00005279529845645538,1.00204498977505118695,438.73901
B,0.28811011579592732401,0.00005894923294509929,0.99974515800203866966,440.08484
B,0.26664741104333422594,0.00006854352284320714,1.00204498977505118695,438.73901
B,0.27031858063873442921,0.00006092411297889183,0.99974515800203866966,440.08484
B,0.30580020048871903171,0.00006335698429998041,0.99974515800203866966,440.08484
B,0.23556086588198013598,0.00005263852484509768,1.00000000000000000000,468.34717
B,0.33290991013308562918,0.00004872464209636005,0.99807321772639689961,465.65552
B,0.25730779811944637370,0.00005703052565310227,0.99807321772639689961,465.65552
B,0.32283703574816374759,0.00004931046792774193,1.00024154589371994106,464.30969
B,0.29549423139197905641,0.00005046256532035852,0.99807321772639689961,465.65552
B,0.28569028479631186634,0.00006315580913885893,1.00192678227360310039,465.65552
B,0.27662045926612094382,0.00005104391611528876,0.99977293369663944311,493.91785
B,0.35828007150563789818,0.00004301093554437871,0.99817850637522764767,492.57202
B,0.28407102956079338663,0.00004457458325731784,0.99817850637522764767,492.57202
B,0.34267032440148298411,0.00004582758813892490,0.99794520547945209099,491.22620
B,0.37668136647265815231,0.00003955776178234901,0.99681238615664846670,492.57202
B,0.26312421003559072208,0.00004539800895792988,0.99817850637522764767,492.57202
B,0.25994091584467815537,0.00005377798011586429,1.00057471264367814356,520.38574
B,0.28565988543793852106,0.00004937919704320120,1.00000000000000000000,522.18018
B,0.29358311189301855570,0.00004867736298882986,1.00000000000000000000,522.18018
B,0.31482783883440823569,0.00005028594234608737,1.00000000000000000000,522.18018
B,0.31338507824522476852,0.00005043841375930226,1.00057471264367814356,520.38574
B,0.34184622642858797370,0.00005011161544089430,1.00057471264367814356,520.38574
B,0.31735160537655160429,0.00004735480234172116,0.99945711183496188657,550.89111
B,0.36737864411467874293,0.00004578542776469814,0.99945711183496188657,550.89111
B,0.32123790262431506370,0.00004954346153017410,0.99945711183496188657,550.89111
B,0.38620809883356588266,0.00004465374582098725,0.99945711183496188657,550.89111
B,0.26798016159845683415,0.00005244886206803871,0.99945711183496188657,550.89111
B,0.35750279197157269762,0.00004503904400479045,1.00054112554112539790,552.68555
B,0.29720700311851261377,0.00005119039755399439,1.00050658561296867965,590.36865
B,0.27622338538632024152,0.00004883387655430633,0.99796747967479682018,588.57422
B,0.20377308483438205666,0.00005010315593431236,1.00000000000000000000,586.77979
B,0.26499298252699066136,0.00005117791550984796,1.00000000000000000000,586.77979
B,0.25337682427572555399,0.00005181411969036843,1.00000000000000000000,586.77979
B,0.26247674430291151326,0.00004532107071211189,1.00000000000000000000,586.77979
B,0.22529178501175164961,0.00004399512734124076,1.00000000000000000000,624.46289
B,0.28326193609404420881,0.00004295875649846701,1.00000000000000000000,624.46289
B,0.23013367346565280491,0.00004499495679271557,1.00000000000000000000,624.46289
B,0.24310678406521513129,0.00004345360949058494,0.99808978032473738562,626.25732
B,0.20877448466216563805,0.00004567892399333502,0.99808978032473738562,626.25732
B,0.26950904911883655224,0.00004240265077619103,1.00000000000000000000,624.46289
B,0.13281180661895297668,0.00006334940072753037,1.00000000000000000000,662.14600
B,0.21721041369050578251,0.00005282962288277400,1.00045289855072461194,660.35156
B,0.22238548056373888540,0.00004953356032560936,0.99773550724637682929,660.35156
B,0.22331726604023835470,0.00004349665908796219,0.99954586739327888623,658.55713
B,0.15934447510648538926,0.00005090458283493380,0.99818346957311521184,658.55713
B,0.13145230925920317611,0.00005896768543113888,1.00000000000000000000,699.82910
B,0.11360806517375764135,0.00010000000000000000,1.00000000000000000000,699.82910
B,0.15695316598017136633,0.00005661131032000890,1.00000000000000000000,699.82910
B,0.13472608075804720640,0.00010000000000000000,1.00000000000000000000,694.44580
B,0.18899874995949672574,0.00005677618755651090,0.99806949806949807336,697.13745
B,0.15311367305742132339,0.00010000000000000000,1.00000000000000000000,699.82910
B,0.14803474265889607353,0.00010000000000000000,1.00000000000000000000,742.89551
B,0.12169818264266535346,0.00010000000000000000,1.00000000000000000000,742.89551
B,0.14132715621447750065,0.00005540337673342788,1.00181818181818194091,740.20386
B,0.17075440956778703550,0.00005512430120008527,1.00181818181818194091,740.20386
B,0.15188844742360110840,0.00005550051145584512,1.00181818181818194091,740.20386
B,0.16482249656059019816,0.00006162596046163681,1.00181818181818194091,740.20386
B,0.15525180783186187661,0.00006100774298051865,0.99829351535836174936,788.65356
B,0.15168136257536041223,0.00010000000000000000,1.00000000000000000000,791.34521
B,0.15638226352520290252,0.00005942430564327010,1.00170648464163836167,788.65356
B,0.16643017742201132725,0.00005491956540488996,0.99829351535836174936,788.65356
B,0.09928047347393879896,0.00010000000000000000,1.00000000000000000000,785.96191
B,0.15352338989678887549,0.00005824089808719032,0.99829351535836174936,788.65356
B,0.14627360383347831618,0.00005469673134517223,0.99838187702265379642,831.71997
B,0.10477062129997886941,0.00010000000000000000,1.00000000000000000000,829.02832
B,0.12541778210343809685,0.00005532184258865598,1.00000000000000000000,829.02832
B,0.11437122130430292521,0.00006348664000102790,0.99838187702265379642,831.71997
B,0.14049546687702804681,0.00005655838369621815,0.99838187702265379642,831.71997
B,0.14410552847250962527,0.00005839542516424714,0.99838187702265379642,831.71997
B,0.16123119220832485277,0.00005687392131541343,1.00152905198776753792,880.16968
B,0.16537449335133302952,0.00005880271182533344,1.00000000000000000000,882.86133
B,0.14523856101453644363,0.00005758888979217384,1.00152905198776753792,880.16968
B,0.12593973432203983687,0.00006057156326435156,1.00000000000000000000,882.86133
B,0.11462917232298441839,0.00006038156762128506,1.00000000000000000000,882.86133
B,0.16218538428210374502,0.00006380598400403128,1.00152905198776753792,880.16968
B,0.14220117146556102150,0.00005619375990666402,1.00144927536231875820,928.61938
B,0.11130473426588702313,0.00006009689326093025,1.00000000000000000000,931.31104
B,0.11059666086521406647,0.00005661793029048037,1.00000000000000000000,931.31104
B,0.10938272185012831716,0.00005986487159211280,1.00000000000000000000,931.31104
B,0.15822165738223906151,0.00005778102448076659,1.00144927536231875820,928.61938
B,0.11852389932028867259,0.00005988369546828403,1.00000000000000000000,931.31104
B,0.11156019075704373678,0.00005852496701468297,1.00136239782016334132,987.83569
B,0.10666901112339602364,0.00006410408690901634,1.00136239782016334132,987.83569
B,0.08584267816069399148,0.00006603234132092875,0.99863760217983643663,987.83569
B,0.10484146370117292113,0.00006813531843944476,0.99863760217983643663,987.83569
B,0.09697932812422006832,0.00005852593603193305,1.00000000000000000000,990.52734
B,0.07713651231069067193,0.00006339822287768009,1.00000000000000000000,990.52734
B,0.64857053609554515816,0.00007868665207499876,0.99945133366698180044,246.95892
B,0.72978854843187135337,0.00007531188093384797,0.99945133366698180044,246.95892
B,0.65455699925660748573,0.00007819447189307798,0.99945133366698180044,246.95892
B,0.66618399746983114618,0.00007666154034488241,0.99945133366698180044,246.95892
B,0.74892839767665475570,0.00007538992539794059,0.99945133366698180044,246.95892
B,0.64866293743524816584,0.00008385353622746327,0.99945133366698180044,246.95892
B,0.58519704778868097961,0.00011445674774589377,1.00062785388127850617,261.98730
B,0.48071882187944620091,0.00011726350310686405,1.00062785388127850617,261.98730
B,0.59789912453219007382,0.00009403120474961801,0.99981264255457802381,262.24365
B,0.45330278297457921033,0.00010407806382278906,0.99981264255457802381,262.24365
B,0.47655462109367541235,0.00010051806560772454,0.99981264255457802381,262.24365
B,0.47919762186355524536,0.00010020918393366447,0.99981264255457802381,262.24365
B,0.49619024703567998769,0.00009504973893858600,1.00139823242316317042,277.62451
B,0.45830258370030035886,0.00010746434872545743,1.00132348414896887867,277.62451
B,0.62079258336974763033,0.00010671523955367622,1.00093655190608088468,277.62451
B,0.51066176368345184144,0.00010932381209176690,0.99809172052939365560,277.62451
B,0.54062609661257687854,0.00009399881296704271,0.99761245218308935989,277.62451
B,0.52198133955762138214,0.00009535155603905966,0.99761245218308935989,277.62451
B,0.43138669760086445493,0.00009986148901669783,0.99928644240570851931,293.38989
B,0.51992141177793871343,0.00009755847606364019,0.99867482161060150414,293.38989
B,0.51788276066184124602,0.00009842692659529513,0.99877675840978596966,293.38989
B,0.52190198201335813444,0.00010382537241216041,0.99877675840978596966,293.38989
B,0.51174271169989071772,0.00010661790972877294,0.99877675840978596966,293.38989
B,0.53906783246900180639,0.00009333538822162417,0.99928644240570851931,293.38989
B,0.52463081333285932484,0.00006058632800875784,1.00014409221902011993,311.33423
B,0.44579047104807661972,0.00006323127508878777,1.00014409221902011993,311.33423
B,0.45691314013447692499,0.00007245759433418289,0.99855907780979824562,311.33423
B,0.44784442813895497526,0.00007233617905352035,0.99855907780979824562,311.33423
B,0.64461976699504763832,0.00007131625544981938,0.99855907780979824562,311.33423
B,0.52039173128869053997,0.00005931871024629501,1.00014409221902011993,311.33423
B,0.48265916214632059722,0.00005241391479674175,0.99986376021798362146,329.27856
B,0.46568709617477249685,0.00005403586553483238,0.99986376021798362146,329.27856
B,0.54284119540958553074,0.00005376816235256342,0.99895549500454139391,329.27856
B,0.52619350326569869214,0.00005179352931075179,0.99895549500454139391,329.27856
B,0.53091193941559189362,0.00005078524306530411,0.99986376021798362146,329.27856
B,0.47330281566233017854,0.00006000967992149021,0.99759963768115944571,330.17578
B,0.46590157861867215194,0.00005903008608435856,1.00102880658436221850,348.83789
B,0.53926537445510813740,0.00005755349113577952,1.00066872427983533100,348.83789
B,0.46873527698487027493,0.00005409911361294433,1.00066872427983533100,348.83789
B,0.50428633821560986394,0.00005759667593229680,1.00066872427983533100,348.83789
B,0.46091213118735113730,0.00005938652100632722,1.00066872427983533100,348.83789
B,0.45169074275623166681,0.00005470215479278673,1.00066872427983533100,348.83789
B,0.54970066740776379888,0.00006905052928462908,1.00077745383867844353,369.29443
B,0.39669605092027876436,0.00006313149704626907,1.00077745383867844353,369.29443
B,0.51382651681463953341,0.00007926121454424507,0.99786200194363450233,369.29443
B,0.48430071186784706683,0.00005415322064320660,1.00077745383867844353,369.29443
B,0.50785050289439626070,0.00008160883762783867,1.00077745383867844353,369.29443
B,0.43343689801345558488,0.00007043383029683971,1.00077745383867844353,369.29443
B,0.35853461967524946630,0.00008000553753393429,0.99667125803489442504,390.82764
B,0.41488017548111472133,0.00005172546912894527,1.00142332415059698292,390.82764
B,0.39358386025433356181,0.00007907763853437414,1.00126262626262629851,390.82764
B,0.49152687990562665687,0.00006048374983047670,0.99922161172161172438,391.90430
B,0.37643969652310810270,0.00005075854407436853,0.99922161172161172438,391.90430
B,0.47209613400508831926,0.00024379851622093868,0.99350649350649344882,414.51416
B,0.37659488067220853180,0.00004990352921669163,0.99757281553398058360,415.85999
B,0.30007908548865386278,0.00006265464477605189,1.00000000000000000000,414.51416
B,0.43643250392086707645,0.00005506509228755270,1.00000000000000000000,414.51416
B,0.34433951189620976008,0.00005179554046980888,1.00000000000000000000,414.51416
B,0.42752473199421747729,0.00005702605632932339,1.00000000000000000000,414.51416
B,0.30274899054543197296,0.00005915688740606465,1.00000000000000000000,440.08484
B,0.44559482437625236306,0.00004911687960646778,0.99974515800203866966,440.08484
B,0.47417979513784497270,0.00004358582965278387,0.99974515800203866966,440.08484
B,0.37427382649664081571,0.00005623359674375397,0.99974515800203866966,440.08484
B,0.36230274237683968153,0.00004887278614596095,0.99974515800203866966,440.08484
B,0.42364905427904958612,0.00004600583816815082,0.99974515800203866966,440.08484
B,0.31299276463416547678,0.00004996402081511957,0.99807321772639689961,465.65552
B,0.47715689621554630007,0.00004506394786750508,0.99807321772639689961,465.65552
B,0.28217865868671571095,0.00005620519654821605,0.99807321772639689961,465.65552
B,0.42430999996889429138,0.00004818435506606340,0.99807321772639689961,465.65552
B,0.29463049781789935055,0.00005724256713089184,0.99807321772639689961,465.65552
B,0.39221521927954616782,0.00005675347845334643,1.00192678227360310039,465.65552
B,0.28415784643183372715,0.00004698642791107817,0.99977293369663944311,493.91785
B,0.41323669225042952702,0.00004398543771162482,0.99977293369663944311,493.91785
B,0.23461539817896251425,0.00005452544633089914,0.99977293369663944311,493.91785
B,0.28197507346686162544,0.00004959149612842256,0.99977293369663944311,493.91785
B,0.41063430876887069276,0.00004798068535434515,0.99908925318761387935,492.57202
B,0.23512988057879305459,0.00006113633151387593,0.99715585893060298961,525.76904
B,0.31724411251320838723,0.00004687360082310402,0.99771689497716897765,523.97461
B,0.26449316902004266217,0.00004729280548507568,0.99771689497716897765,523.97461
B,0.27856970546337578298,0.00004932892611259934,1.00000000000000000000,522.18018
B,0.27042998892112601883,0.00004844981875928451,1.00000000000000000000,522.18018
B,0.26007239068447413066,0.00006552413150424120,1.00056882821387937987,525.76904
B,0.17808159085520069986,0.00005699553855655973,1.00000000000000000000,554.47998
B,0.34191770535783927443,0.00004419713148084493,1.00000000000000000000,554.47998
B,0.28211826230657349734,0.00004668240990740110,1.00000000000000000000,554.47998
B,0.25305325964633151870,0.00005042578398816233,1.00000000000000000000,554.47998
B,0.24967209567017631389,0.00004951954331545361,1.00000000000000000000,554.47998
B,0.25071749824701555776,0.00005553139981235240,1.00000000000000000000,554.47998
B,0.19856482749148809952,0.00005363518230963182,1.00051124744376274123,584.98535
B,0.29902496282907758962,0.00004317203105189882,1.00000000000000000000,586.77979
B,0.20679678174708460148,0.00005541409867865048,1.00051124744376274123,584.98535
B,0.18751566928469212692,0.00004953000124848104,1.00000000000000000000,586.77979
B,0.16846277282826715993,0.00005428742433161488,1.00000000000000000000,586.77979
B,0.17565147859531662911,0.00005440706667674156,1.00000000000000000000,586.77979
B,0.14294209708576000040,0.00007000779360294880,1.00048030739673388112,622.66846
B,0.14279259427154541995,0.00006318262453757027,1.00048030739673388112,622.66846
B,0.20203856670642997284,0.00005571915955737095,0.99759846301633048338,622.66846
B,0.18894199819557686015,0.00006137378635890613,1.00048030739673388112,622.66846
B,0.20442076419301927204,0.00005885099943332567,0.99759846301633048338,622.66846
B,0.20093654938499572182,0.00006123000764669989,0.99759846301633048338,622.66846
B,0.21957410047887415683,0.00004653938330509579,1.00045662100456622667,654.96826
B,0.27085404457722878080,0.00005878056311306977,1.00409836065573765396,656.76270
B,0.18587652949939745262,0.00006132434772695510,1.00000000000000000000,662.14600
B,0.16358456535975723911,0.00005200641304938794,1.00045289855072461194,660.35156
B,0.14326735014417785186,0.00005589788592704471,0.99818346957311521184,658.55713
B,0.18222383522106250231,0.00005121645291103260,1.00045289855072461194,660.35156
B,0.15152801491635112252,0.00005963473080274105,1.00000000000000000000,699.82910
B,0.11100849110063708280,0.00006799477126694803,1.00000000000000000000,699.82910
B,0.13015440946762349417,0.00010000000000000000,1.00000000000000000000,699.82910
B,0.13221791631642013098,0.00006020546969027163,1.00000000000000000000,699.82910
B,0.15159536772449866415,0.00006162586746325255,1.00000000000000000000,699.82910
B,0.14446026483439083909,0.00006112024126117985,0.99808429118773944744,702.52075
B,0.16355670097624894210,0.00005629541302949310,1.00000000000000000000,748.27881
B,0.10972950371030616712,0.00006260550600838813,1.00000000000000000000,748.27881
B,0.16539157890225369973,0.00005759166320953387,1.00000000000000000000,748.27881
B,0.11906995433678864427,0.00007436858716690375,1.00180505415162457439,745.58716
B,0.14992997160857193806,0.00005865795819999413,1.00000000000000000000,742.89551
B,0.12289988328989474853,0.00006073298703878138,1.00000000000000000000,742.89551
B,0.10802606794095565013,0.00005966494430283387,1.00000000000000000000,785.96191
B,0.16133358730034424999,0.00005967234577427517,1.00171821305841923788,783.27026
B,0.16732554796710288891,0.00005659514260865431,1.00171821305841923788,783.27026
B,0.10438426485280045963,0.00010000000000000000,1.00000000000000000000,785.96191
B,0.09670268037393335570,0.00010000000000000000,1.00000000000000000000,785.96191
B,0.09926722256015771406,0.00010000000000000000,1.00000000000000000000,785.96191
B,0.13280816695425626262,0.00005417960145320831,1.00000000000000000000,834.41162
B,0.13135299621126561576,0.00006700924150212964,1.00161812297734620358,831.71997
B,0.12411950435473126375,0.00005573642502136903,1.00000000000000000000,829.02832
B,0.10912137089497120357,0.00006261378819536441,0.99838187702265379642,831.71997
B,0.15342054304883501192,0.00005917523638823901,1.00161812297734620358,831.71997
B,0.10341238886031248190,0.00005994321971631390,1.00000000000000000000,829.02832
B,0.10762738919562110651,0.00005803998727262883,1.00000000000000000000,882.86133
B,0.12705286196536300092,0.00006716797878162998,0.99847094801223246208,880.16968
B,0.13143983264259173627,0.00005912749665203605,1.00152905198776753792,880.16968
B,0.10419619344190611532,0.00006673879645687266,1.00000000000000000000,882.86133
B,0.13911223948188172761,0.00006433220719782234,0.99847094801223246208,880.16968
B,0.12577576232730583450,0.00006394925265707451,0.99847094801223246208,880.16968
B,0.09263351095986493977,0.00005844613247151991,1.00000000000000000000,925.92773
B,0.09081216852480807067,0.00005882036148637720,1.00000000000000000000,931.31104
B,0.09156767294048927253,0.00006266459137817695,1.00144927536231875820,928.61938
B,0.10316066394310574594,0.00006206446817632169,1.00144927536231875820,928.61938
B,0.16831985139828425924,0.00006207557863422901,1.00144927536231875820,928.61938
B,0.09618881759336293802,0.00006395319440271996,1.00144927536231875820,928.61938
B,0.07994688728644339104,0.00006974797333537506,0.99863760217983643663,987.83569
B,0.08839470234230921430,0.00006214339343121623,1.00136239782016334132,987.83569
B,0.08086897350828679831,0.00006563794818080642,1.00136239782016334132,987.83569
B,0.08907985877800476959,0.00006781188314054227,0.99863760217983643663,987.83569
B,0.09908598763142728583,0.00006896309721670902,0.99863760217983643663,987.83569
B,0.08244741306958330851,0.00006756580669631491,0.99863760217983643663,987.83569
D,0.87605139757425432023,0.00009977863011088011,0.99625864133163388736,147.50244
D,0.80096564835898320656,0.00010282533748299807,0.99711939520333670028,147.50244
D,0.76046796424881146770,0.00010498913759957764,0.99625864133163388736,147.50244
D,0.69429432982556238407,0.00010792793878164624,0.99625864133163388736,147.50244
D,0.86284408318258865034,0.00010592109028938066,0.99899218946837997635,146.96411
D,0.80732369491547550933,0.00010641988179886109,0.99899218946837997635,146.96411
D,0.87867745958159892972,0.00009007237521895384,1.00097832722832702501,155.51758
D,1.12541477644359466659,0.00007597954258249182,0.99833515781791648536,156.11572
D,1.10395732293151493941,0.00007447668605715820,1.00097832722832702501,155.51758
D,0.82527303814146024674,0.00008660678963967848,0.99756887429301221992,156.11572
D,0.92584903781965310898,0.00007596783243372515,1.00097832722832702501,155.51758
D,0.97494096861880463756,0.00007479919523794872,1.00097832722832702501,155.51758
D,0.69691107294589926813,0.00008710179567220161,0.99978002070393379164,165.08789
D,0.78953846782280878713,0.00008312052395032817,0.99926242236024853671,165.08789
D,0.82416536343504198658,0.00010268839526703829,1.00072192142162985640,164.86359
D,0.84001843339057047366,0.00008833256150946759,0.99926242236024853671,165.08789
D,0.98492961085297692225,0.00011223009676609426,1.00052964042759962027,164.86359
D,0.84491445641010420875,0.00009179912142681640,1.00052964042759962027,164.86359
D,0.68290550259705695701,0.00008254225013564270,0.99865188084366152133,174.65820
D,0.69195300829215811156,0.00009055366083100690,0.99677655677655674360,174.95728
D,0.80081927209534531364,0.00008370383034042681,0.99853373781945209409,174.28436
D,0.82995985854602960519,0.00008390482391416316,0.99517399267399264673,174.95728
D,0.56594663129988564965,0.00009686229476528596,0.99677655677655674360,174.95728
D,0.65315029313515171605,0.00007912269497414544,0.99686820786405849759,185.33936
D,0.72065910007447386842,0.00007775099060203548,0.99686820786405849759,185.33936
D,0.73123987240754062533,0.00008066879393958620,0.99686820786405849759,185.33936
D,0.75193714511819875757,0.00006998481012600430,0.99809956709956704213,185.05096
D,0.84151818997511318443,0.00005305685667277951,0.99843099861303752363,184.82666
D,0.75873395501359264248,0.00006209447604935990,0.99809956709956704213,185.05096
D,0.59358091448035987803,0.00006043139060251620,0.99570287018917147392,196.49048
D,0.73753090914382268828,0.00007899247060096928,0.99536855838225690718,196.49048
D,0.53415841165552746528,0.00007068908026713822,0.99704014939309060228,196.10596
D,0.75055044123438097170,0.00006654647939678384,0.99684641768292681085,196.19141
D,0.55579844856144378085,0.00007837722042462897,0.99915902140672796516,195.59326
D,0.76050999703743982217,0.00006225814558157186,0.99829815087547046915,195.81757
D,0.67583661685612006487,0.00005500477039779192,0.99557319223985896173,207.64160
D,0.91602355612131047824,0.00006164349655407938,0.99715522572665438172,207.25708
D,0.64599006568205030732,0.00006371953021070269,0.99668109668109672317,207.25708
D,0.76685054857675161166,0.00006104182591543728,0.99874314037882805373,206.87256
D,0.60591060316896649951,0.00006064027096383177,0.99874314037882805373,206.87256
D,0.71481497157894380301,0.00006688413274182848,0.99715522572665438172,207.25708
D,0.55704501321561528115,0.00004478849160030315,1.00157103825136606368,218.92090
D,0.58132817638288147855,0.00004911148924330058,1.00157103825136606368,218.92090
D,0.53389086878844638218,0.00004799372003471063,1.00157103825136606368,218.92090
D,0.48935058734036696038,0.00005097157902856614,1.00075136612021853288,218.92090
D,0.75120512553675988787,0.00003892059204820979,0.99964076858813710746,219.17725
D,0.59927366020721528628,0.00004145852122680866,1.00092731829573944324,219.17725
D,0.53225042132353062030,0.00004118919073180398,0.99660256410256409243,233.27637
D,0.64979428696837160384,0.00004736680013068247,0.99660256410256409243,233.27637
D,0.44533267392113956573,0.00004543960013281127,0.99660256410256409243,233.27637
D,0.50342105595602359980,0.00004498194578465176,0.99660256410256409243,233.27637
D,0.77062161428735487245,0.00004227853396504966,0.99851994851994863023,232.37915
D,0.54733168239195273408,0.00004366388979909344,0.99660256410256409243,233.27637
D,0.57883420421952402890,0.00004048303281983496,0.99889880952380960544,246.09375
D,0.54411868139555141788,0.00004321962648512042,1.00066909975669116051,245.83740
D,0.62390520151435957530,0.00004423841633407111,1.00066909975669116051,245.83740
D,0.47389823547732673470,0.00004987776449547255,0.99876273653566227662,246.55518
D,0.51067282931101176668,0.00004759952570382434,0.99836363636363634200,246.73462
D,0.37238196409574803036,0.00005092595607235119,0.99876273653566227662,246.55518
D,0.36761960700326373752,0.00005123019760361272,0.99736540664375716858,261.09009
D,0.56662778773742750182,0.00005081383308132156,0.99736540664375716858,261.09009
D,0.25031641401975268657,0.00007107999649628004,0.99805269186712486373,261.09009
D,0.71002177989449499762,0.00005628034702118207,0.99736540664375716858,261.09009
D,0.48938053770560990818,0.00005041642335891822,0.99805269186712486373,261.09009
D,0.54776073315375239936,0.00005599583425736031,0.99889807162534438589,260.55176
D,0.59265338374024190138,0.00003928353524403536,1.00000000000000000000,274.54834
D,0.51281997862829176160,0.00003839478151999518,0.99604978354978357391,276.34277
D,0.38783142644574608582,0.00004550623655763266,0.99604978354978357391,276.34277
D,0.36848021840055567022,0.00004697827043659966,0.99829101562500000000,275.62500
D,0.31038144111249132973,0.00005894082818090943,0.99975579975579975667,293.92822
D,0.35500003140157398995,0.00005213085296464290,0.99901960784313725839,292.85156
D,0.42298008943553366823,0.00004981004720218529,0.99694189602446481313,293.38989
D,0.44082743393175083391,0.00005045642851553564,1.00038402457757302777,292.04407
D,0.53097901128660329739,0.00005155958614601321,0.99694189602446481313,293.38989
D,0.48560240308212687665,0.00004782279703699250,0.99694189602446481313,293.38989
D,0.45516879553352629362,0.00003865838174224795,0.99819976771196272658,309.00146
D,0.62831159235831524068,0.00004791424643857740,0.99710144927536237258,309.53979
D,0.39563649019039698329,0.00005199883744557341,0.99710144927536237258,309.53979
D,0.34405625484506696665,0.00005696428695767031,0.99710144927536237258,309.53979
D,0.59359693279493752627,0.00003896927593047416,1.00092592592592599665,310.07812
D,0.58559975149013065998,0.00003863075469437632,0.99629629629629623544,310.07812
D,0.53866880137180306320,0.00003616704469193727,0.99831704668838217032,330.53467
D,0.31548188926741582705,0.00004298753092741224,0.99829931972789109906,329.72717
D,0.61064254966459996510,0.00004010384538432019,0.99829931972789109906,329.72717
D,0.41636659798998182369,0.00004181323467476265,0.99829931972789109906,329.72717
D,0.51564509735674535218,0.00004456711646058576,0.99829931972789109906,329.72717
D,0.42692080713957109017,0.00004096601438851172,0.99693877551020404493,329.72717
D,0.29482885911642597865,0.00004840334800863806,0.99967824967824969740,348.56873
D,0.35709011013532615531,0.00006981961394897079,1.00257731958762885682,348.12012
D,0.30400592397994902205,0.00004049661994073755,0.99912551440329211427,348.83789
D,0.47451482040236780957,0.00005313484385771612,1.00085910652920961894,348.12012
D,0.41353912053872377008,0.00005403447668857428,1.00085910652920961894,348.12012
D,0.34214239046030969771,0.00005323619875485341,1.00258397932816545328,347.22290
D,0.30730944737357507313,0.00004045369898311369,0.99969696969696975053,370.10193
D,0.28112574795986128295,0.00004877183119322329,1.00080906148867310179,369.65332
D,0.32202508615903763234,0.00004861391197655685,1.00080906148867310179,369.65332
D,0.32484336287612042282,0.00004767282363397490,1.00080906148867310179,369.65332
D,0.32155214856619751540,0.00005764200125747671,1.00080906148867310179,369.65332
D,0.30335651182599732145,0.00004947692686001957,1.00080906148867310179,369.65332
D,0.29220455863029987098,0.00003848109038613156,0.99971363115693012702,391.63513
D,0.32467377939406416587,0.00004054181816230877,0.99971363115693012702,391.63513
D,0.27097427673558133199,0.00004487256003608440,1.00076452599388376896,391.18652
D,0.32301560193407274912,0.00005300113101576991,1.00076452599388376896,391.18652
D,0.23846172071749482946,0.00004548867666484868,0.99771689497716897765,392.98096
D,0.29594579315938357444,0.00004001335201934737,0.99971363115693012702,391.63513
D,0.22619408268959051433,0.00004160151383420752,0.99973204715969987699,418.55164
D,0.32477453445473764004,0.00004665978693889731,0.99928160919540232054,416.30859
D,0.30008363185629410852,0.00004731048663054285,0.99928160919540232054,416.30859
D,0.21037782728095336116,0.00006538251184484485,0.99784482758620685061,416.30859
D,0.31543648565099374759,0.00004754560602064798,1.00071530758226034941,418.10303
D,0.21556215334097125758,0.00006552442044282313,0.99784482758620685061,416.30859
D,0.24013063334483114586,0.00004482704290799385,1.00068027210884369360,439.63623
D,0.26149695961947394540,0.00004681500359788861,1.00272108843537410827,439.63623
D,0.22647606647564338944,0.00004409531589359956,1.00000000000000000000,441.43066
D,0.23154584091110036459,0.00006371371651175216,1.00000000000000000000,441.43066
D,0.28839078225392483779,0.00004219075171545686,1.00000000000000000000,441.43066
D,0.27605603092253838682,0.00004727796113912211,1.00068027210884369360,439.63623
D,0.28037035580677777125,0.00004832500984418172,1.00064102564102563875,466.55273
D,0.25335167871623198721,0.00004876526228349572,1.00064102564102563875,466.55273
D,0.31695501309707485582,0.00004668416703048015,1.00064102564102563875,466.55273
D,0.28722462028630629804,0.00004660743943352881,1.00000000000000000000,468.34717
D,0.17753160764345174427,0.00005833699505431646,1.00000000000000000000,468.34717
D,0.18807745344876994342,0.00006165747231066612,1.00000000000000000000,468.34717
D,0.22495065371975353496,0.00004304058892950002,0.99759326113116719714,497.05811
D,0.24013173146374541811,0.00004560982867611698,1.00000000000000000000,495.26367
D,0.19561933150453728048,0.00004635529635547897,1.00060606060606072099,493.46924
D,0.15488015825259393576,0.00005281570439953619,1.00000000000000000000,495.26367
D,0.17251071453769209474,0.00006253447239190480,1.00000000000000000000,495.26367
D,0.18282154015607665620,0.00004663590131711789,1.00242424242424243985,493.46924
D,0.12511915854461122533,0.00006601547874110733,1.00000000000000000000,522.18018
D,0.13448612594568870593,0.00007026232242899629,1.00000000000000000000,522.18018
D,0.14357003584064495505,0.00005323228157546026,0.99715585893060298961,525.76904
D,0.17835706811554707940,0.00005326450013685448,0.99942922374429221666,523.97461
D,0.17380519030664101643,0.00005295271842395811,0.99942922374429221666,523.97461
D,0.17366971394327049283,0.00004885234832347655,0.99942922374429221666,523.97461
D,0.15619697100734875050,0.00007744894044956869,0.99743589743589744501,524.87183
D,0.14862529464663207235,0.00006817287830875205,1.00243902439024390461,551.78833
D,0.13713152231161443440,0.00005651124394928508,0.99784946236559146637,556.27441
D,0.13013438163994434094,0.00005159488533271081,1.00000000000000000000,554.47998
D,0.18853047378808573953,0.00004031179792846918,1.00000000000000000000,554.47998
D,0.20705502202759829000,0.00005591248343900149,1.00000000000000000000,554.47998
D,0.10954697704497023958,0.00007142168432693973,1.00000000000000000000,554.47998
D,0.09972940147406600397,0.00006811485700712181,0.99771689497716886663,589.47144
D,0.13680997899851821131,0.00007542554776260087,0.99771689497716886663,589.47144
D,0.11362371510237027905,0.00006946640252762389,0.99771689497716886663,589.47144
D,0.11006232364988065286,0.00006970471466566617,0.99771689497716886663,589.47144
D,0.18502206221269879016,0.00007548261636666716,0.99771689497716886663,589.47144
D,0.10208140782426801396,0.00007265637006860453,0.99771689497716886663,589.47144
D,0.13104357807791544577,0.00007031012374534220,1.00228310502283113337,589.47144
D,0.73797478311474984380,0.00008505628327680474,0.99790940766550528807,147.14355
D,0.91923868566586508511,0.00009559144751022366,0.99899218946837997635,146.96411
D,0.75632369359177009649,0.00009688016887143353,0.99899218946837997635,146.96411
D,0.75171038011336055451,0.00009937786659672410,0.99899218946837997635,146.96411
D,0.80612279391180508004,0.00009722168693806268,0.99899218946837997635,146.96411
D,0.77143019141945501360,0.00009727037127409329,0.99899218946837997635,146.96411
D,1.19458381646994959979,0.00006872436559516764,1.00097832722832702501,155.51758
D,1.11656240782503157760,0.00007383048093289964,1.00001678876678856689,155.51758
D,1.04277782251513828626,0.00007218008410429513,1.00001678876678856689,155.51758
D,1.02112100991176002474,0.00006994722284862666,1.00001678876678856689,155.51758
D,0.93495627799723268758,0.00007512712384118693,1.00040350274725264867,155.51758
D,0.93004767260918319582,0.00007332695165406834,1.00040350274725264867,155.51758
D,0.92091597884411968700,0.00008102679261147326,0.99926242236024853671,165.08789
D,0.77118797714370845853,0.00008142844660740470,0.99926242236024853671,165.08789
D,0.71556249610120326032,0.00008149570438249855,0.99926242236024853671,165.08789
D,0.92487539774803995130,0.00008803293171916733,1.00052964042759962027,164.86359
D,1.02771117778538911836,0.00009380944509312270,1.00052964042759962027,164.86359
D,0.83343352422994920747,0.00008906518918332535,1.00052964042759962027,164.86359
D,0.91445136496948442595,0.00007608145566207230,0.99853373781945209409,174.28436
D,0.71747208621715785615,0.00008917507620144115,0.99667505768827346913,174.57275
D,0.76604086024166551105,0.00008792082005794497,0.99667505768827346913,174.57275
D,0.76355181946938976978,0.00007447675556472541,0.99853373781945209409,174.28436
D,0.98041375992478807522,0.00007145053601946287,0.99853373781945209409,174.28436
D,0.71079866463390417586,0.00008263948092291319,0.99667505768827346913,174.57275
D,0.82435634812571656482,0.00004835386177732145,0.99712205270457687778,184.82666
D,0.67040206869339913354,0.00007163516456986211,0.99834755720470003126,185.05096
D,0.96692388201672241355,0.00005996207324130752,0.99737229437229435458,185.05096
D,0.76349750585337150532,0.00006413058039585808,0.99959325396825415844,184.57031
D,0.94200645252586201472,0.00005745857719911598,0.99555411255411263571,185.05096
D,0.73471833033886724262,0.00005914369686513573,0.99737229437229435458,185.05096
D,0.80018188785920740802,0.00005926470286932499,0.99679718217562252036,195.59326
D,0.74063133666979874548,0.00005477465778660352,0.99961567304086984542,195.33691
D,0.98253448031678436436,0.00005556423230920883,0.99751268204876453183,195.81757
D,0.70532589686001812002,0.00005289670401900456,0.99820405825560465374,195.81757
D,0.88061081726504619738,0.00006008189734018915,0.99751268204876453183,195.81757
D,0.59347874179174109344,0.00006111012308033376,0.99829815087547046915,195.81757
D,0.80020522947291705673,0.00006193539128802926,0.99557319223985896173,207.64160
D,0.59334518905550526213,0.00007128170962100339,0.99668109668109672317,207.25708
D,1.23356859670301655107,0.00005240564489328945,0.99523809523809525501,207.25708
D,0.73579193623628724730,0.00007460360380341009,0.99668109668109672317,207.25708
D,0.81292816320699456956,0.00006145394307470070,0.99557319223985896173,207.64160
D,0.69117755356722854199,0.00006876661395915530,0.99668109668109672317,207.25708
D,0.69211704513000427141,0.00004619846488820633,0.99888986269354362868,219.36951
D,0.58007687992706136182,0.00005027368000845609,1.00157103825136606368,218.92090
D,0.98021459715575520733,0.00006125725803748010,1.00034252297410186650,219.17725
D,0.54349826175868809486,0.00004603187281229463,0.99816326530612242696,219.81812
D,0.86903911092651098258,0.00004947560883960481,0.99734432234432246478,219.94629
D,0.61132543625029067691,0.00004165547406723702,0.99816326530612242696,219.81812
D,0.66517030268606014420,0.00004255234063939574,0.99851994851994863023,232.37915
D,0.45267751807553185950,0.00005286695188699814,0.99745370370370378676,232.55859
D,0.71275755205225665989,0.00004084468651325095,0.99660256410256409243,233.27637
D,0.48213417575843253715,0.00004867705552751091,0.99899691358024678145,232.55859
D,0.68546548869006085347,0.00004045266329314023,0.99637749489234639366,233.02002
D,0.55598077393842326721,0.00004545079809181714,0.99745370370370378676,232.55859
D,0.82050049183428497290,0.00003983581665997857,1.00094614264919945512,246.55518
D,0.44735842181892948588,0.00005018395433583132,1.00000000000000000000,247.63184
D,0.61688181626686666714,0.00004013720298135292,1.00018181818181806086,246.73462
D,0.51881943093896942809,0.00004287558227300852,0.99876273653566227662,246.55518
D,0.57804979220487606728,0.00004315057655442381,0.99836363636363634200,246.73462
D,0.47116083104954298300,0.00004464239781615347,0.99836363636363634200,246.73462
D,0.58607075238057126931,0.00005659520063528073,0.98943758573388207456,261.62842
D,0.50236918837910282676,0.00006593829463174088,0.99561042524005483045,261.62842
D,0.60008949763030894342,0.00006125939375908011,0.99561042524005483045,261.62842
D,0.41069331738472675264,0.00005949788869243762,0.99561042524005483045,261.62842
D,0.58871728675243639728,0.00004775149174599733,0.99805269186712486373,261.09009
D,0.32070973226608817663,0.00006854803495914098,0.99972565157750337139,261.62842
D,0.41091497756622641369,0.00004553301563835522,0.99915364583333343695,275.62500
D,0.48145081443781473363,0.00005048025151111840,0.99796747967479682018,275.89417
D,0.58281121132374003047,0.00003525706834792440,0.99713203463203470278,276.34277
D,0.31458704240276075259,0.00004975831218765682,0.99604409857328146671,276.70166
D,0.50573497767471786712,0.00004117213652945373,0.99707792207792211858,276.34277
D,0.34605298741107881622,0.00004321931044071215,0.99778138528138526908,276.34277
D,0.45742205287372272871,0.00004707686631155178,1.00038402457757302777,292.04407
D,0.43810169115564678854,0.00004742385954009713,1.00038402457757302777,292.04407
D,0.59200013225026015817,0.00004155690521888145,0.99810049019607838261,292.85156
D,0.42046121580918338623,0.00004944776197993999,1.00038402457757302777,292.04407
D,0.42933592849416052362,0.00004708484056301651,0.99694189602446481313,293.38989
D,0.57365601358105078322,0.00004060591377557438,0.99755351681957193932,293.38989
D,0.44236200696190580706,0.00003958017349102944,1.00180375180375191846,310.88562
D,0.50291349138734131596,0.00004302328309742012,0.99963924963924966072,310.88562
D,0.32128905592989520645,0.00005261331498869856,0.99963924963924966072,310.88562
D,1.12089886661499016363,0.00006540648573607104,1.03210678210678219457,310.88562
D,0.35531520791917897695,0.00005101313619123935,0.99963924963924966072,310.88562
D,0.36140562987340790757,0.00005355292416792312,0.99963924963924966072,310.88562
D,0.34658339152488160106,0.00004042066214716977,0.99693877551020404493,329.72717
D,0.33661111613344990579,0.00005336589267387895,1.00000000000000000000,328.38135
D,0.32036026258750960327,0.00005116487941993080,1.00000000000000000000,328.38135
D,0.29512725517163346245,0.00005840617970712759,1.00000000000000000000,328.38135
D,0.33335347230816436692,0.00004257410061100442,0.99693877551020404493,329.72717
D,0.47580891229583283097,0.00004069642735313775,0.99738562091503268903,329.45801
D,0.33546704937386528922,0.00004235416446365218,0.99741602067183465774,347.22290
D,0.45952375513065596424,0.00005202423904305780,0.99654576856649390582,346.32568
D,0.43699328258288427929,0.00003471964573871570,0.99669762641898851374,347.76123
D,0.49701141025722539446,0.00004363987518676631,0.99741602067183465774,347.22290
D,0.42399604715306460356,0.00003586703627257132,0.99669762641898851374,347.76123
D,0.40664113219985797976,0.00006005099040434349,0.99913644214162344870,346.32568
D,0.32635023541992663754,0.00004396032249466210,0.99969696969696975053,370.10193
D,0.36163903633644073343,0.00005655823244055617,0.99918699186991866146,367.85889
D,0.35891344863404955889,0.00005106952618855881,0.99918699186991866146,367.85889
D,0.39998901063620462271,0.00004709981953429110,0.99756690997566910273,368.75610
D,0.35784640451823906959,0.00004414523408803983,0.99756690997566910273,368.75610
D,0.38547309623714193227,0.00005516484529524253,0.99918699186991866146,367.85889
D,0.27387929414826200913,0.00004815995862271887,1.00000000000000000000,387.59766
D,0.31574102941280002277,0.00005000437905046288,0.99923195084485405548,389.39209
D,0.33131337362922719247,0.00004844918127736136,0.99923195084485405548,389.39209
D,0.41995612669481513501,0.00003863215629026174,0.99627720504009165126,391.63513
D,0.29638913343566902769,0.00006216903836155980,0.99541284403669727521,391.18652
D,0.39907769119680647218,0.00004956726809943855,0.99617737003058104417,391.18652
D,0.19687011401680698519,0.00004841096874539856,1.00000000000000000000,414.51416
D,0.30214560273057250450,0.00004786066615890252,1.00000000000000000000,414.51416
D,0.19779723704220092406,0.00004772630864174845,1.00000000000000000000,414.51416
D,0.47670631881239083905,0.00004492298303410834,1.00000000000000000000,414.51416
D,0.20617157622397250250,0.00004878854159685122,1.00000000000000000000,414.51416
D,0.28892303221440512884,0.00004836504937860265,1.00000000000000000000,414.51416
D,0.20033010816071109006,0.00004751279363443858,0.99726775956284152702,437.84180
D,0.25490792409669404961,0.00004920215290113621,0.99726775956284152702,437.84180
D,0.30884833022293256555,0.00004837823587697938,0.99931693989071046502,437.84180
D,0.23719435259760712764,0.00005919384390543896,0.99931693989071046502,437.84180
D,0.23885342438157661227,0.00005169986823925079,0.99931693989071046502,437.84180
D,0.31155227241666322291,0.00004996711048850420,0.99931693989071046502,437.84180
D,0.19905327657555416110,0.00005099949722402304,1.00064102564102563875,466.55273
D,0.29581948945737429613,0.00005093929391775496,0.99679487179487180626,466.55273
D,0.31471569585035269467,0.00004595363404237213,0.99679487179487180626,466.55273
D,0.32488930766390727856,0.00005074607872485345,0.99679487179487180626,466.55273
D,0.25607064734255330363,0.00004986183688333940,0.99679487179487180626,466.55273
D,0.36876109685998254006,0.00004460846536070564,0.99935649935649939479,464.75830
D,0.16286479488839775143,0.00004844255247136287,0.99756690997566899171,491.67480
D,0.13629126201142413577,0.00007456748414414706,1.00000000000000000000,489.88037
D,0.18037733229132352220,0.00007561877046222440,0.99726775956284152702,492.57202
D,0.17147932201061066859,0.00006402692776303134,1.00060606060606072099,493.46924
D,0.23505630860103154944,0.00007764661731250089,0.99726775956284152702,492.57202
D,0.17031606979893584852,0.00008507579654038300,0.99726775956284152702,492.57202
D,0.14717563652917231565,0.00006720874713799943,0.99743589743589744501,524.87183
D,0.16120879003106389216,0.00005819766198024757,0.99942922374429221666,523.97461
D,0.16302535977883142460,0.00005319659888038040,0.99771689497716897765,523.97461
D,0.19142184201526640797,0.00005855376737718145,0.99715585893060298961,525.76904
D,0.22004131133838267242,0.00004986072363010133,0.99771689497716897765,523.97461
D,0.17149114131824830243,0.00006622528207250855,0.99715585893060298961,525.76904
D,0.14170509350401469528,0.00007213614128212611,0.99758454106280192164,557.17163
D,0.15443206398728728801,0.00005351455802849736,0.99784946236559146637,556.27441
D,0.10734256462973679191,0.00006972192242289939,1.00000000000000000000,554.47998
D,0.11764827009998472807,0.00007559611149794408,1.00000000000000000000,554.47998
D,0.11168961596124973856,0.00006857931874682617,1.00000000000000000000,554.47998
D,0.14281406319762771084,0.00006869534974511849,1.00000000000000000000,554.47998
D,0.12619463707866621083,0.00006536253613159682,1.00000000000000000000,592.16309
D,0.10307113233159541366,0.00006990816510214813,1.00000000000000000000,592.16309
D,0.15880485930028748198,0.00007161315745788559,1.00228310502283113337,589.47144
D,0.14267987913822258172,0.00008229903700168682,0.99771689497716886663,589.47144
D,0.11121933440178483066,0.00006820098762630338,0.99771689497716886663,589.47144
D,0.13232298702314401750,0.00006964366365029091,1.00000000000000000000,592.16309
E,0.74262338569177566150,0.00010162658767357740,0.99327109740778807279,83.14209
E,0.78628785644929288789,0.00008388133747443230,0.99487476808905372927,82.90283
E,0.72327483157157879123,0.00009055444460226111,0.99478629835772691692,82.90283
E,1.00045441051370143093,0.00008424682591029993,0.99478629835772691692,82.90283
E,0.86663738226387043717,0.00008304547667042342,0.99487476808905372927,82.90283
E,0.98786278397008209229,0.00008882255231205312,0.99478629835772691692,82.90283
E,0.84654235331906302342,0.00008627621747916372,0.99196631033365734176,87.92725
E,0.97392170244713405225,0.00008421813174921009,0.99319424198250727542,87.92725
E,0.93844412836192159233,0.00007548229739217723,0.99310009718172986837,87.92725
E,0.80708643545412306342,0.00008493396474511299,0.99319424198250727542,87.92725
E,0.97263513217261088339,0.00007412930753806771,0.99196631033365734176,87.92725
E,0.85550362076090114005,0.00007298101181183241,0.99196631033365734176,87.92725
E,0.77301263329527036827,0.00007124048070062029,0.99627329192546587588,92.86194
E,0.85114366182777623226,0.00006999543478391572,0.99627329192546587588,92.86194
E,0.79151019480875528522,0.00006891592554739900,0.99627329192546587588,92.86194
E,0.89237324330552281193,0.00005992581745686176,0.99811571940604204567,92.71240
E,0.79964565116308861104,0.00005868122090063690,0.99811571940604204567,92.71240
E,0.67412749797677240515,0.00006130265039020357,0.99811571940604204567,92.71240
E,0.75476025485076092547,0.00006648546971230700,0.99419439008480103848,98.24524
E,0.68387224023428516695,0.00006332226378990667,0.99647749510763206082,98.24524
E,0.89127161538918897588,0.00006715024051477492,0.99263815115087139507,98.24524
E,0.72617517402607578703,0.00006959176542257799,0.99375640667225795255,98.24524
E,0.68889121894804972168,0.00007533462621620863,0.99636566955549343838,98.24524
E,0.67421573632676112808,0.00006105643649546779,0.99647749510763206082,98.24524
E,0.72707170443574575813,0.00005802633216170413,0.99211213517665131079,104.30145
E,0.65266590726548856516,0.00005759844077226938,0.99211213517665131079,104.30145
E,0.62321939571530793334,0.00005570356990726327,0.99211213517665131079,104.30145
E,0.67283448415758528860,0.00005740430082384699,0.99211213517665131079,104.30145
E,0.72661513827840262802,0.00005785766965069090,0.99533794162826416674,104.30145
E,0.67469838127211512191,0.00005485959994467625,0.99533794162826416674,104.30145
E,0.58098380033298568925,0.00008046486473097746,0.99089506172839503240,110.74219
E,0.66074532779144923289,0.00006919588100547538,0.99169973544973544222,110.74219
E,0.62216689756922283205,0.00006388752384913756,0.99169973544973544222,110.74219
E,0.60729137806958011225,0.00006550780575933227,0.99763569763569759363,109.97314
E,0.67240043265281645990,0.00006340754779231594,0.99763569763569759363,109.97314
E,0.60350971333835579102,0.00006209474735487917,0.99763569763569759363,109.97314
E,0.53414090657278590069,0.00007275487435646532,0.99948717948717946680,116.63818
E,0.69358058548407530708,0.00005444399469967899,1.00064223057644108295,116.89453
E,0.99670368673695053374,0.00005178795905368818,0.99939309056956115995,117.66357
E,0.83200472455646867775,0.00006690125893676591,0.99398577612863336928,118.43262
E,0.68060114544812988502,0.00006586843129923718,0.99599567099567098971,118.43262
E,0.56344713676860347373,0.00008172063067409568,1.00064223057644108295,116.89453
E,0.60753791678681812183,0.00006267611864980483,1.00000000000000000000,123.81592
E,0.60743381284841135859,0.00006452674908068364,1.00000000000000000000,123.81592
E,0.61151769744910722260,0.00006392713580489165,1.00000000000000000000,123.81592
E,0.58745542319673726972,0.00006378027528991330,1.00000000000000000000,123.81592
E,0.64778067843713060814,0.00005949080635845204,1.00000000000000000000,123.81592
E,0.50286328959423520768,0.00006538060792624510,1.00000000000000000000,123.81592
E,0.44185204985648002252,0.00005498555781223794,1.00000000000000000000,123.81592
E,0.55113576095996874571,0.00005857837508059024,0.99308390022675741005,131.89087
E,0.57729790128056768239,0.00005734780313067848,0.99478458049886631098,131.89087
E,0.56385381382830368491,0.00005255626987365991,0.99308390022675741005,131.89087
E,0.72906153361254588674,0.00005212557882212256,0.99478458049886631098,131.89087
E,0.57050399777508353782,0.00005431355099125432,0.99478458049886631098,131.89087
E,0.57068998770140155763,0.00004858015325381467,0.99874429223744298767,130.99365
E,0.58015060824260122896,0.00006187122163331361,0.99780361757105939802,138.88916
E,0.58236430497190805333,0.00006102575002456545,0.99780361757105939802,138.88916
E,0.43710967100455738743,0.00005645928608207734,0.99780361757105939802,138.88916
E,0.54908955006768900287,0.00005702318565652862,0.99780361757105939802,138.88916
E,0.57029064813638141729,0.00005838875135618841,0.99780361757105939802,138.88916
E,0.48034391962892680761,0.00004654363514805265,0.99709677419354836303,139.06860
E,0.53542283049304406628,0.00004450200994074408,0.99622871046228700376,147.50244
E,0.49073402371013036261,0.00004474067640239655,0.99622871046228700376,147.50244
E,0.51711604584551640329,0.00005125001405238483,0.99133211678832111602,147.50244
E,0.49341671605894366071,0.00005128895615806511,0.99133211678832111602,147.50244
E,0.50453928340856657453,0.00004326582606483427,0.99257907542579071336,147.50244
E,0.52372244932780487314,0.00004210084869722767,0.99257907542579071336,147.50244
E,0.53863875460899046654,0.00005448653851339848,0.99927536231884062090,154.76990
E,0.56669945937430765692,0.00004653908749709583,0.99803240740740728487,155.03906
E,0.53451663951916139617,0.00005794953835269683,0.99927536231884062090,154.76990
E,0.51140844985081945762,0.00004312639691522836,0.99803240740740728487,155.03906
E,0.49124532695846084840,0.00004309114092044403,0.99803240740740728487,155.03906
E,0.68886884548618165791,0.00004981628826296542,0.99803240740740728487,155.03906
E,0.47941547886586144411,0.00004803098169881551,0.99932249322493227339,165.53650
E,0.46731264698430613480,0.00005012740795060951,0.99932249322493227339,165.53650
E,0.51123934438187823570,0.00004641650262939741,1.00174291938997805929,164.72900
E,0.45923378586890767350,0.00004377931548971235,0.99816017316017313643,165.80566
E,0.49180886200789541984,0.00005649408760733500,0.99932249322493227339,165.53650
E,0.35526880084457157505,0.00004360295417206416,0.99677002583979334993,173.61145
E,0.47525690005635723434,0.00003821500797282523,0.99677002583979334993,173.61145
E,0.38719716650354535359,0.00004289716225872591,0.99418604651162789665,173.61145
E,0.45382497747517780429,0.00004064814556087267,0.99677002583979334993,173.61145
E,0.42188877120498491369,0.00005249570724044614,0.99743589743589744501,174.95728
E,0.42869127892588321238,0.00004421388038688310,0.99487179487179489001,174.95728
E,0.36629596330399416537,0.00004561645340836440,0.99940047961630695816,187.06970
E,0.34179612037725415341,0.00004871645412111912,0.99940047961630695816,187.06970
E,0.29801488632946759871,0.00005475803662359877,0.99758454106280192164,185.72388
E,0.35075929063533617391,0.00004798912572612926,0.99516908212560384328,185.72388
E,0.31599944651099759474,0.00004974650349155477,0.99516908212560384328,185.72388
E,0.33491506171432366967,0.00004639424557394689,0.99516908212560384328,185.72388
E,0.26803624909006756871,0.00004367723571673010,0.99482758620689648588,195.14465
E,0.36076028506444451915,0.00004023399955279653,0.99482758620689648588,195.14465
E,0.42032568457033508968,0.00003788537275046545,0.99482758620689648588,195.14465
E,0.36723699379992225111,0.00003723130565187058,0.99712643678160917116,195.14465
E,0.41216847620875929348,0.00003685591601642269,0.99712643678160917116,195.14465
E,0.27439451879952908575,0.00004311837159518806,0.99712643678160917116,195.14465
E,0.26338081140361246923,0.00005239515698280382,0.99301075268817196040,208.60291
E,0.24644727300307600615,0.00006386566385433905,0.99565217391304350336,206.35986
E,0.23683702425436584105,0.00006380407479181357,0.99565217391304350336,206.35986
E,0.28245954538027423508,0.00006199832740964780,0.99565217391304350336,206.35986
E,0.26305528762658325626,0.00004395075865769194,0.99567099567099570656,207.25708
E,0.26913186797188082267,0.00004420199333738737,0.99567099567099570656,207.25708
E,0.24520377034218779344,0.00004673169948597521,0.99567099567099570656,207.25708
E,0.24015012983121933332,0.00004633512578154404,0.99567099567099570656,207.25708
E,0.24126811210901596971,0.00004963337862790077,0.99948875255623725877,219.36951
E,0.20011686071797282760,0.00006562510281249505,0.99316939890710376204,218.92090
E,0.25096138887491309388,0.00005228809704117751,0.99335378323108391996,219.36951
E,0.24459493600837178828,0.00005182747163340629,0.99335378323108391996,219.36951
E,0.20255498621395662262,0.00006650361784151093,0.99316939890710376204,218.92090
E,0.27245704415655574993,0.00004759296382615755,0.99948875255623725877,219.36951
E,0.19937029916855147915,0.00005021428786076815,0.99487179487179489001,233.27637
E,0.18726544299423514284,0.00005167095558122287,1.00000000000000000000,236.86523
E,0.26546170730889701028,0.00004891788306056850,0.99380952380952392033,235.51941
E,0.21471113421378279495,0.00004273279430153765,0.99616858237547889487,234.17358
E,0.22436976345814282907,0.00004936458485478069,0.99871794871794872250,233.27637
E,0.18578094465687572390,0.00005380724435927343,0.99487179487179489001,233.27637
E,0.24581975364857713839,0.00004431372789477499,0.99637681159420277144,247.63184
E,0.20450722767604351260,0.00005925631115450098,0.99391727493917281233,245.83740
E,0.20178691688929431547,0.00004958833422149538,1.00000000000000000000,247.63184
E,0.22893684206286488148,0.00005092769513176046,1.00121654501216550415,245.83740
E,0.35406409256370324767,0.00004546810955516071,0.99637681159420277144,247.63184
E,0.24787344621732818051,0.00005603663175130928,1.00121654501216550415,245.83740
E,0.21433200511689631806,0.00005583451082256557,0.99429223744292238862,261.98730
E,0.18813225134754901768,0.00005044834112654334,1.00000000000000000000,263.78174
E,0.18313842580147268735,0.00005144632554846486,1.00000000000000000000,263.78174
E,0.23213256503214091397,0.00005974033901962005,0.99429223744292238862,261.98730
E,0.24185477802226484911,0.00005723765213916740,0.99429223744292238862,261.98730
E,0.23493387202830767757,0.00005171569078237945,0.99659863945578230915,263.78174
E,0.15670871606714398272,0.00004995793869058841,0.99575371549893842982,281.72607
E,0.23066931519629371716,0.00005354369683491097,0.99679487179487180626,279.93164
E,0.21803092967440532157,0.00008061555107121546,1.00485436893203883280,277.23999
E,0.20833869107606189930,0.00005052223087982911,0.99679487179487180626,279.93164
E,0.21165451653265587861,0.00005023337207656179,1.00000000000000000000,279.93164
E,0.17267266138616638171,0.00005409020324801640,1.00000000000000000000,279.93164
E,0.18684920536817140047,0.00005920177005776609,0.99500998003992024987,299.67041
E,0.16458005028749761456,0.00005844819142066618,0.99500998003992024987,299.67041
E,0.17408073838585200188,0.00005627117702287167,1.00000000000000000000,296.08154
E,0.20047638081644481023,0.00003970118913719465,0.99201596806387237759,299.67041
E,0.14106288595927454765,0.00005861830053271764,1.00000000000000000000,296.08154
E,0.16569191781917047557,0.00005600835504083231,1.00000000000000000000,296.08154
E,0.14292406009623229157,0.00005566828508940226,1.00000000000000000000,312.23145
E,0.19124376478537427615,0.00005422899902838617,0.99137931034482762449,312.23145
E,0.24545949115069373714,0.00003908166813773719,0.99137931034482751347,312.23145
E,0.18345498945749011410,0.00004073373407421459,0.99518304431599224902,310.43701
E,0.19003762476370056334,0.00004102692320590500,0.99518304431599224902,310.43701
E,0.18052824906474698730,0.00003959381709082144,0.99518304431599224902,310.43701
E,0.09314272945657948999,0.00006537319957516436,1.00406504065040635965,331.07300
E,0.09113921262827547054,0.00006606571607483702,1.00406504065040635965,331.07300
E,0.07912136044319684203,0.00006754356791305830,1.00000000000000000000,333.76465
E,0.08574217684935445116,0.00006809994273717561,0.99593495934959341831,331.07300
E,0.14983709160486741174,0.00005885829057557400,1.00000000000000000000,333.76465
E,0.10241090469355419723,0.00006521739565062084,0.99593495934959341831,331.07300
E,0.11209568479515844008,0.00006782571190155373,1.00000000000000000000,333.76465
E,1.06097223405248897166,0.00009401396948667316,0.99487476808905372927,82.90283
E,2.25845868608600364169,0.00006867185987023654,0.99334329691472567081,82.90283
E,0.91449406746393091527,0.00008253078981173041,0.99487476808905372927,82.90283
E,1.19782506878949646101,0.00007427888943364849,0.99487476808905372927,82.90283
E,1.02079987286824036552,0.00008791942087048791,0.99862836438923396898,82.54395
E,0.80548792141089242680,0.00010239635830165111,0.99327109740778807279,83.14209
E,0.87219464479863639816,0.00008348842422413366,0.99310009718172986837,87.92725
E,0.81013101726878122832,0.00008161508330039052,0.99735179786200189866,87.92725
E,0.91104590391103712488,0.00007276327010572623,0.99310009718172986837,87.92725
E,0.97821536827764432598,0.00007189898387022795,0.99310009718172986837,87.92725
E,0.86941177723826390533,0.00007462179030013480,0.99310009718172986837,87.92725
E,0.92130527811675455574,0.00007683799882451272,0.99310009718172986837,87.92725
E,0.95576457174482210011,0.00006474223336519995,0.99242979242979245669,93.31055
E,0.96085638481225721375,0.00006426889462990099,0.99349816849816841025,93.31055
E,0.93650920931947123638,0.00006342681316626318,0.99627329192546587588,92.86194
E,0.88568560657647898982,0.00006407660982977102,0.99242979242979245669,93.31055
E,0.97404477780257747721,0.00006570932116140273,0.99627329192546587588,92.86194
E,0.91566632608581610686,0.00006067698157411449,0.99811571940604204567,92.71240
E,0.75896373029035824054,0.00006836277113304675,0.99647749510763206082,98.24524
E,0.75216929215833128186,0.00006789769908341513,0.99168286362163904357,98.91815
E,0.92557683182686056877,0.00006593983959541998,0.99647749510763206082,98.24524
E,0.76756118182720467491,0.00006935327738624459,0.99647749510763206082,98.24524
E,1.11962424355732070858,0.00006184241542064701,0.99647749510763206082,98.24524
E,0.73426056653274651698,0.00006727595379557489,0.99647749510763206082,98.24524
E,0.62010728177631779801,0.00006006229859920048,0.99754992319508450915,104.30145
E,0.81380940288472092270,0.00006018597246099757,0.99445028011204483764,104.58984
E,0.76397740568301752973,0.00005478426108005688,0.99662826420890937573,104.30145
E,0.88485518292895559700,0.00005547371157564176,0.99211213517665131079,104.30145
E,0.66170144202196645722,0.00006001221425074112,0.99211213517665131079,104.30145
E,0.62692649465692296129,0.00005902943140191053,0.99754992319508450915,104.30145
E,0.55155687295077315824,0.00006502719558645762,0.99371572871572877439,111.03058
E,0.53849406293702783977,0.00006543974930127936,0.99371572871572877439,111.03058
E,0.65817072856826219773,0.00007864867826895124,0.99665889665889662030,109.97314
E,0.55223721555866467359,0.00006932578392837223,0.99376693766937673757,110.35767
E,0.85125977749783043880,0.00005572256121996077,0.99763569763569759363,109.97314
E,0.70947607291102754434,0.00006518520127940651,0.99173441734417344673,110.35767
E,0.78660432195431118085,0.00005887367714036304,0.99588744588744582131,109.97314
E,0.57095038911348994226,0.00005449073127155408,1.00064223057644108295,116.89453
E,0.56476826744312524919,0.00005542098092697524,1.00064223057644108295,116.89453
E,0.71039731126189553656,0.00006894401785357506,1.00141025641025627202,116.63818
E,0.67594723214183083382,0.00006523094211728623,1.00141025641025627202,116.63818
E,0.74731706693754063053,0.00006424772973155210,1.00141025641025627202,116.63818
E,1.01867842154049403902,0.00006269490990534883,0.99948717948717946680,116.63818
E,6.01092949182902103189,0.00010000000000000000,1.00000000000000000000,145.34912
E,0.71976530999141619116,0.00006305530903086336,1.00141025641025627202,116.63818
E,0.68104298854314837541,0.00005309783867604303,0.99710144927536226156,123.81592
E,0.58364166977858200624,0.00005480904753718898,1.00000000000000000000,123.81592
E,0.61775279950229000647,0.00005057881266990847,1.00000000000000000000,123.81592
E,0.72083242276316672470,0.00005421685509700747,1.00000000000000000000,123.81592
E,0.48481873126983432432,0.00005491879823851858,1.00000000000000000000,123.81592
E,0.56891660967398072213,0.00004260564640295345,1.00000000000000000000,123.81592
E,0.62035098518381648347,0.00005022717614001570,0.99576502732240435023,131.35254
E,0.64947133656585365191,0.00005073895410515977,0.99576502732240435023,131.35254
E,0.68707044329411570693,0.00004705467780770455,0.99166666666666658525,131.35254
E,0.68154070629141194626,0.00004593111729997045,0.99576502732240435023,131.35254
E,0.72081328640598774093,0.00004395780908298579,0.99531963470319639864,130.99365
E,0.56720793526400625773,0.00004967366928736456,0.99576502732240435023,131.35254
E,0.51937396572045491094,0.00005234709165147752,1.00404530744336573100,138.62000
E,0.58790380788151330727,0.00004674320071095628,0.99780361757105939802,138.88916
E,0.50988998491841552863,0.00004448967167553291,0.99709677419354836303,139.06860
E,0.49956155619124092970,0.00004442265945212545,0.99709677419354836303,139.06860
E,0.57954774240650541728,0.00003897958701521336,0.99709677419354836303,139.06860
E,0.50411631980684845633,0.00004714245752058682,0.99780361757105939802,138.88916
E,0.48734375685765740638,0.00004680253317640382,0.99780361757105939802,138.88916
E,0.47198009739566132437,0.00004289742702293610,0.99595588235294130186,146.42578
E,0.33908842347970058473,0.00005171204751248502,0.99840686274509804488,146.42578
E,0.47516646412982288528,0.00004308618446301133,0.99840686274509804488,146.42578
E,0.55977777130061212585,0.00004910304477213908,0.99840686274509804488,146.42578
E,0.43600944760420212720,0.00004671492486461745,0.99840686274509804488,146.42578
E,0.43049363139360763419,0.00004453520078675436,0.99840686274509804488,146.42578
E,0.26128381740007405876,0.00006349981822880262,0.99803240740740728487,155.03906
E,0.64912951802640173060,0.00004656216027045912,0.99803240740740728487,155.03906
E,0.49234331338338610529,0.00005413503100810319,0.99927536231884062090,154.76990
E,0.41672668532630763316,0.00005126930871972413,0.99803240740740728487,155.03906
E,0.50527411091881058169,0.00004556358239375006,0.99803240740740728487,155.03906
E,0.51001319764384411837,0.00004167656136398998,0.99803240740740728487,155.03906
E,0.28541884206339213081,0.00005921160730452966,0.99816017316017313643,165.80566
E,0.44345979881766217634,0.00004330574095866917,0.99932249322493227339,165.53650
E,0.53591547094200853163,0.00004262300742732358,0.99520697167755989287,164.72900
E,0.32812208535034659285,0.00005175289515518338,0.99239130434782607537,165.08789
E,0.28620924262986108255,0.00006500824163826899,0.99453551912568305404,164.19067
E,0.27654740062313915017,0.00006569069581136500,0.99453551912568305404,164.19067
E,0.51378956911761908266,0.00004048809320179894,0.99302832244008709672,164.72900
E,0.37146120647083125110,0.00004172568065874045,0.99677002583979334993,173.61145
E,0.40631500175756990467,0.00004778771185310501,0.99677002583979334993,173.61145
E,0.38410099867115460315,0.00004385537233855066,0.99677002583979334993,173.61145
E,0.24206483234689593620,0.00005556421246431879,0.99677002583979334993,173.61145
E,0.43909141496567766216,0.00004310409346410290,0.99677002583979334993,173.61145
E,0.37629645218174878618,0.00004737605549303604,0.99487179487179489001,174.95728
E,0.25789572882048422686,0.00005096050911558941,0.99516908212560384328,185.72388
E,0.31808705021109534572,0.00005062192003565199,0.99352750809061485260,184.82666
E,0.21378091172468419168,0.00005528759669943804,0.99695863746958646168,184.37805
E,0.33154926034135279167,0.00004207466962792106,0.99695863746958646168,184.37805
E,0.27390861419756817874,0.00004960002512528741,0.99695863746958646168,184.37805
E,0.24507098703894233949,0.00004832679425858030,0.99844961240310081685,185.18555
E,0.21661284029759914072,0.00005143487996246089,0.99712643678160917116,195.14465
E,0.22219244367892471148,0.00005043604904151064,0.99712643678160917116,195.14465
E,0.25004948064326648627,0.00004815870969991772,0.99712643678160917116,195.14465
E,0.27979501162335063125,0.00004564973515467142,0.99482758620689648588,195.14465
E,0.21596311411051880014,0.00005022909936382495,0.99712643678160917116,195.14465
E,0.27454331274506110772,0.00004286918148561081,0.99712643678160917116,195.14465
E,0.27406673575036533119,0.00005214651677932988,0.99301075268817196040,208.60291
E,0.26656412334104140349,0.00005277102053526592,0.99301075268817196040,208.60291
E,0.23480623172856143754,0.00005810653996749123,0.99301075268817196040,208.60291
E,0.33643447887303085109,0.00004484812963206107,1.00143678160919535891,208.15430
E,0.23816614508286307328,0.00005868647027109707,1.00143678160919535891,208.15430
E,0.36951529872509858432,0.00005219885881215642,0.99281609195402298340,208.15430
E,0.20551111214657763471,0.00005980988463095938,0.99946236559139789435,208.60291
E,0.32904856810190846739,0.00004286602007201960,0.99593495934959352933,220.71533
E,0.30869564713366498543,0.00006317099634091246,1.00000000000000000000,219.36951
E,0.25779015399000471120,0.00004019536337615162,0.99491869918699182840,220.71533
E,0.30624855472862194672,0.00003740618380835801,0.99491869918699182840,220.71533
E,0.38522972375353536911,0.00004264337047090781,0.99948875255623725877,219.36951
E,0.20166253291709587692,0.00006331834461518741,1.00136612021857929200,218.92090
E,0.19636869882930424458,0.00006432769965453718,1.00136612021857929200,218.92090
E,0.22227679672770314645,0.00005096626586242226,0.99952380952380948109,235.51941
E,0.24469222574626364741,0.00004969711599146298,0.99363867684478368592,235.07080
E,0.20817477199070538729,0.00006070566036378729,0.99615384615384616751,233.27637
E,0.26806735488618393948,0.00004409604132576694,0.99871794871794872250,233.27637
E,0.17075631106326297215,0.00005164199308135914,0.99487179487179489001,233.27637
E,0.17096188583886820500,0.00004565841846134498,0.99329501915708817705,234.17358
E,0.18114354386894368498,0.00005042543292387118,0.99877450980392146196,244.04297
E,0.20661205470824886565,0.00005459501473410108,1.00121654501216550415,245.83740
E,0.22766833603171307554,0.00005027956446200646,1.00121654501216550415,245.83740
E,0.17851364260389335215,0.00006041773777818867,0.99391727493917281233,245.83740
E,0.21197220829536336795,0.00006009030143856497,0.99391727493917281233,245.83740
E,0.23718083682138171864,0.00004391946746485828,0.99408014571948999372,246.28601
E,0.15492082075701613109,0.00005329225945060187,1.00000000000000000000,263.78174
E,1.20097073877087145988,0.00010000000000000000,1.00000000000000000000,328.38135
E,0.15522227021898893362,0.00005514928257250981,1.00000000000000000000,263.78174
E,0.17217694996471843982,0.00005439737361339836,1.00000000000000000000,263.78174
E,0.14312711677421266487,0.00006591826537633450,1.00000000000000000000,263.78174
E,0.20599534059989044188,0.00004827602619181666,1.00000000000000000000,263.78174
E,0.16842800407811345242,0.00005240734948159904,1.00000000000000000000,263.78174
E,0.14985642593598705319,0.00005519821791569049,1.00000000000000000000,263.78174
E,0.17318143615675385405,0.00005155302107223772,0.99679487179487180626,279.93164
E,0.13765176656874814065,0.00005266685447390111,1.00000000000000000000,279.93164
E,0.15884371503689920235,0.00005818054135103639,1.00107526881720421130,278.13721
E,0.12089520601972679470,0.00005418345975580678,1.00000000000000000000,279.93164
E,0.18754554013986579619,0.00004973947172175700,1.00107526881720421130,278.13721
E,0.17229614853204874847,0.00005095469571622439,1.00107526881720421130,278.13721
E,0.14228909255262589539,0.00004809292223671393,0.99598393574297183761,297.87598
E,0.11058288536877486363,0.00005579993340682798,0.99598393574297183761,297.87598
E,0.12312015878466658902,0.00005244089707920264,1.00000000000000000000,296.08154
E,0.09730539527199592864,0.00005383493447389053,0.99598393574297183761,297.87598
E,0.13088597954487349306,0.00005145855695950045,1.00000000000000000000,296.08154
E,0.10084297650509985167,0.00005579372094722277,1.00000000000000000000,296.08154
E,0.10147858042910416765,0.00006321570070091858,0.99572649572649574168,314.92310
E,0.08246281203189212428,0.00007114696504335561,1.00000000000000000000,312.23145
E,0.18084907043204137556,0.00005909042389195096,1.00434782608695649664,309.53979
E,0.22511453425323108002,0.00004227192776427744,0.99712643678160917116,312.23145
E,0.08737058350700954712,0.00006409089359786552,1.00000000000000000000,312.23145
E,0.13617502534675540726,0.00006171771400739744,1.00434782608695649664,309.53979
E,0.12923001625337948717,0.00006612619444485355,0.99565217391304350336,309.53979
E,0.07685220074994561501,0.00007361250212083597,1.00000000000000000000,333.76465
E,0.08417248059107171332,0.00007819952645052491,0.99593495934959341831,331.07300
E,0.08320925554368244215,0.00007362410439121055,0.99593495934959341831,331.07300
E,0.12577473410480241589,0.00006432071802675311,1.00406504065040635965,331.07300
E,0.09285615675999717156,0.00007257116564922751,0.99593495934959341831,331.07300
E,0.07643193578977537650,0.00008094398923466727,1.00000000000000000000,333.76465
G,0.45380446272622376735,0.00010498140553631593,0.99519569009550801209,197.02881
G,0.54106598002155426030,0.00009843178590697967,0.99519569009550801209,197.02881
G,0.49464705496555455566,0.00009859650087970124,0.99519569009550801209,197.02881
G,0.50321839499168896648,0.00010158912116803681,0.99519569009550801209,197.02881
G,0.54535497320282133593,0.00008489098765951047,0.99519569009550801209,197.02881
G,0.45791736466014826279,0.00012827577795171296,0.99519569009550801209,197.02881
G,0.44774204865652766916,0.00010197425247704273,0.99850593532541964681,208.75244
G,0.63322475776192355124,0.00010341419676687171,0.99770006139991818106,208.75244
G,0.46840130458760487198,0.00010183086568289262,0.99770006139991818106,208.75244
G,0.52182202605798855277,0.00010532904123020994,0.99770006139991818106,208.75244
G,0.40982699671521360951,0.00010276210157079015,0.99770006139991818106,208.75244
G,0.60612052024693185981,0.00010507568617492038,0.99770006139991818106,208.75244
G,0.31440414457132320747,0.00008280783210632720,0.99624098124098126039,222.06116
G,0.46924049904361703200,0.00005882995724325451,0.99828122738457092389,221.38824
G,0.34440367479869099521,0.00007773104240395902,0.99828122738457092389,221.38824
G,0.57139134724879048211,0.00006487880301693398,0.99702380952380953438,221.48438
G,0.50611168146277096813,0.00006429382658928309,1.00043554006968626879,220.71533
G,0.51651680733219285102,0.00006301771095727947,0.99734042553191493141,221.38824
G,0.31852240268913267762,0.00008768435052525061,0.99639436234263822900,234.17358
G,0.30568089682770771542,0.00009062921708615396,0.99639436234263822900,234.17358
G,0.46292670206071900862,0.00006009723831407381,0.99687328954570331163,234.17358
G,0.26031238338733730941,0.00010401192000000661,0.99639436234263822900,234.17358
G,0.45231745641973891692,0.00006148023454756776,0.99639436234263822900,234.17358
G,0.26146855590590289964,0.00009951601749730469,0.99786230281586318913,248.40088
G,0.45877840992980339907,0.00004993889632101525,0.99762872628726284585,248.30475
G,0.25583434528948162390,0.00009822253436819636,0.99801587301587302292,248.30475
G,0.49166871609838325163,0.00004862945524765440,0.99762872628726284585,248.30475
G,0.26073825768527564284,0.00009779478156498885,0.99801587301587302292,248.30475
G,0.39836766594153910637,0.00005733261829944329,0.99762872628726284585,248.30475
G,0.20589433955091474004,0.00014146481656758303,0.99826649958228907966,263.01270
G,0.36820269284937973131,0.00008327557495778802,0.99896662477307640593,262.24365
G,0.31172526243977793925,0.00010124038276082546,0.99896662477307640593,262.24365
G,0.32989092746996112604,0.00008750883863858370,0.99896662477307640593,262.24365
G,0.23378682013811469265,0.00015946717405198839,0.99603407345342831469,262.24365
G,0.29665830670633169808,0.00009584563677086579,0.99896662477307640593,262.24365
G,0.29743057559179308935,0.00010617059055606632,1.00132348414896887867,277.62451
G,0.49629233165822955742,0.00005484786308297205,0.99836678473042106408,279.16260
G,0.27385302058089472377,0.00011175969777029036,0.99836678473042106408,279.16260
G,0.30744061374260633901,0.00008285750184820294,0.99836678473042106408,279.16260
G,0.33181504052343008260,0.00008789416956489074,0.99626414101552207558,278.39355
G,0.33384799459191133453,0.00008312681356990543,0.99666797848616028865,279.16260
G,0.28744520137590101605,0.00009122280905498802,0.99726443768996964057,295.18433
G,0.28644329347734914792,0.00008953229044998317,0.99674796747967475685,294.28711
G,0.27422010682976438734,0.00008670241973564386,0.99878048780487815872,294.28711
G,0.30234511063253455276,0.00008550008596991167,0.99674796747967475685,294.28711
G,0.29700184527263256973,0.00008400820329050600,0.99573170731707316694,294.28711
G,0.35379024730756902795,0.00008045550359952158,0.99863221884498487579,295.18433
G,0.27994747626117238992,0.00006374152136849086,0.99523809523809525501,314.02588
G,0.41343343335017673779,0.00005328397362640802,0.99725714285714273100,314.02588
G,0.28014429829471793054,0.00005995342212259273,1.00000000000000000000,312.23145
G,0.34456939446628376267,0.00005848627389439114,0.99832375478927204426,312.23145
G,0.30993966853490451108,0.00006120642604887578,0.99631226053639843077,312.23145
G,0.35380876288245954875,0.00005945764934545623,0.99688697318007657433,312.23145
G,0.27457968466343735114,0.00006165601179939388,0.99601449275362308189,330.17578
G,0.26912018984752300588,0.00006280510079855347,0.99601449275362308189,330.17578
G,0.25727492055498113466,0.00006590488658257192,0.99601449275362308189,330.17578
G,0.27574172756940346085,0.00006111149118907477,0.99601449275362308189,330.17578
G,0.25945323402350178865,0.00006714527670768095,0.99827429609445950121,329.27856
G,0.26702097235375238382,0.00006243218797384439,0.99601449275362308189,330.17578
G,0.42063707895336416298,0.00008049806695325325,0.99524176954732501699,348.83789
G,0.28106606101433068146,0.00007104525720271358,0.99912551440329211427,348.83789
G,0.28521886107514377029,0.00008176135768163559,0.99912551440329211427,348.83789
G,0.26384406658399700563,0.00008578441153718990,0.99912551440329211427,348.83789
G,0.30978533415044501309,0.00007859405188122684,0.99835390946502045040,348.83789
G,0.25793203056758445824,0.00009007050593359680,0.99912551440329211427,348.83789
G,0.26067339017615698271,0.00008683292752295797,0.99917635658914727426,370.37109
G,0.27756774457855021288,0.00006206120721360173,0.99689018464528655894,369.29443
G,0.27339619787348912183,0.00006177533026068789,0.99689018464528655894,369.29443
G,0.29903491285690370072,0.00006865417417320930,0.99554263565891465415,370.37109
G,0.34388453898728588154,0.00006699523789867316,0.99772286821705424842,370.37109
G,0.24565613506351988149,0.00007926599324938105,0.99626937984496133360,370.37109
G,0.28229171119761797826,0.00007555535912534246,0.99710144927536226156,396.21094
G,0.31552318503980203435,0.00004935651183941816,0.99781420765027317721,394.05762
G,0.32844132561690886352,0.00004917350742117492,0.99931506849315065999,392.98096
G,0.32657231964025901227,0.00005392061060369431,0.99781420765027317721,394.05762
G,0.28857368121527054994,0.00006728351582729035,0.99908675799086754665,392.98096
G,0.31698761427073351982,0.00005848944802367895,0.99781420765027317721,394.05762
G,0.25974199383723273193,0.00008765177635879457,0.99757281553398058360,415.85999
G,0.38277585871298397402,0.00007063783615479136,0.99891774891774898215,414.51416
G,0.35493726477470677327,0.00005427148548564119,1.00244299674267089983,413.16833
G,0.28169776171556010214,0.00006256932882546549,1.00000000000000000000,414.51416
G,0.30557458984816482372,0.00007437319286205245,1.00000000000000000000,414.51416
G,0.32716961861717314131,0.00005027271186287921,0.99837662337662336220,414.51416
G,0.26149034806676629827,0.00007420435121622175,0.99795501022494892407,438.73901
G,0.28877954424859836324,0.00004908425711620219,0.99795501022494892407,438.73901
G,0.36416112346111650933,0.00005606193045756090,1.01482617586912082785,438.73901
G,0.24053357784025197752,0.00005830008960617528,0.99871794871794872250,437.39319
G,0.28953854762213743212,0.00005410318307479855,0.99591002044989773712,438.73901
G,0.26527584582401880775,0.00005895137965875749,0.99931623931623925206,437.39319
G,0.26324973621493641396,0.00005565910027958202,0.99782608695652175168,464.30969
G,0.26060785599120733780,0.00005177112985988418,0.99685990338164254254,464.30969
G,0.25898042856521052979,0.00004541487250475776,1.00000000000000000000,462.96387
G,0.26420325810640860054,0.00004526075041771224,0.99782608695652175168,464.30969
G,0.25711266982252833913,0.00004531603210322670,1.00000000000000000000,462.96387
G,0.26727646012648981211,0.00004336001742002003,0.99637681159420299348,464.30969
G,0.25825426564323816780,0.00005031597369386427,0.99939117199391169777,491.22620
G,0.28324761831588574079,0.00004501384463772793,0.99661246612466125594,496.60950
G,0.29283314137552257650,0.00005401395622270463,0.99592391304347827052,495.26367
G,0.27738428172857787501,0.00005710340142176361,0.99704813805631242740,493.91785
G,0.28814369559585123470,0.00004886457670804373,1.00068119891008167066,493.91785
G,0.33167574346712302980,0.00005890638713272602,0.99661246612466125594,496.60950
G,0.21258231429330609608,0.00010392544090330058,0.99771689497716897765,523.97461
G,0.21123366970476037396,0.00005548026435633613,1.00000000000000000000,522.18018
G,0.20050094080476504876,0.00004918732714779396,0.99771689497716897765,523.97461
G,0.18937872083585485794,0.00006110646898768438,0.99771689497716897765,523.97461
G,0.18975454063040103625,0.00005448085039913529,1.00000000000000000000,522.18018
G,0.18803010872751257931,0.00006119528986346209,0.99771689497716897765,523.97461
G,0.18950344356752540920,0.00005469514109971211,0.99784946236559146637,556.27441
G,0.18341206278271732222,0.00004984796782421162,0.99784946236559146637,556.27441
G,0.16696081491643405270,0.00005323330226324551,0.99784946236559146637,556.27441
G,0.18313062141890384948,0.00004908416762364219,0.99571275455519836495,558.06885
G,0.17037615718572626800,0.00006188249219631889,1.00000000000000000000,554.47998
G,0.18953537621064486807,0.00005190344371193802,0.99838187702265379642,554.47998
G,0.12192972359433017215,0.00007171903890294973,1.00000000000000000000,586.77979
G,0.20368888581550112504,0.00004393343801431925,0.99746707193515715684,590.36865
G,0.14544589508798930200,0.00005267661160349943,0.99796747967479682018,588.57422
G,0.17535004755008506971,0.00005708282725032153,0.99847094801223246208,586.77979
G,0.16756623344244889195,0.00005946412188295291,0.99847094801223246208,586.77979
G,0.17544117124476693581,0.00005726083140312390,0.99744376278118618284,584.98535
G,0.14494510410211466911,0.00005014767369877258,0.99855072463768124180,619.07959
G,0.14336937825090845244,0.00004687830688248744,0.99808978032473738562,626.25732
G,0.11745140579382867818,0.00006858419758238965,0.99783549783549785328,621.77124
G,0.14796655081140089316,0.00005408602699055879,0.99856321839080453007,624.46289
G,0.14814192246622506777,0.00005118108747221760,0.99856321839080453007,624.46289
G,0.14638438927887978402,0.00005142357039489339,0.99856321839080453007,624.46289
G,0.09999924573790611171,0.00006285828442056136,1.00000000000000000000,656.76270
G,0.16766354019866919201,0.00005096249427552085,0.99682107175295175949,658.55713
G,0.12071483316359447879,0.00004880020031588321,0.99818346957311521184,658.55713
G,0.12382270622466734489,0.00005369854605026828,0.99818346957311521184,658.55713
G,0.13434872175784573489,0.00004522905957965348,0.99637681159420277144,660.35156
G,0.13660539381154337968,0.00005446413112798840,0.99593495934959352933,662.14600
G,0.09366352934549662668,0.00006795883661514809,0.99808429118773944744,702.52075
G,0.10897303612761033431,0.00006554821680757777,1.00000000000000000000,699.82910
G,0.09102694114169702921,0.00006301041893113797,1.00000000000000000000,699.82910
G,0.11067848409456634839,0.00006501006330442296,1.00000000000000000000,699.82910
G,0.10438850263366834803,0.00006754148349538362,0.99808429118773944744,702.52075
G,0.11051307537358089073,0.00007284757857655120,0.99808429118773944744,702.52075
G,0.16009510807131774324,0.00006290565491323189,1.00000000000000000000,742.89551
G,0.08885322138353790589,0.00006656870048885939,0.99819494584837542561,745.58716
G,0.08818570894122790271,0.00006474555651247569,0.99819494584837542561,745.58716
G,0.47708540927778125829,0.00006655911628860818,0.99819494584837542561,745.58716
G,0.09970313957670547123,0.00006340645177656998,0.99819494584837542561,745.58716
G,0.08999300048227934501,0.00006429551574752652,0.99819494584837542561,745.58716
G,0.07105034848693773941,0.00006528169609240130,0.99828178694158076212,783.27026
G,0.12025294520618055871,0.00006825966806515480,0.99655172413793102759,780.57861
G,0.06736356196413489927,0.00006417333718973437,1.00000000000000000000,780.57861
G,0.07899322838759227638,0.00006900252716972281,1.00000000000000000000,780.57861
G,0.08020925088733520114,0.00006336695170009967,1.00000000000000000000,780.57861
G,0.08939365356908100801,0.00007014109739627764,0.99828178694158076212,783.27026
G,0.96739430659973002502,0.00007302533560174785,0.99610170309258450061,196.78955
G,0.51397510929003831226,0.00009341925370190537,0.99653591933227181343,196.78955
G,0.49074356994294493495,0.00008970845089229171,0.99610170309258450061,196.78955
G,0.62453409080549771026,0.00008206487011503176,0.99610170309258450061,196.78955
G,0.83284662507811713095,0.00006910334331159956,0.99483523906016302352,196.78955
G,0.45937789925272376479,0.00009810348162669594,0.99519569009550801209,197.02881
G,0.35539775597496525705,0.00010221146120412790,0.99763724018738342281,208.75244
G,5.52848244503705732456,0.00010000000000000000,1.00000000000000000000,199.18213
G,0.51143641117089089221,0.00007577152048757199,0.99763724018738342281,208.75244
G,0.46404211830272645845,0.00008083222057530283,0.99763724018738342281,208.75244
G,0.39288416775616630261,0.00008960489105900998,0.99763724018738342281,208.75244
G,0.45072158851293703252,0.00008333065288232218,0.99763724018738342281,208.75244
G,0.56735269707514635051,0.00007064608078089441,0.99763724018738342281,208.75244
G,0.32793361913358237691,0.00008112134395753173,0.99624098124098126039,222.06116
G,0.32871011006241718233,0.00007829409476109469,0.99734042553191493141,221.38824
G,0.33670540538283350029,0.00007932094383938341,0.99734042553191493141,221.38824
G,0.59168727882539251528,0.00005788338030442702,1.00000000000000000000,220.71533
G,0.56770398765764751303,0.00005430960436636127,1.00000000000000000000,220.71533
G,0.38653084066534837415,0.00006936048512340750,0.99734042553191493141,221.38824
G,0.37297160988905442291,0.00006904166285712091,0.99639436234263822900,234.17358
G,0.36292873720028678841,0.00006692740265770784,0.99639436234263822900,234.17358
G,0.40710645918630550266,0.00005936995076773231,0.99639436234263822900,234.17358
G,0.36064170406181444983,0.00007190030338216040,0.99639436234263822900,234.17358
G,0.61316973486835135709,0.00004560147193015394,0.99890558528887052336,233.50067
G,0.29965186666176008012,0.00008974669045443973,0.99639436234263822900,234.17358
G,0.37547200515426254475,0.00006610557333105732,0.99762872628726284585,248.30475
G,0.36159781841574240024,0.00006424759939657500,0.99762872628726284585,248.30475
G,0.34367468940279710665,0.00006839225031494862,0.99762872628726284585,248.30475
G,0.30791137604985396869,0.00008940463203216269,0.99762872628726284585,248.30475
G,0.32647567580754943695,0.00008497800192354845,0.99762872628726284585,248.30475
G,0.29437944510440700041,0.00009085472260356503,0.99801587301587302292,248.30475
G,0.23261337655407371416,0.00014804704311147836,0.99826649958228907966,263.01270
G,0.27609656059780979254,0.00013316666920636428,0.99790448343079918292,263.01270
G,0.26664777129327388305,0.00013230391624925958,0.99805880441845351569,263.01270
G,0.31222062982581011426,0.00011469669194262198,0.99760396361273562249,263.01270
G,0.47306908688188537004,0.00007323188314935691,0.99977168949771699769,261.98730
G,0.25779378280794262857,0.00014266672455044775,0.99969976260298842874,262.24365
G,0.26071917170363861915,0.00013900872870086872,1.00059139784946249385,278.13721
G,0.28647056645451574042,0.00010853449224526431,0.99391315754952114236,279.16260
G,0.35429156818993223776,0.00007360385215235676,0.99668909114892489942,277.62451
G,0.29562619856503757898,0.00009694691066902553,0.99626414101552207558,278.39355
G,0.31229956748878306971,0.00008826682271997824,0.99902657195474853236,278.39355
G,0.28659433677695322906,0.00009829527617377686,0.99626414101552207558,278.39355
G,0.30354003674047591588,0.00007746833874132146,0.99573170731707316694,294.28711
G,0.29405385688611063166,0.00008239484180454501,0.99321175278622086946,295.18433
G,0.30737191510230055247,0.00007797404032261826,0.99674796747967475685,294.28711
G,0.34135443811494986521,0.00008448259735377889,0.99573170731707316694,294.28711
G,0.30553192675563423109,0.00009065702460145398,0.99674796747967475685,294.28711
G,0.35978010947038746581,0.00008217718480084408,0.99573170731707316694,294.28711
G,0.32639193725791365575,0.00005847140884907171,0.99594078319006673627,313.12866
G,0.32605147486567909176,0.00006098934418776031,0.99688697318007657433,312.23145
G,0.31424779597244911766,0.00006129430056531023,0.99774904214559390070,312.23145
G,0.31878614211093636577,0.00006129685961872239,0.99688697318007657433,312.23145
G,0.26310563634606015659,0.00007969601864161473,1.00074971164936554757,311.15479
G,0.39895930881851965344,0.00006007928454883913,0.99901960784313725839,311.15479
G,0.32462135903167610440,0.00005154745231023203,0.99498644986449857885,331.07300
G,0.32341352053829192092,0.00005067544055279226,0.99588979223125562168,331.07300
G,0.28339367693027195383,0.00005475163566471485,0.99723731884057975616,330.17578
G,0.32084985742740762538,0.00005177784005745453,0.99498644986449857885,331.07300
G,0.26597626102168592244,0.00007541841876489359,0.99820261437908508473,329.45801
G,0.29358563184924396650,0.00006365139809854251,0.99669384057971022184,330.17578
G,0.33752857139570968670,0.00005204525187822738,0.99669384057971022184,330.17578
G,0.31229936338491709469,0.00006341089887088012,0.99754601226993866447,350.99121
G,0.28167554231509256413,0.00005638829849599200,0.99754601226993866447,350.99121
G,0.29419289841683954334,0.00006850873037442514,0.99754601226993866447,350.99121
G,0.31653725296747675655,0.00005825187898531703,0.99754601226993866447,350.99121
G,0.30697725274295584175,0.00005380063503003527,0.99689092762487274690,352.06787
G,0.33011527766798892669,0.00005136299262036104,1.00000000000000000000,349.91455
G,0.28731450752230380807,0.00009181646627149043,0.99917635658914727426,370.37109
G,0.31342754871464034716,0.00006233705728963503,0.99580335731414870715,374.13940
G,0.31410291271187573692,0.00009277512428037820,0.99626937984496133360,370.37109
G,0.30424373157629880371,0.00006375302413465056,0.99457364341085274795,370.37109
G,0.31268514011104531214,0.00006026397248456284,0.99768786127167641276,372.52441
G,0.35371996160376084628,0.00007463166834881227,0.99969696969696975053,370.10193
G,0.29642664786205463745,0.00006948089208979530,1.00000000000000000000,392.98096
G,0.34860720074988765793,0.00005008944400089431,0.99574275362318842575,396.21094
G,0.31970743387774303024,0.00005967098764883656,0.99840182648401820664,392.98096
G,0.39512122895011370094,0.00005019509760556249,0.99703196347031963764,392.98096
G,0.34100733655251558307,0.00004477543234113630,0.99918032786885258023,394.05762
G,0.30236755944411775054,0.00005749662409768735,0.99771689497716897765,392.98096
G,0.32130405496961778056,0.00004917223431055647,0.99516129032258060505,417.20581
G,0.44174379689584714059,0.00004520267774726747,0.99623655913978492737,417.20581
G,0.45547123089664642848,0.00004956357415432502,1.00350593311758351511,415.85999
G,0.35968943693811489259,0.00004864162349222897,1.00000000000000000000,414.51416
G,0.28100448944054451372,0.00006566274614960540,1.00000000000000000000,414.51416
G,0.36632042622500421425,0.00005514380674303458,0.99757281553398058360,415.85999
G,0.29059932214589301314,0.00006523953088946923,0.99668705402650359382,440.08484
G,0.33196858929643885405,0.00006179517679221028,0.99339430894308944353,441.43066
G,0.30097069100302753508,0.00006339762470936786,0.99668705402650359382,440.08484
G,0.34102960188780467865,0.00005932297483890222,0.99974515800203866966,440.08484
G,0.33538058007167481644,0.00006681162378475713,0.99592252803261971383,440.08484
G,0.31847716639272938277,0.00006801423883358682,0.99339430894308944353,441.43066
G,0.27192694522949556468,0.00005251601084475939,0.99687800192122955067,467.00134
G,0.27297140272833630981,0.00004866840689218852,0.99903660886319844980,465.65552
G,0.28069539395788928315,0.00004677299436784916,0.99687800192122955067,467.00134
G,0.27375318931918685150,0.00005144931207061759,0.99687800192122955067,467.00134
G,0.26398212477943000520,0.00005206308487778854,0.99687800192122955067,467.00134
G,0.26662756432066808676,0.00005200731680605819,0.99903660886319844980,465.65552
G,0.21908111794983461951,0.00005735026661294096,1.00000000000000000000,495.26367
G,0.25673060813510406586,0.00005962340500561582,1.00000000000000000000,495.26367
G,0.25755231534648959091,0.00005980612510666804,1.00000000000000000000,495.26367
G,0.25441758782277473783,0.00004555303820952020,0.99704813805631242740,493.91785
G,0.19135615043773401833,0.00006924622021984419,0.99501811594202904665,495.26367
G,0.22358431375579607137,0.00005769500718147020,0.99661246612466125594,496.60950
G,0.16319014300332970735,0.00005489529919272218,0.99771689497716897765,523.97461
G,0.18249411978757451580,0.00005428475887787272,1.00000000000000000000,522.18018
G,0.16280658686336366148,0.00005838041381458478,1.00000000000000000000,522.18018
G,0.14914611307403113916,0.00007638728886406262,1.00000000000000000000,522.18018
G,0.20745090062145665755,0.00005214341057436843,0.99771689497716897765,523.97461
G,0.15136195339040720009,0.00006001344373939271,0.99771689497716897765,523.97461
G,0.19242047446577043024,0.00004904284010379503,0.99838187702265379642,554.47998
G,0.11169190706832951565,0.00007807266453419237,1.00000000000000000000,554.47998
G,0.17473894437892667497,0.00005016499632714176,0.99787007454739085066,561.65771
G,0.16891934265017549688,0.00005225608140389392,0.99838187702265379642,554.47998
G,0.16115359587734712221,0.00005587029065154293,0.99784946236559146637,556.27441
G,0.16489044566331692576,0.00005406425954230382,0.99784946236559146637,556.27441
G,0.13621201887044989687,0.00006095772979096878,0.99746707193515715684,590.36865
G,0.16776386053954475686,0.00005697517518683064,0.99796747967479682018,588.57422
G,0.15942781870923700138,0.00006517053266039211,0.99847094801223246208,586.77979
G,0.16018194479383995876,0.00005579435563619302,0.99746707193515715684,590.36865
G,0.15308494372178074738,0.00006481723417176424,0.99796747967479682018,588.57422
G,0.16062420443359842759,0.00005797919500094925,0.99796747967479682018,588.57422
G,0.18887118589409032654,0.00005167144627465185,0.99568965517241381225,624.46289
G,0.13100960030629446584,0.00005072253456684883,0.99808978032473738562,626.25732
G,0.16726053852246827724,0.00005640460556193884,0.99568965517241381225,624.46289
G,0.15450098999841468950,0.00004555638743471031,0.99808978032473738562,626.25732
G,0.14930445598380223671,0.00005877762975271032,0.99856321839080453007,624.46289
G,0.13432663811988770908,0.00005032770863853004,0.99808978032473738562,626.25732
G,0.11420968289568850240,0.00006614777031788386,1.00000000000000000000,662.14600
G,0.11052129893273984762,0.00006334364171734481,1.00000000000000000000,656.76270
G,0.13329338776860799598,0.00005183837542891580,0.99773550724637682929,660.35156
G,0.13411667350383585373,0.00004523183194823190,0.99637681159420277144,660.35156
G,0.13733925669391749969,0.00004851311891583996,0.99637681159420277144,660.35156
G,0.16130677525750092283,0.00004785765529783934,1.00000000000000000000,656.76270
G,0.14303388148619600173,0.00006903808259861692,1.00000000000000000000,699.82910
G,0.11813453469102083715,0.00006460987917860313,0.99806949806949807336,697.13745
G,0.11464239335348970494,0.00007246544730863487,0.99806949806949807336,697.13745
G,0.11116519613940091527,0.00007257719744532606,0.99806949806949807336,697.13745
G,0.12761045495371287073,0.00007029136559290283,0.99806949806949807336,697.13745
G,0.10574031700957899071,0.00007443173657524872,1.00000000000000000000,699.82910
G,0.14088136731593300932,0.00007289813555343099,1.00000000000000000000,699.82910
G,0.11374701154421511251,0.00006243353792449298,0.99816849816849817500,734.82056
G,0.08332092253096402834,0.00006915691820480428,1.00000000000000000000,737.51221
G,0.08737593600973457553,0.00006892527840583747,0.99818181818181817011,740.20386
G,0.08079954230272949622,0.00006612474672271032,0.99818181818181817011,740.20386
G,0.10316938461991083387,0.00006160430283868665,0.99818181818181817011,740.20386
G,0.09045728378494985455,0.00006631262663945593,1.00000000000000000000,737.51221
G,0.06721623813120189417,0.00006934490755411285,1.00000000000000000000,785.96191
G,0.06256489840043638617,0.00006425956694957168,1.00000000000000000000,785.96191
G,0.05802403407390854112,0.00006826922916388048,1.00000000000000000000,785.96191
G,0.06351260712879978898,0.00006680188772295897,1.00000000000000000000,785.96191
G,0.11690440020971733237,0.00006730627332026797,0.99828178694158076212,783.27026
G,0.07131412144909073103,0.00006651486313519286,1.00000000000000000000,785.96191
h_E,0.75104651365836372356,0.00008612150664002515,0.99986376021798362146,329.27856
h_E,0.62355905896701613322,0.00011101745887085676,0.99929193899782120525,329.45801
h_E,0.63996224215693142678,0.00010655492932781030,0.99929193899782120525,329.45801
h_E,0.41561906868637155110,0.00011203691844469659,1.00000000000000000000,349.91455
h_E,0.72949416240606157480,0.00008227644021345831,1.00169753086419754950,348.83789
h_E,0.62781872870871380243,0.00009220012312092993,1.00169753086419754950,348.83789
h_E,0.61812507813806683021,0.00008797628356847618,1.00289575289575294548,348.56873
h_E,0.59996684817038203885,0.00008025859033753793,1.00000000000000000000,349.91455
h_E,0.50182508935641745307,0.00008319881776452610,1.00062984496124030009,370.37109
h_E,0.54430667685605504946,0.00007991898926174872,1.00062984496124030009,370.37109
h_E,0.71465383023402784257,0.00006554218290149258,1.00062984496124030009,370.37109
h_E,0.60608001294636326683,0.00008028628229557365,1.00062984496124030009,370.37109
h_E,0.69349933361413729216,0.00006097337022392345,0.99917635658914727426,370.37109
h_E,0.75503577266750887542,0.00004797833135504807,0.99922161172161172438,391.90430
h_E,0.57935190434391892200,0.00006559179248976736,0.99922161172161172438,391.90430
h_E,0.45933892035598483661,0.00005783338174057626,1.00059523809523809312,391.90430
h_E,0.64846701814387808227,0.00007635603476825991,0.99922161172161172438,391.90430
h_E,0.61970233888435310998,0.00010585775491933272,1.00059523809523809312,391.90430
h_E,0.47123150030822330558,0.00004771387954369045,0.99971363115693012702,391.63513
h_E,0.57330600795587449703,0.00009935427760670818,0.98570658036677460956,415.85999
h_E,0.81225990921948054702,0.00009875252704148893,0.98701298701298700866,414.51416
h_E,0.51095066143858436369,0.00019242297902381380,0.98462783171521039982,415.85999
h_E,0.52045688436382042674,0.00052363992256207199,0.99350649350649344882,414.51416
h_E,0.28580277036548001890,0.00010578654555574168,0.99974515800203866966,440.08484
h_E,0.45861273024089077577,0.00010846039521767113,1.00068027210884369360,439.63623
h_E,0.39271450301345950384,0.00009128063775024482,1.00204498977505118695,438.73901
h_E,0.44601711435204982603,0.00011262945543223183,0.99659863945578230915,439.63623
h_E,0.41294202136008284487,0.00009238982043258697,1.00204498977505118695,438.73901
h_E,0.47197146408757645331,0.00006584146065344041,0.99795501022494892407,438.73901
h_E,0.30216192051791979090,0.00010049853453964802,0.99807321772639689961,465.65552
h_E,0.51523807814388078441,0.00005950087617607788,0.99807321772639689961,465.65552
h_E,0.42570998255254710596,0.00007537592196133821,1.00024154589371994106,464.30969
h_E,0.53640662592810328668,0.00004921586267733415,1.00024154589371994106,464.30969
h_E,0.39971721172899998820,0.00007659229805347037,1.00024154589371994106,464.30969
h_E,0.57283660487356435898,0.00004510765200168145,0.99879227053140096082,464.30969
h_E,0.35881938806282126508,0.00007104493843281627,1.00022831050228311334,491.22620
h_E,0.57694113149661485629,0.00005280068965079053,1.00022831050228311334,491.22620
h_E,0.35721236892324009782,0.00007467865070719354,1.00022831050228311334,491.22620
h_E,0.39591063468791926061,0.00005791555963394768,1.00022831050228311334,491.22620
h_E,0.31852238705489049897,0.00008216652015088773,1.00022831050228311334,491.22620
h_E,0.48151655009420751830,0.00005848804479341090,0.99817850637522764767,492.57202
h_E,0.56062107010278716679,0.00005075073799406673,1.00000000000000000000,522.18018
h_E,0.46656796937447048146,0.00005494628139826524,1.00000000000000000000,522.18018
h_E,0.38250678004485322292,0.00006354257924575997,1.00000000000000000000,522.18018
h_E,0.45605499573065022556,0.00005316022153319881,1.00000000000000000000,522.18018
h_E,0.27063040721258990740,0.00007353954280915785,1.00000000000000000000,522.18018
h_E,0.41794024828481257661,0.00005476722988527977,1.00000000000000000000,522.18018
h_E,0.43917921032790047109,0.00006563127550935038,0.99729437229437234436,552.68555
h_E,0.34496471327281807984,0.00007176367106962416,1.00054112554112539790,552.68555
h_E,0.25804570732602244432,0.00009524455194752554,1.00054112554112539790,552.68555
h_E,0.32995158177910099973,0.00007472750721683265,0.99729437229437234436,552.68555
h_E,0.28333696671303776338,0.00009321395039658432,1.00054112554112539790,552.68555
h_E,0.37089958041553566792,0.00006623348178959314,0.99945711183496188657,550.89111
h_E,0.25648713598653921641,0.00006585358502674243,1.00000000000000000000,586.77979
h_E,0.29855398476473382630,0.00007121276980174905,1.00000000000000000000,586.77979
h_E,0.26767300307310165630,0.00006708798619916049,1.00000000000000000000,586.77979
h_E,0.33079784793050054370,0.00005870404173544863,1.00000000000000000000,586.77979
h_E,0.40815503992726404059,0.00005501301520123746,1.00000000000000000000,586.77979
h_E,0.34972397841341595903,0.00005618244205244689,1.00204498977505118695,584.98535
h_E,0.61255239182656318064,0.00005748311279260516,1.00000000000000000000,619.07959
h_E,0.43140136538780582409,0.00005336022092093390,1.00193798449612403445,617.28516
h_E,0.39173503032590351047,0.00005041564736703287,1.00193798449612403445,617.28516
h_E,0.44509060900501551394,0.00005036350887227189,1.00193798449612403445,617.28516
h_E,0.38349300696768828800,0.00005136784393967032,1.00193798449612403445,617.28516
h_E,0.41352756550874208985,0.00005633883255629620,1.00048449612403111963,617.28516
h_E,0.32478901600022719309,0.00006689819309105378,0.99795918367346936328,659.45435
h_E,0.44315284156367995561,0.00004597703118871158,0.99818346957311521184,658.55713
h_E,0.22791817134541408896,0.00006055073273622550,1.00000000000000000000,656.76270
h_E,0.27034207151243822009,0.00005780009393332286,1.00000000000000000000,656.76270
h_E,0.27467810676489939903,0.00005524846340852269,1.00000000000000000000,656.76270
h_E,0.28339612878078646041,0.00005583380618992274,0.99818346957311521184,658.55713
h_E,0.26333200535659606611,0.00006736389700416510,1.00000000000000000000,694.44580
h_E,0.26868819074633532029,0.00006581943819004722,0.99806949806949807336,697.13745
h_E,0.22741358535282418796,0.00007766973468453487,0.99806949806949807336,697.13745
h_E,0.27053880612230335467,0.00007159281139853892,0.99806949806949807336,697.13745
h_E,0.23435819098328455889,0.00007781782023545545,1.00193050193050181562,697.13745
h_E,0.26109187492423896471,0.00008301840494605586,0.99806949806949807336,697.13745
h_E,0.22571941844950632605,0.00007167713223978202,1.00000000000000000000,737.51221
h_E,0.22046122301333240245,0.00007156350563721797,1.00000000000000000000,737.51221
h_E,0.22458142498353272920,0.00006898145360753712,1.00000000000000000000,737.51221
h_E,0.24697360690806138828,0.00006373642047872251,1.00000000000000000000,737.51221
h_E,0.21470124753649533211,0.00007141835722618270,1.00000000000000000000,737.51221
h_E,0.24970710420630179427,0.00006454859395891286,1.00000000000000000000,737.51221
h_E,1.40682285374746296469,0.00004553980865494705,0.98183391003460207536,777.88696
h_E,0.22089938834093703068,0.00007600229673773894,0.99828178694158076212,783.27026
h_E,0.24710261753682016828,0.00006240245304615361,1.00000000000000000000,780.57861
h_E,0.20809966209421140726,0.00006604701927268668,1.00000000000000000000,780.57861
h_E,0.26480502255290822022,0.00006500396076530850,1.00000000000000000000,780.57861
h_E,0.15746401056806355601,0.00007233721508768197,1.00000000000000000000,829.02832
h_E,0.28442381173471870115,0.00005992666536528264,0.99838187702265379642,831.71997
h_E,0.17439449777358106974,0.00008177624618409423,1.00161812297734620358,831.71997
h_E,0.26678647834585000886,0.00006305178235138268,0.99838187702265379642,831.71997
h_E,0.26537562475222242764,0.00006021473774344668,0.99838187702265379642,831.71997
h_E,0.18261090969645399351,0.00006403367448259738,1.00152905198776753792,880.16968
h_E,0.18202692108729745524,0.00010000000000000000,1.00000000000000000000,877.47803
h_E,0.18375632700895067062,0.00006116691276962989,1.00000000000000000000,877.47803
h_E,0.23495445829718472619,0.00005652158808559358,1.00000000000000000000,877.47803
h_E,0.19979154011912458877,0.00005929778129476200,1.00000000000000000000,877.47803
h_E,0.23667034358816532724,0.00005668559996405680,1.00000000000000000000,877.47803
h_E,0.17020326010017000629,0.00006489781464369945,1.00000000000000000000,931.31104
h_E,0.16503590386168154325,0.00010000000000000000,1.00000000000000000000,931.31104
h_E,0.12556535489959466667,0.00010000000000000000,1.00000000000000000000,931.31104
h_E,0.15543532160072462411,0.00010000000000000000,1.00000000000000000000,931.31104
h_E,0.21810168960627770995,0.00005484804468831416,1.00144927536231875820,928.61938
h_E,0.21802076021538494000,0.00005682963369822303,1.00144927536231875820,928.61938
h_E,0.14616706722847197519,0.00006720472646028692,1.00000000000000000000,985.14404
h_E,0.20759045494474959170,0.00005526158322210797,1.00000000000000000000,985.14404
h_E,0.16815378597615684986,0.00006005554480981900,1.00000000000000000000,985.14404
h_E,0.20548424592272107603,0.00005501749341410051,1.00000000000000000000,985.14404
h_E,0.14424798892203136158,0.00006658583458902117,1.00000000000000000000,985.14404
h_E,0.11936332274107211426,0.00010000000000000000,1.00000000000000000000,985.14404
h_E,0.11126412539144760194,0.00010000000000000000,1.00000000000000000000,1049.74365
h_E,0.11492861028884419905,0.00010000000000000000,1.00000000000000000000,1049.74365
h_E,0.11524214823477249570,0.00010000000000000000,1.00000000000000000000,1049.74365
h_E,0.11841527714710547992,0.00010000000000000000,1.00000000000000000000,1049.74365
h_E,0.14013917361361893921,0.00010000000000000000,1.00000000000000000000,1044.36035
h_E,0.14540094391792593442,0.00010000000000000000,1.00000000000000000000,1049.74365
h_E,0.12476327173447977759,0.00010000000000000000,1.00000000000000000000,1114.34326
h_E,0.13310610139590031697,0.00010000000000000000,1.00000000000000000000,1108.95996
h_E,0.12557307393419453456,0.00010000000000000000,1.00000000000000000000,1103.57666
h_E,0.11736486885572974814,0.00010000000000000000,1.00000000000000000000,1103.57666
h_E,0.10302726338382782456,0.00010000000000000000,1.00000000000000000000,1178.94287
h_E,0.12276673687159800341,0.00010000000000000000,1.00000000000000000000,1178.94287
h_E,0.12367915352890819503,0.00010000000000000000,1.00000000000000000000,1184.32617
h_E,0.11603955650350558648,0.00010000000000000000,1.00000000000000000000,1178.94287
h_E,0.09256475678355675918,0.00010000000000000000,1.00000000000000000000,1178.94287
h_E,0.21088238604918194130,0.00010000000000000000,1.00000000000000000000,1178.94287
h_E,0.08358864655903433527,0.00010000000000000000,1.00000000000000000000,1238.15918
h_E,0.11085785017931527874,0.00010000000000000000,1.00000000000000000000,1243.54248
h_E,0.08298883870391175754,0.00010000000000000000,1.00000000000000000000,1243.54248
h_E,0.11152087457405909787,0.00010000000000000000,1.00000000000000000000,1243.54248
h_E,0.10281198466871563357,0.00010000000000000000,1.00000000000000000000,1243.54248
h_E,0.09661789977459654677,0.00010000000000000000,1.00000000000000000000,1238.15918
h_E,0.09844776307132219184,0.00010000000000000000,1.00000000000000000000,1313.52539
h_E,0.07333217902834818225,0.00010000000000000000,1.00000000000000000000,1318.90869
h_E,0.06440065826932621362,0.00010000000000000000,1.00000000000000000000,1318.90869
h_E,0.09754309760935223061,0.00010000000000000000,1.00000000000000000000,1318.90869
h_E,0.08075801982468841511,0.00010000000000000000,1.00000000000000000000,1318.90869
h_E,0.07473703093352540572,0.00010000000000000000,1.00000000000000000000,1318.90869
h_E,0.70588552589851416563,0.00009606791408963204,0.99929193899782120525,329.45801
h_E,0.74389199648981585433,0.00009053851639171622,0.99929193899782120525,329.45801
h_E,0.73339251588770004719,0.00006928656501843468,0.99986376021798362146,329.27856
h_E,0.58692020994500115894,0.00009939727169673461,0.99929193899782120525,329.45801
h_E,0.63606880030017598493,0.00008770515395777639,1.00169753086419754950,348.83789
h_E,0.63621675660353982362,0.00009032303737509692,1.00150631681243917903,369.29443
h_E,0.61175335314072842863,0.00009040083741557943,1.00150631681243917903,369.29443
h_E,0.54066577350707833993,0.00008601086797514433,1.00150631681243917903,369.29443
h_E,0.49697664528483631585,0.00009099988642522924,1.00150631681243917903,369.29443
h_E,0.71547484828641461085,0.00007533432447380061,1.00150631681243917903,369.29443
h_E,0.41508205438175560520,0.00008819559256608606,0.99971363115693012702,391.63513
h_E,0.59111023417009311842,0.00007282936966456658,0.99922161172161172438,391.90430
h_E,0.58254120263019704140,0.00009237186787001000,0.99971363115693012702,391.63513
h_E,0.57925305509411884053,0.00006831138958580610,0.99971363115693012702,391.63513
h_E,0.49908926218966065402,0.00021906534606627712,0.99350649350649344882,414.51416
h_E,0.58118049059292908876,0.00030933696617818900,0.99350649350649344882,414.51416
h_E,0.55952439550656885014,0.00064312682203833903,0.99350649350649344882,414.51416
h_E,0.47614520230711038229,0.00008332465886684588,1.00000000000000000000,414.51416
h_E,0.39937251871714812834,0.00009090813405406706,1.00000000000000000000,414.51416
h_E,0.97508707653837800589,0.00005712063055508395,0.99863667348329931972,438.73901
h_E,0.58543303374170230224,0.00009362472381234000,1.00204498977505118695,438.73901
h_E,0.56935122497650580975,0.00008959235540989996,1.00204498977505118695,438.73901
h_E,0.47971626735686800913,0.00008553443910910818,1.00204498977505118695,438.73901
h_E,0.34260266958609730814,0.00009245244719895934,0.99935649935649939479,464.75830
h_E,0.37597471199318582835,0.00009612724698866248,0.99935649935649939479,464.75830
h_E,0.40162056387973266158,0.00010055517826528123,0.99935649935649939479,464.75830
h_E,0.45168910784817856152,0.00006371570406682033,1.00022831050228311334,491.22620
h_E,0.38507846200196838016,0.00009171650291104143,0.99939172749391724793,491.67480
h_E,0.51428279820165090364,0.00005383795736595555,1.00000000000000000000,522.18018
h_E,0.44499707506997671080,0.00006173759905937765,1.00000000000000000000,522.18018
h_E,0.38603097105025035995,0.00006223704626498447,1.00000000000000000000,522.18018
h_E,0.48668660459787610462,0.00006047770551053844,1.00054112554112539790,552.68555
h_E,0.60859480049680780844,0.00005839902281617325,0.99729437229437234436,552.68555
h_E,0.47462829115290350313,0.00005612426460622780,1.00054112554112539790,552.68555
h_E,0.33492971776594776534,0.00006719693421189109,1.00054112554112539790,552.68555
h_E,0.44612015833321655434,0.00005782299954201682,1.00051124744376274123,584.98535
h_E,0.35721585153334717289,0.00006994956519209274,1.00000000000000000000,586.77979
h_E,0.39571199113840815897,0.00007049758298852940,1.00000000000000000000,586.77979
h_E,0.30438798956806784046,0.00006288493965316615,1.00000000000000000000,586.77979
h_E,0.28821353197334587115,0.00006807314742931836,1.00000000000000000000,586.77979
h_E,0.31464141395418138147,0.00005569022045372016,1.00000000000000000000,619.07959
h_E,0.66060772616274554547,0.00008516190066216425,0.99783549783549785328,621.77124
h_E,0.43020166664336068063,0.00005085645941255902,0.99951830443159916939,620.87402
h_E,0.49021487045906769753,0.00004561939828302364,0.99807321772639701063,620.87402
h_E,0.40119393139853393171,0.00005187961327195757,0.99951830443159916939,620.87402
h_E,0.34933458534417544117,0.00006742183066678178,0.99783549783549785328,621.77124
h_E,0.32844279810113985452,0.00005380465159590161,0.99818346957311521184,658.55713
h_E,0.32078052891489944320,0.00005354549394969174,1.00000000000000000000,656.76270
h_E,0.29391175004982905694,0.00005505297432978207,1.00000000000000000000,656.76270
h_E,0.34305602580188987449,0.00005162413558425448,0.99818346957311521184,658.55713
h_E,0.28904788515557966466,0.00005691418806495593,1.00000000000000000000,656.76270
h_E,0.30011179586456648849,0.00006570959040478373,0.99806949806949807336,697.13745
h_E,0.30419741013414886011,0.00007283781122934132,1.00193050193050181562,697.13745
h_E,0.29926464283564685465,0.00008415354368675967,1.00193050193050181562,697.13745
h_E,0.22920713847091761517,0.00007268402511176949,0.99806949806949807336,697.13745
h_E,0.29138750013535202887,0.00007056570105540149,0.99806949806949807336,697.13745
h_E,0.23962869299081507313,0.00007169580517965624,1.00000000000000000000,694.44580
h_E,0.23189895696615162035,0.00006522676915979148,1.00000000000000000000,737.51221
h_E,0.19875470010237047958,0.00007006702029732088,1.00000000000000000000,737.51221
h_E,0.20537929473624536025,0.00006741946971141424,1.00000000000000000000,737.51221
h_E,0.20589945721976593562,0.00007003331288795484,1.00000000000000000000,737.51221
h_E,0.38738082077296653871,0.00006521911785823664,1.00000000000000000000,737.51221
h_E,0.36011944548667329524,0.00005547259936306391,1.00183150183150182500,734.82056
h_E,0.21623658206772730650,0.00006658774360002253,1.00000000000000000000,780.57861
h_E,0.19116541147787660671,0.00006857446666546183,1.00000000000000000000,785.96191
h_E,0.20279756213039196178,0.00007005766259084418,1.00000000000000000000,780.57861
h_E,0.16564349330559061113,0.00007909246229901418,0.99838187702265379642,831.71997
h_E,0.21903974843730583677,0.00006535581172949410,0.99838187702265379642,831.71997
h_E,0.16930558920179031301,0.00007213006682180201,1.00000000000000000000,829.02832
h_E,0.19606856871484840132,0.00006703668610050050,1.00000000000000000000,829.02832
h_E,0.18336311830253268496,0.00006901239112206067,1.00000000000000000000,829.02832
h_E,0.19714643721554728217,0.00006841753709563859,1.00000000000000000000,829.02832
h_E,0.15644331077364537208,0.00007129479724065870,1.00000000000000000000,877.47803
h_E,0.18145562944159829288,0.00006270613894217712,1.00000000000000000000,877.47803
h_E,0.15542148569409719450,0.00006898262039674716,1.00000000000000000000,877.47803
h_E,0.22787618779377866174,0.00006011742138391152,1.00000000000000000000,877.47803
h_E,0.20187212370161058961,0.00007226349832570132,0.99847094801223246208,880.16968
h_E,0.22660742504414035925,0.00006315992769349892,1.00144092219020164336,934.00269
h_E,0.19094860741144525917,0.00006429304285563687,1.00000000000000000000,931.31104
h_E,0.23941460917370610550,0.00006219855138793937,0.99855907780979824562,934.00269
h_E,0.24536743843982461444,0.00005880325916413963,0.99855907780979824562,934.00269
h_E,0.34548684656060457687,0.00005584633538621632,0.99855907780979824562,934.00269
h_E,0.31283566505576793082,0.00006063203941055908,1.00144092219020164336,934.00269
h_E,0.15901854285159511271,0.00005906090103436331,1.00000000000000000000,985.14404
h_E,0.17366921501892015889,0.00005762993468132590,1.00000000000000000000,985.14404
h_E,0.25508972488923514765,0.00005516439448805582,0.99863760217983643663,987.83569
h_E,0.24243939522083848837,0.00005861765465517408,1.00136239782016334132,987.83569
h_E,0.21165683110814514922,0.00005969900678870423,1.00136239782016334132,987.83569
h_E,0.19761006893231369830,0.00005862210220054660,0.99863760217983643663,987.83569
h_E,0.14381194453997223071,0.00010000000000000000,1.00000000000000000000,1044.36035
h_E,0.15455155096910605517,0.00010000000000000000,1.00000000000000000000,1044.36035
h_E,0.11412463620097228201,0.00010000000000000000,1.00000000000000000000,1049.74365
h_E,0.11957955235274901618,0.00010000000000000000,1.00000000000000000000,1049.74365
h_E,0.12164644146560327220,0.00010000000000000000,1.00000000000000000000,1049.74365
h_E,0.10669960199584532790,0.00010000000000000000,1.00000000000000000000,1049.74365
h_E,0.10815482871792354846,0.00010000000000000000,1.00000000000000000000,1098.19336
h_E,0.10481925284416863942,0.00010000000000000000,1.00000000000000000000,1108.95996
h_E,0.07995656817469769251,0.00010000000000000000,1.00000000000000000000,1103.57666
h_E,0.11788466865589510013,0.00010000000000000000,1.00000000000000000000,1103.57666
h_E,0.11569716566282567394,0.00010000000000000000,1.00000000000000000000,1103.57666
h_E,0.10640973662114446008,0.00010000000000000000,1.00000000000000000000,1103.57666
h_E,0.08193664082288606987,0.00010000000000000000,1.00000000000000000000,1173.55957
h_E,0.08659707509122442637,0.00010000000000000000,1.00000000000000000000,1173.55957
h_E,0.09450518160969530179,0.00010000000000000000,1.00000000000000000000,1173.55957
h_E,0.09461723298613289312,0.00010000000000000000,1.00000000000000000000,1173.55957
h_E,0.09143331493160034018,0.00010000000000000000,1.00000000000000000000,1173.55957
h_E,0.08284998081209127285,0.00010000000000000000,1.00000000000000000000,1173.55957
h_E,0.07305385444835676978,0.00010000000000000000,1.00000000000000000000,1238.15918
h_E,0.06824914780670257586,0.00010000000000000000,1.00000000000000000000,1238.15918
h_E,0.07331768790626153054,0.00010000000000000000,1.00000000000000000000,1238.15918
h_E,0.07576044757104405392,0.00010000000000000000,1.00000000000000000000,1238.15918
h_E,0.07697406325301425767,0.00010000000000000000,1.00000000000000000000,1238.15918
h_E,0.06723884952850721353,0.00010000000000000000,1.00000000000000000000,1238.15918
h_E,0.06674776012723313001,0.00010000000000000000,1.00000000000000000000,1318.90869
h_E,0.06299189047230287219,0.00010000000000000000,1.00000000000000000000,1318.90869
h_E,0.06410711203717321671,0.00010000000000000000,1.00000000000000000000,1318.90869
h_E,0.06017540200502633635,0.00010000000000000000,1.00000000000000000000,1318.90869
h_E,0.06748157611587680960,0.00010000000000000000,1.00000000000000000000,1318.90869
h_E,0.05993354504029030361,0.00010000000000000000,1.00000000000000000000,1318.90869
